Player Name,Position,Team,Predicted_Target
Josh Allen,QB,BUF,331.5453300486109
Jalen Hurts,QB,PHI,307.3499484591229
Lamar Jackson,QB,BAL,295.50347263410356
Ja'Marr Chase,WR,CIN,284.71776970739944
Amon-Ra St. Brown,WR,DET,284.130689710177
Jahmyr Gibbs,RB,DET,272.1521471768016
Josh Jacobs,RB,GNB,269.10312709885784
Joe Burrow,QB,CIN,268.8611843408507
Jared Goff,QB,DET,266.57916271576204
Justin Jefferson,WR,MIN,264.7836710845357
CeeDee Lamb,WR,DAL,258.57089784438324
Bijan Robinson,RB,ATL,255.5457726928273
Baker Mayfield,QB,TAM,250.54750000936053
Derrick Henry,RB,BAL,249.43904227609568
Patrick Mahomes,QB,KAN,247.28310313219592
Saquon Barkley,RB,PHI,236.48073665643912
Tyreek Hill,WR,MIA,233.47862970253422
De'Von Achane,RB,MIA,227.57500031602234
Justin Herbert,QB,LAC,222.0894590194826
Kyren Williams,RB,LAR,219.14488960385893
James Cook,RB,BUF,215.39741245185294
Geno Smith,QB,SEA,212.81974545873865
Mike Evans,WR,TAM,210.64861857825193
David Montgomery,RB,DET,208.58949816132622
Jaxon Smith-Njigba,WR,SEA,204.60081827457077
Puka Nacua,WR,LAR,203.5449182099031
Alvin Kamara,RB,NOR,203.38964435317652
Aaron Jones,RB,MIN,197.74522403937632
A.J. Brown,WR,PHI,197.58310624510634
James Conner,RB,ARI,195.11010828633516
Joe Mixon,RB,HOU,194.65431000129192
Terry McLaurin,WR,WAS,194.37905340350167
Drake London,WR,ATL,193.4662623692756
Jordan Addison,WR,MIN,191.0904173648391
Jordan Love,QB,GNB,188.56705050047177
Garrett Wilson,WR,NYJ,187.87544469062132
Brock Purdy,QB,SFO,186.631398131075
Kyler Murray,QB,ARI,186.11550227946734
Jayden Reed,WR,GNB,185.49226711043153
D.J. Moore,WR,CHI,184.98353538610363
Rachaad White,RB,TAM,183.9622836263171
Tua Tagovailoa,QB,MIA,182.67840627961752
Jonathan Taylor,RB,IND,182.62448540145206
Tee Higgins,WR,CIN,182.03857549907158
Davante Adams,WR,2TM,180.6933204729738
Courtland Sutton,WR,DEN,179.58800871287437
Brandon Aubrey,K,DAL,178.89908605217107
Travis Kelce,TE,KAN,178.83206059145442
C.J. Stroud,QB,HOU,178.73153443451926
D.K. Metcalf,WR,SEA,177.09662415377878
Sam LaPorta,TE,DET,176.33158676059537
Jakobi Meyers,WR,LVR,176.15703779632565
Chase Brown,RB,CIN,175.2379822955115
DeVonta Smith,WR,PHI,175.10151697312253
Tony Pollard,RB,TEN,174.130453536018
Breece Hall,RB,NYJ,174.08437428660775
Kenneth Walker III,RB,SEA,173.22562743884183
Zay Flowers,WR,BAL,172.92828473980242
Dak Prescott,QB,DAL,168.7904883628046
Sam Darnold,QB,MIN,168.65701533495303
Trey McBride,TE,ARI,167.52254670369948
Jerry Jeudy,WR,CLE,165.11899762875268
Cooper Kupp,WR,LAR,164.1238337316407
Michael Pittman Jr.,WR,IND,162.50184658052862
Najee Harris,RB,PIT,162.28026328230814
Matthew Stafford,QB,LAR,160.96363803989254
Calvin Ridley,WR,TEN,160.52737927738943
Jaylen Waddle,WR,MIA,158.90267327285298
George Kittle,TE,SFO,158.4980010878521
Deebo Samuel,WR,SFO,156.0552727890145
Keenan Allen,WR,CHI,154.97136984133172
Rhamondre Stevenson,RB,NWE,154.81714636453296
D'Andre Swift,RB,CHI,153.99809923963366
Rico Dowdle,RB,DAL,153.4302522980229
Jason Sanders,K,MIA,153.30073061138117
Russell Wilson,QB,PIT,153.29959591009103
Cameron Dicker,K,LAC,151.38819508629592
Jameson Williams,WR,DET,150.39709362781977
Chuba Hubbard,RB,CAR,149.27212850761103
Justin Fields,QB,PIT,148.9359491022328
Nico Collins,WR,HOU,148.48131341162718
Stefon Diggs,WR,HOU,147.42359265590457
Derek Carr,QB,NOR,145.88409275226022
George Pickens,WR,PIT,145.21354324454913
Chase McLaughlin,K,TAM,144.30830990343708
Kirk Cousins,QB,ATL,143.97626867234183
Zach Charbonnet,RB,SEA,143.50923260251471
Daniel Carlson,K,LVR,143.1867158971817
Chris Boswell,K,PIT,141.69233843538066
Chris Godwin,WR,TAM,139.10089512677357
Mark Andrews,TE,BAL,139.05522937559076
Tyler Lockett,WR,SEA,138.89216340433006
Josh Downs,WR,IND,137.83597724262538
Quentin Johnston,WR,LAC,135.89420993805027
Jonnu Smith,TE,MIA,135.01864965649972
Jason Myers,K,SEA,134.97606732663965
Tucker Kraft,TE,GNB,134.11888573452876
Romeo Doubs,WR,GNB,133.70214428498443
Christian Watson,WR,GNB,133.20644360449543
Brandon McManus,K,GNB,131.13916439949858
Dallas Cowboys DST,DEF,DAL,130.5874651376873
Brian Robinson Jr.,RB,WAS,129.59575214222755
Bryce Young,QB,CAR,128.92433680856874
Anthony Richardson,QB,IND,128.7662901899641
Austin Ekeler,RB,WAS,128.45764184441137
Blake Grupe,K,NOR,127.38693749780883
Trevor Lawrence,QB,JAX,127.37154355552093
Matt Gay,K,IND,126.68107646909245
Tyler Bass,K,BUF,126.06579517007691
Khalil Shakir,WR,BUF,125.55124879702731
Darnell Mooney,WR,ATL,125.11737879739158
Wil Lutz,K,DEN,124.43470462910174
Aaron Rodgers,QB,NYJ,124.34947397978085
Demarcus Robinson,WR,LAR,124.34648538735577
Alexander Mattison,RB,LVR,123.65477473339558
Christian McCaffrey,RB,SFO,122.7638329136309
Ka'imi Fairbairn,K,HOU,122.1662988670121
Jauan Jennings,WR,SFO,122.12088443739448
Chris Olave,WR,NOR,121.7728850483062
Jalen Tolbert,WR,DAL,121.62364938159014
Travis Etienne,RB,JAX,120.43720429603603
Jake Elliott,K,PHI,120.33153770013868
Tre Tucker,WR,LVR,120.24242360440886
David Njoku,TE,CLE,120.08725195575634
Cade Otton,TE,TAM,120.04634811297943
Buffalo Bills DST,DEF,BUF,119.15026338434359
J.K. Dobbins,RB,LAC,119.06929916144912
Elijah Moore,WR,CLE,118.42849196611415
Dontayvion Wicks,WR,GNB,116.93761625315238
Brock Bowers,TE,LVR,116.1908322191745
Rashod Bateman,WR,BAL,115.53803937006853
Amari Cooper,WR,2TM,115.21118555407453
Nick Folk,K,TEN,115.15110237554632
Wan'Dale Robinson,WR,NYG,115.12162055657045
Kareem Hunt,RB,KAN,114.90451402337872
Green Bay Packers DST,DEF,GNB,114.52774308981303
Tank Dell,WR,HOU,114.46885863948516
Michael Wilson,WR,ARI,114.0121378085257
Alec Pierce,WR,IND,113.90310602174361
Brandin Cooks,WR,DAL,113.39021221043679
Justin Tucker,K,BAL,113.2353177201845
Jake Ferguson,TE,DAL,113.06371363377474
Javonte Williams,RB,DEN,112.57444377163766
Will Levis,QB,TEN,112.03227965880193
Chad Ryland,K,ARI,111.45590733279549
Hunter Henry,TE,NWE,110.86641637966194
Harrison Butker,K,KAN,110.82370025544309
Evan McPherson,K,CIN,110.33737222827114
Malik Nabers,WR,NYG,110.17630658404455
Pat Freiermuth,TE,PIT,110.00098373847904
Daniel Jones,QB,NYG,109.83126201661183
Detroit Lions DST,DEF,DET,109.7718322630209
Cincinnati Bengals DST,DEF,CIN,109.22778304640707
Raheem Mostert,RB,MIA,108.89598317821579
Marvin Harrison Jr.,WR,ARI,108.77496781500335
Los Angeles Rams DST,DEF,LAR,108.52399264992303
Tampa Bay Buccaneers DST,DEF,TAM,108.44767701668319
Dalton Kincaid,TE,BUF,108.29939464558048
Minnesota Vikings DST,DEF,MIN,108.2255993158709
Seattle Seahawks DST,DEF,SEA,107.999109070057
Ray-Ray McCloud,WR,ATL,107.68476455699779
Demario Douglas,WR,NWE,107.08514376665754
Josh Palmer,WR,LAC,106.73145261230226
Younghoe Koo,K,ATL,106.15545347953149
Philadelphia Eagles DST,DEF,PHI,106.05469295956385
Tim Patrick,WR,DET,105.50623190964174
Ladd McConkey,WR,LAC,105.3116780082438
Joey Slye,K,NWE,105.2280740616381
Brandon Aiyuk,WR,SFO,105.04519081807696
Jayden Daniels,QB,WAS,104.91735184939732
Zack Moss,RB,CIN,104.64289785380736
Jake Moody,K,SFO,104.38537677180479
Miami Dolphins DST,DEF,MIA,103.7553484497188
Indianapolis Colts DST,DEF,IND,103.71995915060491
Baltimore Ravens DST,DEF,BAL,103.40769015756102
Tyjae Spears,RB,TEN,103.30510576579223
T.J. Hockenson,TE,MIN,102.62925231697587
Kyle Pitts,TE,ATL,102.42505547260795
Ezekiel Elliott,RB,DAL,102.31210586425436
Denver Broncos DST,DEF,DEN,102.2391116665038
Taysom Hill,TE,NOR,102.17611700941434
San Francisco 49ers DST,DEF,SFO,102.15571530908302
Darius Slayton,WR,NYG,101.77748816977943
Zach Ertz,TE,WAS,101.41285134186771
Mike Gesicki,TE,CIN,101.0075426820697
Kansas City Chiefs DST,DEF,KAN,100.53375385864187
Antonio Gibson,RB,NWE,100.22311768843029
Jaylen Warren,RB,PIT,100.17578267856159
Pittsburgh Steelers DST,DEF,PIT,100.10663053015647
Nick Westbrook-Ikhine,WR,TEN,99.96266858325565
Cleveland Browns DST,DEF,CLE,99.81505075383798
Xavier Worthy,WR,KAN,99.75368272163415
Chigoziem Okonkwo,TE,TEN,99.55177798253304
DeAndre Hopkins,WR,2TM,99.45468848798598
Dalton Schultz,TE,HOU,98.82388806473138
Los Angeles Chargers DST,DEF,LAC,98.58151730577497
Noah Fant,TE,SEA,98.41923499790289
Arizona Cardinals DST,DEF,ARI,98.33121216756574
Las Vegas Raiders DST,DEF,LVR,98.05696322127038
New Orleans Saints DST,DEF,NOR,97.53634104379258
Cole Kmet,TE,CHI,97.48583387197185
Dallas Goedert,TE,PHI,97.21173202497532
Andrei Iosivas,WR,CIN,97.12177546187124
Adam Thielen,WR,CAR,96.75562123967366
Houston Texans DST,DEF,HOU,96.36607434756246
Jerome Ford,RB,CLE,96.2448928564698
Devin Singletary,RB,NYG,96.19074088198501
Gardner Minshew II,QB,LVR,95.73990555421993
Bo Nix,QB,DEN,95.4664307476785
Cairo Santos,K,CHI,95.37464452583352
Tennessee Titans DST,DEF,TEN,94.76757632858393
Aidan O'Connell,QB,LVR,94.40486271275326
New England Patriots DST,DEF,NWE,94.36687543861082
Isiah Pacheco,RB,KAN,94.06046128339729
Isaiah Likely,TE,BAL,93.72576613137447
Nick Chubb,RB,CLE,93.18336694939715
Mack Hollins,WR,BUF,92.9261971952985
Rashee Rice,WR,KAN,92.89560067575967
Curtis Samuel,WR,BUF,92.43853275085552
Juwan Johnson,TE,NOR,92.35494757527107
Eddy PiÃ±eiro,K,CAR,91.92563050126778
Ameer Abdullah,RB,LVR,91.78520737496807
Austin Seibert,K,WAS,91.06710580638166
Tyrone Tracy Jr.,RB,NYG,90.65396005914992
Bucky Irving,RB,TAM,90.455735936722
New York Giants DST,DEF,NYG,90.35362438425615
Joshua Karty,K,LAR,90.20764325815937
Rashid Shaheed,WR,NOR,88.93340376931349
Jaleel McLaughlin,RB,DEN,88.3543172915238
Tutu Atwell,WR,LAR,88.0580799730859
Jake Bates,K,DET,87.87760855617493
Atlanta Falcons DST,DEF,ATL,87.66639043552233
Washington Commanders DST,DEF,WAS,87.53309514792163
New York Jets DST,DEF,NYJ,87.46241261355118
Cooper Rush,QB,DAL,87.45410330422966
Matt Prater,K,ARI,87.29357993472689
Brian Thomas,WR,JAX,87.03804349912376
Noah Brown,WR,WAS,86.96287056591801
Tyler Allgeier,RB,ATL,86.93204943143654
Kayshon Boutte,WR,NWE,86.50320138937786
Foster Moreau,TE,NOR,85.34239649024542
Allen Lazard,WR,NYJ,85.24127590795376
Samaje Perine,RB,KAN,85.16101304541921
Colby Parkinson,TE,LAR,85.08074379123828
Marvin Mims,WR,DEN,84.34648743781456
Tyler Conklin,TE,NYJ,83.93243508721422
Noah Gray,TE,KAN,83.83984089256136
Chicago Bears DST,DEF,CHI,83.63602663852872
KaVontae Turpin,WR,DAL,83.41265567674259
Olamide Zaccheaus,WR,WAS,82.94476173395712
Dawson Knox,TE,BUF,81.8903703888201
Emanuel Wilson,RB,GNB,81.7207875400154
Evan Engram,TE,JAX,81.32601768064454
Tyler Boyd,WR,TEN,81.15576180208448
Tyler Johnson,WR,LAR,80.92995878625071
Greg Dortch,WR,ARI,80.87103033775576
Christian Kirk,WR,JAX,80.8688153909521
Justice Hill,RB,BAL,80.11194083143029
Jordan Mason,RB,SFO,79.72478720240163
Will Dissly,TE,LAC,79.1190545588876
Jalen McMillan,WR,TAM,78.79713400828184
Gus Edwards,RB,LAC,78.76028060501939
Deshaun Watson,QB,CLE,78.72407378346277
Calvin Austin III,WR,PIT,78.67951748166608
Dustin Hopkins,K,CLE,76.79086185000698
Austin Hooper,TE,NWE,76.38721242216637
Jalen Nailor,WR,MIN,75.95266104181503
Rome Odunze,WR,CHI,75.63466630407481
Jacksonville Jaguars DST,DEF,JAX,75.29903147510741
Drake Maye,QB,NWE,75.15898485729734
Kendrick Bourne,WR,NWE,74.75391130895618
Keon Coleman,WR,BUF,74.68344355376384
Will Reichard,K,MIN,74.2398447371967
John Parker Romo,K,MIN,73.55635531859896
Ty Johnson,RB,BUF,73.1821399694398
Zane Gonzalez,K,WAS,72.93689651832348
Miles Sanders,RB,CAR,72.76630922649744
JuJu Smith-Schuster,WR,KAN,72.49241036420214
Sam Howell,QB,SEA,72.48976696957077
Cedric Tillman,WR,CLE,72.11048213927198
Tank Bigsby,RB,JAX,71.94813848886882
Jordan Akins,TE,CLE,71.80765907835469
Tyler Huntley,QB,MIA,71.54201706781298
Carolina Panthers DST,DEF,CAR,71.50892549989187
Kenny Pickett,QB,PHI,71.49523511527687
Jamaal Williams,RB,NOR,71.31242967559933
Gabriel Davis,WR,JAX,71.25033595662202
Kalif Raymond,WR,DET,71.21460974371676
Mason Rudolph,QB,TEN,71.06845204311902
Caleb Williams,QB,CHI,70.74077223723891
Tyler Higbee,TE,LAR,70.54437758919072
Desmond Ridder,QB,LVR,70.37991091292405
DJ Turner,WR,LVR,70.21952368494287
Jimmy Garoppolo,QB,LAR,69.72314361743372
Joshua Dobbs,QB,SFO,69.52435871467735
Malik Willis,QB,GNB,69.44778323848554
Dalvin Cook,RB,DAL,69.29324158200795
Anders Carlson,K,2TM,68.61545636813103
Graham Gano,K,NYG,68.6139468610757
Joe Flacco,QB,IND,68.59301002043402
Luke Schoonmaker,TE,DAL,68.35261477631069
Sterling Shepard,WR,TAM,68.06446784923082
Josh Oliver,TE,MIN,67.80603874854879
Mac Jones,QB,JAX,67.75008205528488
Sean Tucker,RB,TAM,67.41082157094704
Cedrick Wilson Jr.,WR,NOR,67.10025371460839
Justin Watson,WR,KAN,66.92962650059839
Diontae Johnson,WR,3TM,66.56870388078528
Kyle Juszczyk,RB,SFO,66.51400418702002
Jameis Winston,QB,CLE,66.36901510892146
Michael Carter,RB,ARI,65.54639651254666
Cam Akers,RB,2TM,65.44879767921141
Marcus Mariota,QB,WAS,65.17681725317429
Zamir White,RB,LVR,64.16967441427178
Roschon Johnson,RB,CHI,64.16229974526527
Emari Demercado,RB,ARI,63.84081474848795
Jahan Dotson,WR,PHI,63.65338671519299
Trey Palmer,WR,TAM,63.545163831746095
Mitch Wishnowsky,K,SFO,63.27326821571042
Van Jefferson,WR,PIT,63.112311545167266
K.J. Osborn,WR,NWE,62.60084779371495
Kenneth Gainwell,RB,PHI,62.444780699418594
D'Onta Foreman,RB,CLE,62.08074382695395
Lil'Jordan Humphrey,WR,DEN,61.71368713923593
Jalen Brooks,WR,DAL,61.60075499873904
Marquez Valdes-Scantling,WR,2TM,61.487848714933776
Chris Brooks,RB,GNB,61.437846222623655
Parker Washington,WR,JAX,61.319482757184176
Cam Little,K,JAX,60.820960547940516
Ray Davis,RB,BUF,60.38628982410553
Tyrell Shavers,WR,BUF,60.29689688070414
Dyami Brown,WR,WAS,60.08383474422226
Drew Sample,TE,CIN,60.050683009497114
Marquise Brown,WR,KAN,59.54821465851326
Jacoby Brissett,QB,NWE,59.1443589126301
Greg Zuerlein,K,NYJ,59.05851798406141
Devaughn Vele,WR,DEN,58.82018122649859
Nelson Agholor,WR,BAL,58.439685518423374
Greg Joseph,K,3TM,58.248241129419796
Jeremy McNichols,RB,WAS,57.925189055745676
Grant Calcaterra,TE,PHI,57.88446807699539
Jake Browning,QB,CIN,57.600851484571116
Josh Whyle,TE,TEN,57.58191500145225
Zay Jones,WR,ARI,57.57078801169447
Brock Wright,TE,DET,57.52375306521948
Jeff Wilson,RB,MIA,57.39087713759417
Ricky Pearsall,WR,SFO,57.00544560354309
Terrace Marshall Jr.,WR,LVR,56.88393936838986
Myles Gaskin,RB,MIN,56.42595702156402
Michael Mayer,TE,LVR,56.29895569006926
Brenton Strange,TE,JAX,56.11382720984518
Jude McAtamney,K,NYG,56.068228330548905
Drew Lock,QB,NYG,55.97337043731658
Isaac Guerendo,RB,SFO,55.94985086918448
Alec Ingold,RB,MIA,55.694177640614136
Odell Beckham Jr.,WR,MIA,55.680868994020464
Cade York,K,2TM,55.614292233279606
Hunter Luepke,RB,DAL,55.44320673381221
Trey Lance,QB,DAL,55.28463668842792
Jamycal Hasty,RB,NWE,55.25554823280271
Adonai Mitchell,WR,IND,54.820113759817495
Mo Alie-Cox,TE,IND,54.74270832179094
Elijah Higgins,TE,ARI,54.2556597200166
Dante Pettis,WR,NOR,54.20356856576722
Tanner Hudson,TE,CIN,54.102664420524015
Malik Heath,WR,GNB,53.686266444365216
Hassan Haskins,RB,LAC,53.46959000914301
Jordan Whittington,WR,LAR,53.27923837894518
Tyler Goodson,RB,IND,53.241323393896565
AJ Barner,TE,SEA,53.15197551799498
Ryan Miller,WR,TAM,52.966833393541194
Tay Martin,WR,TEN,52.856303551009944
Kendre Miller,RB,NOR,52.827580630966445
Mitchell Trubisky,QB,BUF,52.79851822044365
Cordarrelle Patterson,RB,PIT,52.56950443645628
Kevin Austin,WR,NOR,52.38994911633824
Xavier Legette,WR,CAR,52.317258388955835
Nick Vannett,TE,TEN,52.29078550666972
Kristian Wilkerson,WR,LVR,51.90732879435607
Taylor Heinicke,QB,LAC,51.866813760926384
Adam Trautman,TE,DEN,51.81951485863405
Sincere McCormick,RB,LVR,51.68989272090652
Dameon Pierce,RB,HOU,51.55839355071163
Ronnie Rivers,RB,LAR,51.539232365449806
D'Wayne Eskridge,WR,MIA,51.19833849467904
Alex Bachman,WR,LVR,51.01412344478351
Tyquan Thornton,WR,NWE,50.95346342168274
Jalen Coker,WR,CAR,50.80085832474771
Mecole Hardman,WR,KAN,50.69599898197178
Andrew Ogletree,TE,IND,50.58032880677023
Trent Sherfield,WR,MIN,50.52562274986852
Xavier Smith,WR,LAR,50.49319588519354
Kendric Pryor,WR,CIN,50.42018912305207
Trey Sermon,RB,IND,50.396679506937254
Trey Benson,RB,ARI,50.18577864666462
Derius Davis,WR,LAC,50.1643071838804
KhaDarel Hodge,WR,ATL,50.08432942754485
Nick Mullens,QB,MIN,49.94821137415785
Cody Schrader,RB,LAR,49.932360169422196
Cody White,WR,SEA,49.92070185725422
John Metchie,WR,HOU,49.91258056727931
Jamison Crowder,WR,WAS,49.90579687699354
Clyde Edwards-Helaire,RB,NOR,49.64802068731191
DJ Chark,WR,LAC,49.5204560102287
Johnny Mundt,TE,MIN,49.50872915670553
Ashton Dulin,WR,IND,49.488455154852176
Troy Franklin,WR,DEN,49.442478129712896
Rakim Jarrett,WR,TAM,49.30413135362227
Jake Bobo,WR,SEA,49.288733983530435
Kylen Granson,TE,IND,49.17178353724694
Pierre Strong,RB,CLE,48.93555798483601
Allen Robinson,WR,DET,48.93510706834404
Malik Washington,WR,MIA,48.892257241815045
Mike Williams,WR,2TM,48.84965870627953
Blake Corum,RB,LAR,48.488470743251824
Laviska Shenault Jr.,WR,SEA,48.438233771653906
Theo Johnson,TE,NYG,48.37437922957899
Mason Tipton,WR,NOR,48.37118664292851
Payne Durham,TE,TAM,48.32547057408216
Ramel Keyton,WR,LVR,48.217517293482004
Matthew Wright,K,3TM,47.98818825599471
Erick All,TE,CIN,47.95158725631297
Michael Woods II,WR,CLE,47.93644212375742
Anthony Miller,WR,BAL,47.91038930583561
Chris Rodriguez,RB,WAS,47.84453305392744
Cam Grandy,TE,CIN,47.80415416957851
Grant Dubose,WR,MIA,47.6954206879702
Julian Hill,TE,MIA,47.61732635022591
Bo Melton,WR,GNB,47.571172929849425
Ryan Flournoy,WR,DAL,47.538740433171746
Skylar Thompson,QB,MIA,47.50449230821922
Carson Wentz,QB,KAN,47.396125067247034
Treylon Burks,WR,TEN,47.35661486793523
Robert Woods,WR,HOU,47.340268119448346
Luke Musgrave,TE,GNB,47.15327109382217
Trenton Irwin,WR,CIN,47.04620807602932
Nate Adkins,TE,DEN,46.90444813602808
Jordan Mims,RB,NOR,46.83166497266618
Tom Kennedy,WR,DET,46.812490340659124
Tony Jones,RB,ARI,46.80283973409858
Jalen Reagor,WR,LAC,46.78909253458912
Jacob Kibodi,RB,CLE,46.72232417572198
Ty Chandler,RB,MIN,46.60675911869227
Andy Dalton,QB,CAR,46.59137253852769
Deuce Vaughn,RB,DAL,46.56892396490658
Darnell Washington,TE,PIT,46.348579250787665
David Bell,WR,CLE,46.3101400790613
Patrick Taylor,RB,SFO,46.287483525494
Jaelon Darden,WR,CLE,46.24286186163791
Josh Reynolds,WR,2TM,46.18297657320196
Spencer Rattler,QB,NOR,46.182411600836815
Isaiah Hodgins,WR,NYG,46.022158597449476
Bub Means,WR,NOR,45.91394082989625
Tommy Tremble,TE,CAR,45.78178283346661
Nikko Remigio,WR,KAN,45.27563565039963
Harrison Bryant,TE,LVR,45.25881390614382
Bryce Oliver,WR,TEN,45.25765466000288
Robbie Chosen,WR,MIA,44.931406557948485
Brevyn Spann-Ford,TE,DAL,44.88557449936515
Davis Allen,TE,LAR,44.80804596742466
River Cracraft,WR,MIA,44.73462420006538
Scott Miller,WR,PIT,44.67228068817261
Brycen Tremayne,WR,WAS,44.648341218924614
James Proche,WR,CLE,44.316761858764025
Craig Reynolds,RB,DET,44.20955269896851
David Moore,WR,CAR,44.17101774203726
Mason Kinsey,WR,TEN,44.12879075400965
Anthony Gould,WR,IND,43.999606932875224
MarShawn Lloyd,RB,GNB,43.975847617010075
Bailey Zappe,QB,CLE,43.9573435470471
Parris Campbell,WR,PHI,43.90999493016617
Terrell Jennings,RB,NWE,43.8148727232393
Khalil Herbert,RB,2TM,43.7739870565871
Ben Skowronek,WR,PIT,43.64690060711199
Hendon Hooker,QB,DET,43.61685360080229
Joshua Kelley,RB,TEN,43.56290600618103
Ja'Lynn Polk,WR,NWE,43.52376393544543
Tommy DeVito,QB,NYG,43.46596684673939
Jacob Cowing,WR,SFO,43.228100209294546
Erik Ezukanma,WR,MIA,43.178242989022145
John Samuel Shenker,TE,LVR,43.0953570126048
Kyle Trask,QB,TAM,42.88570293297174
Austin Trammell,WR,JAX,42.84227737577178
Brandon Powell,WR,MIN,42.828556330997344
Jermar Jefferson,RB,DET,42.78011546597257
Chris Collier,RB,LVR,42.69561458763449
Keaton Mitchell,RB,BAL,42.57973550786223
Jody Fortson,TE,KAN,42.53918183628207
Geoff Swaim,TE,CLE,42.30094981726587
Hunter Long,TE,LAR,42.1270467504869
Durham Smythe,TE,MIA,42.03105529800431
DeeJay Dallas,RB,ARI,41.999690745305465
George Holani,RB,SEA,41.9882875989361
Ben Sims,TE,GNB,41.82363813621072
Jermaine Jackson,WR,NOR,41.67110897191782
Stone Smartt,TE,LAC,41.62428144718857
Charlie Jones,WR,CIN,41.42607314063984
Trent Taylor,WR,SFO,41.3570117354003
Jha'Quan Jackson,WR,TEN,41.31996329176455
Simi Fehoko,WR,LAC,41.26094144484519
Braelon Allen,RB,NYJ,41.183264568415346
Casey Washington,WR,ATL,41.11149350914208
Audric Estime,RB,DEN,40.97584253692926
Julius Chestnut,RB,TEN,40.973589529281256
Dorian Thompson-Robinson,QB,CLE,40.87435009984702
Dare Ogunbowale,RB,HOU,40.84570881685315
Brandon Johnson,WR,PIT,40.77979291792099
C.J. Ham,RB,MIN,40.763780657136486
Pharaoh Brown,TE,SEA,40.75733301336837
Clayton Tune,QB,ARI,40.716331642628866
Jaylen Wright,RB,MIA,40.38949187994333
Tylan Wallace,WR,BAL,40.327596194212305
Isaiah Williams,WR,DET,40.18264242246916
Davis Mills,QB,HOU,40.18125764531728
Carson Steele,RB,KAN,40.156904519093196
Tyreik McAllister,WR,LVR,40.062105365008755
Mike White,QB,BUF,40.05188010894502
D'Ernest Johnson,RB,JAX,39.88563399521016
DeAndre Carter,WR,CHI,39.83879527761399
Dallin Holker,TE,NOR,39.81362737230993
Devin Duvernay,WR,JAX,39.690926195234326
Ronnie Bell,WR,SFO,39.67302311328288
Charlie Kolar,TE,BAL,39.64077932308308
Joe Milton,QB,NWE,39.559280229668914
Blake Whiteheart,TE,CLE,39.51576755713973
Chris Blair,WR,ATL,39.38614875534263
Eric Saubert,TE,SFO,39.29660434771288
Tanner Conner,TE,MIA,39.22980050733559
Tyler Badie,RB,DEN,39.22389431869526
Tanner McKee,QB,PHI,39.11131806080677
Jonathan Mingo,WR,2TM,39.093039735079095
Sione Vaki,RB,DET,39.011128331522094
Kadarius Toney,WR,CLE,38.851217879470575
Jake Haener,QB,NOR,38.75389491905342
Braxton Berrios,WR,MIA,38.01326981109377
Tip Reiman,TE,ARI,37.88940820453926
Quintin Morris,TE,BUF,37.83361165846652
Ke'Shawn Vaughn,RB,SFO,37.75600381760675
Isaiah Davis,RB,NYJ,37.53009656844712
Brenden Bates,TE,CLE,37.50600820441172
Shane Zylstra,TE,DET,37.487501980613686
Brandon Allen,QB,SFO,37.09070600956792
Daniel Bellinger,TE,NYG,37.07038176281637
Chris Conley,WR,SFO,37.02020514405132
Gerald Everett,TE,CHI,36.95231606828469
Xavier Hutchinson,WR,HOU,36.88860157627069
Jermaine Burton,WR,CIN,36.81853958440877
John FitzPatrick,TE,GNB,36.77756018262307
Skyy Moore,WR,KAN,36.71788193113774
Kenny McIntosh,RB,SEA,36.7163683101858
Ja'Tavion Sanders,TE,CAR,36.69952390866481
Jamari Thrash,WR,CLE,36.645580216325506
Dylan Laube,RB,LVR,36.5295273276857
Chris Oladokun,QB,KAN,36.17987269645373
Tyrod Taylor,QB,NYJ,36.16477566160438
Riley Patterson,K,3TM,36.15594646553409
Michael Burton,RB,DEN,36.07375863382789
Hayden Hurst,TE,LAC,36.02830914028943
Luke McCaffrey,WR,WAS,35.81617655252457
Peyton Hendershot,TE,KAN,35.77785075088133
Xavier Weaver,WR,ARI,35.68754778283236
Brayden Narveson,K,2TM,35.557406141158744
Devin Culp,TE,TAM,35.53383226218277
David Martin-Robinson,TE,TEN,35.48011124770123
Kimani Vidal,RB,LAC,35.36116787487329
Dareke Young,WR,SEA,35.33790297073754
Kameron Johnson,WR,TAM,35.05634224478676
Michael Penix,QB,ATL,34.85442899432661
Justyn Ross,WR,KAN,34.81427752666831
John Ross,WR,PHI,34.7027705590453
Ethan Evans,K,LAR,34.65539531810132
Kyle Allen,QB,PIT,34.64324330869922
John Bates,TE,WAS,34.15552134444944
Adam Prentice,RB,NOR,34.11556594249892
MyCole Pruitt,TE,PIT,34.11005736367713
Javon Baker,WR,NWE,33.93993455005182
Connor Heyward,TE,PIT,33.841646399506224
Lucas Krull,TE,DEN,33.70470909471157
Jalin Hyatt,WR,NYG,33.65357802180316
Eric Gray,RB,NYG,33.63539516479327
Xavier Gipson,WR,NYJ,33.59100068629872
Spencer Shrader,K,3TM,33.56922843075829
Blake Watson,RB,DEN,33.37110942997245
Josh Johnson,QB,BAL,33.120064402845486
Aaron Shampklin,RB,PIT,33.116646206097315
Cade Stover,TE,HOU,32.58254062159571
Deven Thompkins,WR,CAR,32.555887571639516
Tucker Fisk,TE,LAC,32.5503490834692
AJ Cole III,K,LVR,32.30246815760054
Jase McClellan,RB,ATL,32.28870550401562
Jonathan Ward,RB,PIT,32.28099079329984
Tyrion Davis-Price,RB,PHI,32.17770941826302
Baylor Cupp,TE,KAN,32.10634244084813
Will Mallory,TE,IND,32.077524602193854
Ainias Smith,WR,PHI,32.05645602886162
Collin Johnson,WR,CHI,31.920330229470657
Greg Dulcich,TE,DEN,31.854843747272806
Zach Davidson,TE,BUF,31.650295204325243
Ross Dwelley,TE,ATL,31.34634981973461
Jarrett Stidham,QB,DEN,31.196828700148686
Tyson Bagent,QB,CHI,30.99312218745742
Johnny Wilson,WR,PHI,30.97372117194978
Travis Homer,RB,CHI,30.932463924710973
Patrick Ricard,RB,BAL,30.594416790100894
Dan Chisena,WR,CAR,30.533997228330325
Luke Farrell,TE,JAX,30.462218854271413
Britain Covey,WR,PHI,30.422180803704336
Brayden Willis,TE,SFO,30.148377996640672
Jake Camarda,K,TAM,30.108039988671095
Chris Manhertz,TE,NYG,29.975815995191997
Darrynton Evans,RB,CHI,29.943375112434683
Charlie Woerner,TE,ATL,29.912728982446655
Jared Wiley,TE,KAN,29.909099381029748
Bryan Anger,K,DAL,29.8509047144965
Devontez Walker,WR,BAL,29.67184588869334
Tim Jones,WR,JAX,29.60795586871584
Jeremy Ruckert,TE,NYJ,29.447850193073442
Tyler Scott,WR,CHI,29.30354793925046
Jack Fox,K,DET,28.944536190766886
Reggie Gilliam,RB,BUF,28.821661345693094
Jack Browning,K,TAM,28.660420167933818
Jack Stoll,TE,PHI,28.58384751232829
Jaheim Bell,TE,NWE,28.55343117712732
Daniel Whelan,K,GNB,28.252831696770766
Velus Jones Jr.,WR,2TM,28.172552268078977
Rasheen Ali,RB,BAL,28.13315099114524
Trenton Gill,K,TAM,27.9582631198374
Irvin Charles,WR,NYJ,27.87447474250074
Ryan Wright,K,MIN,27.87199335247449
Stephen Sullivan,TE,CAR,27.6488606827118
Jake Bailey,K,MIA,27.170997856366395
Will Shipley,RB,PHI,26.821219158372138
Eric Tomlinson,TE,LAC,26.23673587420743
Josiah Deguara,TE,JAX,26.101518543835088
Mike Boone,RB,CAR,25.682602278166872
Feleipe Franks,TE,CAR,25.016315420572692
Ben Sinnott,TE,WAS,24.832504195806024
Matthew Hayball,K,NOR,24.802849387079203
E.J. Jenkins,TE,PHI,24.50985082627723
Kenny Yeboah,TE,NYJ,24.319019975909892
Raheem Blackshear,RB,CAR,23.934200169912412
Tim Boyle,QB,2TM,23.883372382845405
Brevin Jordan,TE,HOU,23.80299691123941
Steven Sims,WR,HOU,23.78317457669363
Jordan Matthews,TE,CAR,23.072233800427796
J.J. Taylor,RB,HOU,22.776690805111837
British Brooks,RB,HOU,22.53698775293604
Riley Dixon,K,DEN,22.192889973010963
Rigoberto Sanchez,K,IND,21.95366008452974
JK Scott,K,LAC,21.735631963447883
Jonathon Brooks,RB,CAR,21.63864035543001
Bradley Pinion,K,ATL,21.378460450647022
Ian Thomas,TE,CAR,21.294545820241506
Malachi Corley,WR,NYJ,21.263338332816897
Jamie Gillan,K,NYG,20.406208082129837
Andrew Beck,RB,2TM,19.80718012724107
Jordan Stout,K,BAL,19.589771069893676
Logan Cooke,K,JAX,18.885864430876904
Marcedes Lewis,TE,CHI,16.578016704279527
Tory Taylor,K,CHI,16.296460549044067
Braden Mann,K,PHI,15.869606665461035
Johnny Hekker,K,CAR,12.943071314236107
Thomas Morstead,K,NYJ,12.097503811530938
