Player Name,Age,Season,Position,Team,Games Played,Games Started,Passing Attempts,Passing Completions,Passing Yards,Passing Touchdowns,Interceptions Thrown,Rushing Attempts,Rushing Yards,Rushing Touchdowns,Targets,Receptions,Receiving Yards,Receiving Touchdowns,Fumbles,Field Goals Attempted 0-39,Field Goals Made 0-39,Field Goals Attempted 40-49,Field Goals Made 40-49,Field Goals Attempted 50+,Field Goals Made 50+,Field Goals Attempted,Field Goals Made,Extra Points Attempted,Extra Points Made,Total Yards Allowed,Total Plays,Takeaways,First Downs Allowed,Passing Yards Allowed,Passing Touchdowns Allowed,Rushing Yards Allowed,Rushing Touchdowns Allowed,Penalties Committed,Penalty Yards,First Downs by Penalty,Percent Drives Scored On,Percent Drives Takeaway,ST_Sacks,ST_Interceptions,ST_Fumble Recoveries,ST_Forced Fumbles,ST_Safeties,ST_Special Teams Touchdowns,Fantasy Points From Points,XP2,ESPN ADP,Sleeper ADP,NFL ADP,RTSports ADP,Average ADP,Positional ADP
A.J. Brown,24.0,2021,WR,TEN,13.0,13.0,2.0,0.0,0.0,0.0,0.0,2.0,10.0,0.0,105.0,63.0,869.0,5.0,0.0,,,,,,,,,,,,,,,,,,,,,,,,,,,,,,,,22.0,22.0,21.0,25.0,23.8,8.0
A.J. Green,33.0,2021,WR,ARI,16.0,9.0,,,,,,0.0,0.0,0.0,92.0,54.0,848.0,3.0,0.0,,,,,,,,,,,,,,,,,,,,,,,,,,,,,,,,177.0,187.0,204.0,214.0,197.0,64.0
AJ Dillon,23.0,2021,RB,GNB,17.0,2.0,,,,,,187.0,803.0,5.0,37.0,34.0,313.0,2.0,2.0,,,,,,,,,,,,,,,,,,,,,,,,,,,,,,,,,,,,,
Aaron Jones,27.0,2021,RB,GNB,15.0,15.0,,,,,,171.0,799.0,4.0,65.0,52.0,391.0,6.0,2.0,,,,,,,,,,,,,,,,,,,,,,,,,,,,,,,,10.0,11.0,7.0,11.0,9.4,6.0
Aaron Rodgers,38.0,2021,QB,GNB,16.0,16.0,531.0,366.0,4115.0,37.0,4.0,33.0,101.0,3.0,1.0,1.0,-4.0,0.0,3.0,,,,,,,,,,,,,,,,,,,,,,,,,,,,,,,,48.0,57.0,43.0,64.0,54.4,5.0
Adam Humphries,28.0,2021,WR,WAS,17.0,11.0,,,,,,0.0,0.0,0.0,62.0,41.0,383.0,0.0,0.0,,,,,,,,,,,,,,,,,,,,,,,,,,,,,,,,,,,,309.0,101.0
Adam Prentice,24.0,2021,RB,NOR,7.0,3.0,,,,,,3.0,5.0,0.0,3.0,3.0,16.0,0.0,0.0,,,,,,,,,,,,,,,,,,,,,,,,,,,,,,,,,,,,,
Adam Shaheen,27.0,2021,TE,MIA,12.0,7.0,,,,,,0.0,0.0,0.0,16.0,12.0,110.0,0.0,0.0,,,,,,,,,,,,,,,,,,,,,,,,,,,,,,,,,,,,,
Adam Thielen,31.0,2021,WR,MIN,13.0,13.0,,,,,,1.0,2.0,0.0,95.0,67.0,726.0,10.0,1.0,,,,,,,,,,,,,,,,,,,,,,,,,,,,,,,,41.0,51.0,54.0,61.0,50.6,20.0
Adam Trautman,24.0,2021,TE,NOR,13.0,10.0,,,,,,0.0,0.0,0.0,43.0,27.0,263.0,2.0,1.0,,,,,,,,,,,,,,,,,,,,,,,,,,,,,,,,,200.0,220.0,242.0,207.5,23.0
Adrian Peterson,36.0,2021,RB,2TM,4.0,3.0,,,,,,38.0,98.0,2.0,4.0,4.0,8.0,0.0,1.0,,,,,,,,,,,,,,,,,,,,,,,,,,,,,,,,,,289.0,,349.5,97.0
Albert Okwuegbunam,23.0,2021,TE,DEN,14.0,6.0,,,,,,0.0,0.0,0.0,40.0,33.0,330.0,2.0,1.0,,,,,,,,,,,,,,,,,,,,,,,,,,,,,,,,,,,,402.0,43.0
Albert Wilson,29.0,2021,WR,MIA,14.0,5.0,1.0,0.0,0.0,0.0,0.0,4.0,17.0,0.0,39.0,25.0,213.0,0.0,0.0,,,,,,,,,,,,,,,,,,,,,,,,,,,,,,,,,,,,379.0,120.0
Aldrick Rosas,27.0,2021,K,2TM,5.0,0.0,,,,,,,,,,,,,,1.0,0.0,2.0,2.0,2.0,0.0,5.0,2.0,14.0,14.0,,,,,,,,,,,,,,,,,,,,,,,,,,411.0,33.0
Alec Ingold,25.0,2021,RB,LVR,9.0,3.0,,,,,,2.0,1.0,0.0,12.0,10.0,85.0,1.0,0.0,,,,,,,,,,,,,,,,,,,,,,,,,,,,,,,,,,,,,
Alex Armah,27.0,2021,RB,NOR,9.0,2.0,,,,,,5.0,21.0,0.0,1.0,1.0,1.0,1.0,0.0,,,,,,,,,,,,,,,,,,,,,,,,,,,,,,,,,,,,,
Alex Bachman,25.0,2021,WR,NYG,3.0,0.0,,,,,,1.0,-3.0,0.0,0.0,0.0,0.0,0.0,0.0,,,,,,,,,,,,,,,,,,,,,,,,,,,,,,,,,,,,,
Alex Collins,27.0,2021,RB,SEA,11.0,6.0,,,,,,108.0,411.0,2.0,10.0,9.0,87.0,0.0,1.0,,,,,,,,,,,,,,,,,,,,,,,,,,,,,,,,,,,270.0,270.0,80.0
Alex Erickson,29.0,2021,WR,CAR,17.0,0.0,,,,,,0.0,0.0,0.0,4.0,3.0,55.0,0.0,0.0,,,,,,,,,,,,,,,,,,,,,,,,,,,,,,,,,,,,,
Alex Kessman,23.0,2021,K,NYJ,1.0,0.0,,,,,,,,,,,,,,0.0,0.0,0.0,0.0,0.0,0.0,0.0,0.0,2.0,0.0,,,,,,,,,,,,,,,,,,,,,,,,,,,
Alexander Mattison,23.0,2021,RB,MIN,16.0,4.0,,,,,,134.0,491.0,3.0,39.0,32.0,228.0,1.0,1.0,,,,,,,,,,,,,,,,,,,,,,,,,,,,,,,,164.0,170.0,192.0,142.0,154.2,46.0
Allen Lazard,26.0,2021,WR,GNB,15.0,13.0,,,,,,3.0,32.0,0.0,60.0,40.0,513.0,8.0,0.0,,,,,,,,,,,,,,,,,,,,,,,,,,,,,,,,,244.0,226.0,223.0,227.8,74.0
Allen Robinson,28.0,2021,WR,CHI,12.0,11.0,,,,,,0.0,0.0,0.0,66.0,38.0,410.0,1.0,0.0,,,,,,,,,,,,,,,,,,,,,,,,,,,,,,,1.0,32.0,31.0,28.0,34.0,32.0,11.0
Alvin Kamara,26.0,2021,RB,NOR,13.0,10.0,,,,,,240.0,898.0,4.0,67.0,47.0,439.0,5.0,0.0,,,,,,,,,,,,,,,,,,,,,,,,,,,,,,,,3.0,3.0,4.0,3.0,3.0,3.0
Amari Cooper,27.0,2021,WR,DAL,15.0,14.0,,,,,,0.0,0.0,0.0,104.0,68.0,865.0,8.0,1.0,,,,,,,,,,,,,,,,,,,,,,,,,,,,,,,,38.0,42.0,41.0,42.0,41.2,15.0
Amari Rodgers,22.0,2021,WR,GNB,16.0,1.0,,,,,,1.0,11.0,0.0,8.0,4.0,45.0,0.0,2.0,,,,,,,,,,,,,,,,,,,,,,,,,,,,,,,,,249.0,257.0,200.0,259.5,82.0
Ameer Abdullah,28.0,2021,RB,2TM,17.0,1.0,,,,,,51.0,166.0,0.0,53.0,38.0,289.0,1.0,0.0,,,,,,,,,,,,,,,,,,,,,,,,,,,,,,,,,,,,343.0,96.0
Amon-Ra St. Brown,22.0,2021,WR,DET,17.0,9.0,,,,,,7.0,61.0,1.0,119.0,90.0,912.0,5.0,0.0,,,,,,,,,,,,,,,,,,,,,,,,,,,,,,,2.0,,189.0,203.0,211.0,198.5,65.0
Andre Roberts,33.0,2021,WR,2TM,16.0,0.0,,,,,,3.0,19.0,0.0,2.0,1.0,35.0,0.0,3.0,,,,,,,,,,,,,,,,,,,,,,,,,,,,,,,,,,,,,
Andrew Wingard,25.0,2021,SS,JAX,15.0,15.0,,,,,,1.0,4.0,0.0,0.0,0.0,0.0,0.0,0.0,,,,,,,,,,,,,,,,,,,,,,,,,,,,,,,,,,,,,
Andy Dalton,34.0,2021,QB,CHI,8.0,6.0,236.0,149.0,1515.0,8.0,9.0,16.0,76.0,0.0,0.0,0.0,0.0,0.0,1.0,,,,,,,,,,,,,,,,,,,,,,,,,,,,,,,,,,,,238.0,31.0
Andy Isabella,25.0,2021,WR,ARI,8.0,0.0,,,,,,0.0,0.0,0.0,1.0,1.0,13.0,0.0,0.0,,,,,,,,,,,,,,,,,,,,,,,,,,,,,,,,,,,,416.0,130.0
Andy Janovich,28.0,2021,RB,CLE,13.0,3.0,,,,,,2.0,0.0,1.0,4.0,3.0,9.0,0.0,0.0,,,,,,,,,,,,,,,,,,,,,,,,,,,,,,,,,,,,,
Andy Lee,39.0,2021,K,ARI,16.0,0.0,,,,,,1.0,0.0,0.0,0.0,0.0,0.0,0.0,3.0,,,,,,,,,,,,,,,,,,,,,,,,,,,,,,,,,,,,,
Anthony Firkser,26.0,2021,RB,TEN,15.0,1.0,,,,,,0.0,0.0,0.0,43.0,34.0,291.0,2.0,2.0,,,,,,,,,,,,,,,,,,,,,,,,,,,,,,,,209.0,220.0,264.0,195.0,215.4,2.0
Anthony McFarland Jr.,23.0,2021,RB,PIT,2.0,0.0,,,,,,3.0,3.0,0.0,1.0,1.0,11.0,0.0,0.0,,,,,,,,,,,,,,,,,,,,,,,,,,,,,,,,,,,,236.0,67.0
Anthony Miller,27.0,2021,WR,2TM,3.0,1.0,,,,,,0.0,0.0,0.0,12.0,6.0,25.0,1.0,0.0,,,,,,,,,,,,,,,,,,,,,,,,,,,,,,,,,,,276.0,279.5,91.0
Anthony Schwartz,21.0,2021,WR,CLE,14.0,2.0,,,,,,6.0,39.0,0.0,23.0,10.0,135.0,1.0,0.0,,,,,,,,,,,,,,,,,,,,,,,,,,,,,,,,,,,,381.0,121.0
Antoine Wesley,24.0,2021,WR,ARI,15.0,4.0,,,,,,0.0,0.0,0.0,32.0,19.0,208.0,3.0,0.0,,,,,,,,,,,,,,,,,,,,,,,,,,,,,,,,,,,,,
Antonio Brown,33.0,2021,WR,TAM,7.0,3.0,,,,,,1.0,6.0,0.0,62.0,42.0,545.0,4.0,0.0,,,,,,,,,,,,,,,,,,,,,,,,,,,,,,,,104.0,97.0,110.0,92.0,94.6,38.0
Antonio Gibson,23.0,2021,RB,WAS,16.0,14.0,,,,,,258.0,1037.0,7.0,52.0,42.0,294.0,3.0,6.0,,,,,,,,,,,,,,,,,,,,,,,,,,,,,,,,16.0,21.0,20.0,15.0,17.6,12.0
Antony Auclair,28.0,2021,TE,HOU,16.0,13.0,,,,,,0.0,0.0,0.0,5.0,5.0,47.0,1.0,0.0,,,,,,,,,,,,,,,,,,,,,,,,,,,,,,,,,,,,,
Arryn Siposs,29.0,2021,K,PHI,17.0,0.0,,,,,,,,,,,,,,0.0,0.0,0.0,0.0,0.0,0.0,0.0,0.0,0.0,0.0,,,,,,,,,,,,,,,,,,,,,,,,,,,
Ashton Dulin,24.0,2021,WR,IND,17.0,1.0,,,,,,3.0,32.0,0.0,22.0,13.0,173.0,2.0,0.0,,,,,,,,,,,,,,,,,,,,,,,,,,,,,,,,,,,,,
Auden Tate,24.0,2021,WR,CIN,7.0,0.0,,,,,,0.0,0.0,0.0,4.0,3.0,39.0,1.0,0.0,,,,,,,,,,,,,,,,,,,,,,,,,,,,,,,,,,,,,
Austin Ekeler,26.0,2021,RB,LAC,16.0,16.0,,,,,,206.0,911.0,12.0,94.0,70.0,647.0,8.0,4.0,,,,,,,,,,,,,,,,,,,,,,,,,,,,,,,2.0,13.0,13.0,6.0,8.0,10.4,8.0
Austin Hooper,27.0,2021,TE,CLE,16.0,16.0,,,,,,0.0,0.0,0.0,61.0,38.0,345.0,3.0,0.0,,,,,,,,,,,,,,,,,,,,,,,,,,,,,,,,139.0,166.0,174.0,159.0,174.2,19.0
Austin Seibert,25.0,2021,K,DET,6.0,0.0,,,,,,,,,,,,,,4.0,4.0,6.0,5.0,2.0,1.0,12.0,10.0,5.0,5.0,,,,,,,,,,,,,,,,,,,,,,,,211.0,,211.0,15.0
Austin Walter,25.0,2021,RB,NYJ,4.0,0.0,,,,,,26.0,101.0,1.0,3.0,2.0,9.0,0.0,0.0,,,,,,,,,,,,,,,,,,,,,,,,,,,,,,,,,,,,,
Baker Mayfield,26.0,2021,QB,CLE,14.0,14.0,418.0,253.0,3010.0,17.0,13.0,37.0,134.0,1.0,0.0,0.0,11.0,0.0,6.0,,,,,,,,,,,,,,,,,,,,,,,,,,,,,,,,126.0,126.0,143.0,153.0,138.6,15.0
Ben Ellefson,25.0,2021,TE,MIN,5.0,0.0,,,,,,0.0,0.0,0.0,1.0,0.0,0.0,0.0,0.0,,,,,,,,,,,,,,,,,,,,,,,,,,,,,,,,,,,,,
Ben Roethlisberger,39.0,2021,QB,PIT,16.0,16.0,605.0,390.0,3740.0,22.0,10.0,20.0,5.0,1.0,0.0,0.0,0.0,0.0,11.0,,,,,,,,,,,,,,,,,,,,,,,,,,,,,,,,159.0,181.0,166.0,164.0,165.0,21.0
Ben Skowronek,24.0,2021,WR,LAR,14.0,1.0,,,,,,0.0,0.0,0.0,20.0,11.0,133.0,0.0,0.0,,,,,,,,,,,,,,,,,,,,,,,,,,,,,,,,,,,,,
Benny Snell Jr.,23.0,2021,RB,PIT,17.0,0.0,,,,,,36.0,98.0,0.0,4.0,2.0,13.0,0.0,0.0,,,,,,,,,,,,,,,,,,,,,,,,,,,,,,,,,,280.0,228.0,244.7,72.0
Blaine Gabbert,32.0,2021,QB,TAM,6.0,0.0,11.0,7.0,67.0,0.0,0.0,9.0,-7.0,0.0,0.0,0.0,0.0,0.0,0.0,,,,,,,,,,,,,,,,,,,,,,,,,,,,,,,,,,,,,
Blake Bell,30.0,2021,TE,KAN,16.0,5.0,,,,,,4.0,10.0,0.0,13.0,9.0,87.0,0.0,0.0,,,,,,,,,,,,,,,,,,,,,,,,,,,,,,,,,,,,,
Blake Gillikin,23.0,2021,K,NOR,17.0,0.0,1.0,0.0,0.0,0.0,0.0,,,,,,,,,0.0,0.0,0.0,0.0,0.0,0.0,0.0,0.0,0.0,0.0,,,,,,,,,,,,,,,,,,,,,,,,,,,
Blake Jarwin,27.0,2021,TE,DAL,8.0,5.0,,,,,,0.0,0.0,0.0,17.0,11.0,96.0,2.0,0.0,,,,,,,,,,,,,,,,,,,,,,,,,,,,,,,,217.0,218.0,202.0,236.0,219.0,26.0
Boston Scott,26.0,2021,RB,PHI,16.0,4.0,,,,,,87.0,373.0,7.0,16.0,13.0,83.0,0.0,1.0,,,,,,,,,,,,,,,,,,,,,,,,,,,,,,,,,204.0,297.0,206.0,238.8,69.0
Braden Mann,24.0,2021,K,NYJ,10.0,0.0,,,,,,1.0,4.0,0.0,0.0,0.0,0.0,0.0,0.0,0.0,0.0,0.0,0.0,0.0,0.0,0.0,0.0,0.0,0.0,,,,,,,,,,,,,,,,,,,,,,,,,,,
Bradley Pinion,27.0,2021,K,TAM,15.0,0.0,,,,,,,,,,,,,,0.0,0.0,0.0,0.0,1.0,0.0,1.0,0.0,0.0,0.0,,,,,,,,,,,,,,,,,,,,,,,,,,,
Brandin Cooks,28.0,2021,WR,HOU,16.0,16.0,,,,,,2.0,21.0,0.0,134.0,90.0,1037.0,6.0,0.0,,,,,,,,,,,,,,,,,,,,,,,,,,,,,,,,77.0,94.0,100.0,100.0,92.8,37.0
Brandon Aiyuk,23.0,2021,WR,SFO,17.0,16.0,,,,,,5.0,17.0,0.0,84.0,56.0,826.0,5.0,2.0,,,,,,,,,,,,,,,,,,,,,,,,,,,,,,,,59.0,61.0,64.0,62.0,60.8,23.0
Brandon Allen,29.0,2021,QB,CIN,6.0,1.0,34.0,17.0,149.0,2.0,0.0,7.0,-1.0,0.0,0.0,0.0,0.0,0.0,1.0,,,,,,,,,,,,,,,,,,,,,,,,,,,,,,,,,,,,,
Brandon Bolden,31.0,2021,RB,NWE,17.0,1.0,,,,,,44.0,226.0,1.0,49.0,41.0,405.0,2.0,1.0,,,,,,,,,,,,,,,,,,,,,,,,,,,,,,,1.0,,,,,,
Brandon McManus,30.0,2021,K,DEN,17.0,0.0,,,,,,,,,,,,,,14.0,13.0,8.0,8.0,9.0,5.0,31.0,26.0,34.0,33.0,,,,,,,,,,,,,,,,,,,,,,143.0,,177.0,238.0,195.5,12.0
Brandon Zylstra,28.0,2021,WR,CAR,13.0,3.0,1.0,0.0,0.0,0.0,0.0,0.0,0.0,0.0,25.0,18.0,250.0,1.0,0.0,0.0,0.0,0.0,0.0,0.0,0.0,0.0,0.0,0.0,0.0,,,,,,,,,,,,,,,,,,,,,,,,,,,
Braxton Berrios,26.0,2021,WR,NYJ,16.0,1.0,,,,,,7.0,40.0,2.0,65.0,46.0,431.0,2.0,1.0,,,,,,,,,,,,,,,,,,,,,,,,,,,,,,,,,,,,,
Breshad Perriman,28.0,2021,WR,TAM,6.0,0.0,,,,,,1.0,-3.0,0.0,18.0,11.0,167.0,1.0,0.0,,,,,,,,,,,,,,,,,,,,,,,,,,,,,,,,,,,,257.0,80.0
Brett Maher,32.0,2021,K,NOR,8.0,0.0,,,,,,,,,,,,,,13.0,12.0,4.0,4.0,1.0,0.0,18.0,16.0,12.0,10.0,,,,,,,,,,,,,,,,,,,,,,,,,,,
Brett Rypien,25.0,2021,QB,DEN,1.0,0.0,2.0,0.0,0.0,0.0,0.0,,,,,,,,,,,,,,,,,,,,,,,,,,,,,,,,,,,,,,,,,,,,,
Brevin Jordan,21.0,2021,TE,HOU,9.0,2.0,,,,,,0.0,0.0,0.0,28.0,20.0,178.0,3.0,0.0,,,,,,,,,,,,,,,,,,,,,,,,,,,,,,,,,,,,,
Brian Hoyer,36.0,2021,QB,NWE,5.0,0.0,11.0,9.0,227.0,1.0,0.0,11.0,-8.0,0.0,0.0,0.0,0.0,0.0,0.0,,,,,,,,,,,,,,,,,,,,,,,,,,,,,,,,,,,,,
Brian Johnson,22.0,2021,K,2TM,7.0,0.0,,,,,,,,,,,,,,8.0,8.0,1.0,1.0,1.0,1.0,10.0,10.0,13.0,9.0,,,,,,,,,,,,,,,,,,,,,,,,,,,
Brock Wright,23.0,2021,TE,DET,10.0,5.0,,,,,,0.0,0.0,0.0,17.0,12.0,117.0,2.0,0.0,,,,,,,,,,,,,,,,,,,,,,,,,,,,,,,,,,,,,
Bryan Edwards,23.0,2021,WR,LVR,16.0,12.0,,,,,,1.0,0.0,0.0,59.0,34.0,571.0,3.0,1.0,,,,,,,,,,,,,,,,,,,,,,,,,,,,,,,,214.0,191.0,262.0,191.0,207.4,68.0
Brycen Hopkins,24.0,2021,TE,LAR,5.0,0.0,,,,,,0.0,0.0,0.0,1.0,1.0,9.0,0.0,0.0,,,,,,,,,,,,,,,,,,,,,,,,,,,,,,,,,,,,,
Buddy Howell,25.0,2021,RB,LAR,10.0,0.0,,,,,,5.0,11.0,0.0,0.0,0.0,0.0,0.0,0.0,,,,,,,,,,,,,,,,,,,,,,,,,,,,,,,,,,,,,
Byron Pringle,28.0,2021,WR,KAN,17.0,5.0,,,,,,0.0,0.0,0.0,60.0,42.0,568.0,5.0,2.0,,,,,,,,,,,,,,,,,,,,,,,,,,,,,,,,,,,244.0,267.0,85.0
C.J. Beathard,28.0,2021,QB,JAX,2.0,0.0,2.0,2.0,33.0,0.0,0.0,1.0,2.0,0.0,0.0,0.0,0.0,0.0,0.0,,,,,,,,,,,,,,,,,,,,,,,,,,,,,,,,,,,,,
C.J. Board,28.0,2021,WR,NYG,6.0,1.0,,,,,,1.0,6.0,0.0,6.0,4.0,51.0,0.0,0.0,,,,,,,,,,,,,,,,,,,,,,,,,,,,,,,,,,,,,
C.J. Ham,28.0,2021,RB,MIN,17.0,8.0,,,,,,7.0,34.0,0.0,18.0,17.0,125.0,0.0,0.0,,,,,,,,,,,,,,,,,,,,,,,,,,,,,,,,,,,,,
C.J. Saunders,25.0,2021,WR,CAR,2.0,0.0,,,,,,0.0,0.0,0.0,2.0,2.0,11.0,0.0,0.0,,,,,,,,,,,,,,,,,,,,,,,,,,,,,,,,,,,,,
C.J. Uzomah,28.0,2021,TE,CIN,16.0,16.0,,,,,,0.0,0.0,0.0,63.0,49.0,493.0,5.0,0.0,,,,,,,,,,,,,,,,,,,,,,,,,,,,,,,,,,,290.0,308.0,35.0
Cairo Santos,30.0,2021,K,CHI,17.0,0.0,,,,,,,,,,,,,,15.0,15.0,13.0,11.0,2.0,0.0,30.0,26.0,28.0,27.0,,,,,,,,,,,,,,,,,,,,,,,,171.0,,249.5,20.0
Calvin Ridley,27.0,2021,WR,ATL,5.0,5.0,,,,,,0.0,0.0,0.0,52.0,31.0,281.0,2.0,0.0,,,,,,,,,,,,,,,,,,,,,,,,,,,,,,,,20.0,19.0,18.0,18.0,18.4,5.0
Cam Akers,22.0,2021,RB,LAR,1.0,0.0,,,,,,5.0,3.0,0.0,3.0,3.0,10.0,0.0,0.0,,,,,,,,,,,,,,,,,,,,,,,,,,,,,,,,226.0,,134.0,,271.7,84.0
Cam Newton,32.0,2021,QB,CAR,8.0,5.0,126.0,69.0,684.0,4.0,5.0,47.0,230.0,5.0,0.0,0.0,0.0,0.0,4.0,,,,,,,,,,,,,,,,,,,,,,,,,,,,,,,,229.0,258.0,198.0,,234.8,30.0
Cam Sims,25.0,2021,WR,WAS,14.0,3.0,,,,,,1.0,7.0,0.0,23.0,15.0,211.0,2.0,0.0,,,,,,,,,,,,,,,,,,,,,,,,,,,,,,,,,,,,375.0,117.0
Cameron Batson,26.0,2021,WR,TEN,4.0,0.0,,,,,,2.0,15.0,0.0,5.0,2.0,15.0,1.0,0.0,,,,,,,,,,,,,,,,,,,,,,,,,,,,,,,,,,,,,
Cameron Brate,30.0,2021,TE,TAM,17.0,3.0,,,,,,0.0,0.0,0.0,57.0,30.0,245.0,4.0,0.0,,,,,,,,,,,,,,,,,,,,,,,,,,,,,,,,,,,,,
Cameron Nizialek,26.0,2021,K,ATL,4.0,0.0,,,,,,,,,,,,,,0.0,0.0,0.0,0.0,0.0,0.0,0.0,0.0,0.0,0.0,,,,,,,,,,,,,,,,,,,,,,,,,,,
Carlos Hyde,31.0,2021,RB,JAX,12.0,2.0,,,,,,72.0,253.0,1.0,21.0,12.0,65.0,0.0,2.0,,,,,,,,,,,,,,,,,,,,,,,,,,,,,,,,,228.0,278.0,213.0,249.5,74.0
Carson Wentz,29.0,2021,QB,IND,17.0,17.0,516.0,322.0,3563.0,27.0,7.0,57.0,215.0,1.0,0.0,0.0,0.0,0.0,8.0,,,,,,,,,,,,,,,,,,,,,,,,,,,,,,,,211.0,242.0,224.0,177.0,231.8,29.0
Case Keenum,33.0,2021,QB,CLE,7.0,2.0,72.0,47.0,462.0,3.0,1.0,12.0,22.0,0.0,0.0,0.0,0.0,0.0,1.0,,,,,,,,,,,,,,,,,,,,,,,,,,,,,,,,,,,,,
Cedrick Wilson Jr.,26.0,2021,WR,DAL,16.0,4.0,3.0,3.0,88.0,0.0,0.0,2.0,11.0,0.0,61.0,45.0,602.0,6.0,3.0,,,,,,,,,,,,,,,,,,,,,,,,,,,,,,,,,,,,,
CeeDee Lamb,22.0,2021,WR,DAL,16.0,13.0,,,,,,9.0,76.0,0.0,120.0,79.0,1102.0,6.0,0.0,,,,,,,,,,,,,,,,,,,,,,,,,,,,,,,,30.0,40.0,33.0,28.0,32.8,12.0
Cethan Carter,26.0,2021,TE,MIA,16.0,1.0,,,,,,0.0,0.0,0.0,2.0,2.0,16.0,0.0,0.0,,,,,,,,,,,,,,,,,,,,,,,,,,,,,,,,,,,,,
Chad Henne,36.0,2021,QB,KAN,4.0,0.0,16.0,11.0,82.0,0.0,0.0,8.0,0.0,0.0,0.0,0.0,0.0,0.0,2.0,,,,,,,,,,,,,,,,,,,,,,,,,,,,,,,,,,,,441.0,45.0
Charlie Woerner,24.0,2021,TE,SFO,17.0,3.0,,,,,,0.0,0.0,0.0,6.0,5.0,52.0,0.0,0.0,,,,,,,,,,,,,,,,,,,,,,,,,,,,,,,,,,,,429.0,48.0
Chase Claypool,23.0,2021,WR,PIT,15.0,13.0,,,,,,14.0,96.0,0.0,105.0,59.0,860.0,2.0,0.0,,,,,,,,,,,,,,,,,,,,,,,,,,,,,,,,71.0,71.0,63.0,70.0,69.2,26.0
Chase Daniel,35.0,2021,QB,LAC,1.0,0.0,,,,,,2.0,-2.0,0.0,0.0,0.0,0.0,0.0,0.0,,,,,,,,,,,,,,,,,,,,,,,,,,,,,,,,,,,,,
Chase Edmonds,25.0,2021,RB,ARI,12.0,11.0,,,,,,116.0,592.0,2.0,53.0,43.0,311.0,0.0,1.0,,,,,,,,,,,,,,,,,,,,,,,,,,,,,,,,56.0,70.0,83.0,55.0,62.0,26.0
Chase McLaughlin,25.0,2021,K,CLE,16.0,0.0,,,,,,,,,,,,,,7.0,7.0,10.0,4.0,4.0,4.0,21.0,15.0,37.0,36.0,,,,,,,,,,,,,,,,,,,,,,212.0,,,,284.0,24.0
Chester Rogers,27.0,2021,WR,TEN,16.0,2.0,,,,,,1.0,9.0,0.0,43.0,30.0,301.0,1.0,4.0,,,,,,,,,,,,,,,,,,,,,,,,,,,,,,,,,,,,,
Chris Blewitt,26.0,2021,K,WAS,2.0,0.0,,,,,,,,,,,,,,0.0,0.0,4.0,1.0,1.0,1.0,5.0,2.0,2.0,2.0,,,,,,,,,,,,,,,,,,,,,,,,,,,
Chris Boswell,30.0,2021,K,PIT,17.0,0.0,1.0,0.0,0.0,0.0,0.0,,,,,,,,,18.0,17.0,13.0,11.0,9.0,8.0,40.0,36.0,29.0,27.0,,,,,,,,,,,,,,,,,,,,,,215.0,,193.0,229.0,239.5,18.0
Chris Carson,27.0,2021,RB,SEA,4.0,4.0,,,,,,54.0,232.0,3.0,6.0,6.0,29.0,0.0,1.0,,,,,,,,,,,,,,,,,,,,,,,,,,,,,,,,37.0,34.0,36.0,31.0,32.4,16.0
Chris Conley,29.0,2021,WR,HOU,16.0,10.0,,,,,,1.0,3.0,0.0,37.0,22.0,323.0,2.0,1.0,,,,,,,,,,,,,,,,,,,,,,,,,,,,,,,,,,,,319.0,104.0
Chris Evans,24.0,2021,RB,CIN,14.0,1.0,,,,,,17.0,77.0,0.0,17.0,15.0,151.0,2.0,0.0,,,,,,,,,,,,,,,,,,,,,,,,,,,,,,,,,,,280.0,297.0,89.0
Chris Godwin,25.0,2021,WR,TAM,14.0,14.0,,,,,,4.0,21.0,1.0,127.0,98.0,1103.0,5.0,2.0,,,,,,,,,,,,,,,,,,,,,,,,,,,,,,,,46.0,44.0,40.0,41.0,42.4,16.0
Chris Herndon,25.0,2021,RB,MIN,16.0,5.0,,,,,,0.0,0.0,0.0,7.0,4.0,40.0,1.0,0.0,,,,,,,,,,,,,,,,,,,,,,,,,,,,,,,,,,,,,
Chris Hogan,34.0,2021,WR,NOR,5.0,1.0,,,,,,0.0,0.0,0.0,8.0,4.0,41.0,1.0,0.0,,,,,,,,,,,,,,,,,,,,,,,,,,,,,,,,,,,,,
Chris Manhertz,29.0,2021,TE,JAX,17.0,10.0,,,,,,0.0,0.0,0.0,9.0,6.0,71.0,1.0,0.0,,,,,,,,,,,,,,,,,,,,,,,,,,,,,,,,,,,,,
Chris Moore,28.0,2021,WR,HOU,12.0,1.0,,,,,,0.0,0.0,0.0,22.0,21.0,227.0,2.0,0.0,,,,,,,,,,,,,,,,,,,,,,,,,,,,,,,,,,,,,
Chris Myarick,26.0,2021,TE,NYG,8.0,3.0,,,,,,0.0,0.0,0.0,6.0,3.0,17.0,1.0,0.0,,,,,,,,,,,,,,,,,,,,,,,,,,,,,,,,,,,,,
Chris Naggar,24.0,2021,K,CLE,1.0,0.0,,,,,,,,,,,,,,1.0,1.0,0.0,0.0,0.0,0.0,1.0,1.0,2.0,1.0,,,,,,,,,,,,,,,,,,,,,,,,,,,
Chris Streveler,26.0,2021,QB,ARI,2.0,0.0,9.0,6.0,36.0,0.0,0.0,3.0,6.0,0.0,0.0,0.0,0.0,0.0,1.0,,,,,,,,,,,,,,,,,,,,,,,,,,,,,,,,,,,,,
Christian Blake,25.0,2021,WR,ATL,16.0,0.0,,,,,,0.0,0.0,0.0,9.0,4.0,25.0,0.0,0.0,,,,,,,,,,,,,,,,,,,,,,,,,,,,,,,,,,,,,
Christian Kirk,25.0,2021,WR,ARI,17.0,11.0,1.0,1.0,33.0,0.0,0.0,1.0,11.0,0.0,103.0,77.0,982.0,5.0,0.0,,,,,,,,,,,,,,,,,,,,,,,,,,,,,,,,,219.0,255.0,181.0,209.3,69.0
Christian McCaffrey,25.0,2021,RB,CAR,7.0,7.0,,,,,,99.0,442.0,1.0,41.0,37.0,343.0,1.0,1.0,,,,,,,,,,,,,,,,,,,,,,,,,,,,,,,,1.0,1.0,1.0,1.0,1.0,1.0
Christian Wilkins,26.0,2021,RDE,MIA,17.0,17.0,,,,,,0.0,0.0,0.0,1.0,1.0,1.0,1.0,1.0,,,,,,,,,,,,,,,,,,,,,,,,,,,,,,,,,,,,,
Chuba Hubbard,22.0,2021,RB,CAR,17.0,10.0,,,,,,172.0,612.0,5.0,37.0,25.0,174.0,1.0,1.0,,,,,,,,,,,,,,,,,,,,,,,,,,,,,,,,210.0,154.0,259.0,168.0,176.6,50.0
Clyde Edwards-Helaire,22.0,2021,RB,KAN,10.0,10.0,,,,,,119.0,517.0,4.0,23.0,19.0,129.0,2.0,2.0,,,,,,,,,,,,,,,,,,,,,,,,,,,,,,,,26.0,25.0,26.0,24.0,24.2,14.0
Codey McElroy,29.0,2021,TE,TAM,2.0,0.0,,,,,,0.0,0.0,0.0,1.0,0.0,0.0,0.0,0.0,,,,,,,,,,,,,,,,,,,,,,,,,,,,,,,,,,,,,
Cody Hollister,28.0,2021,WR,TEN,3.0,1.0,,,,,,0.0,0.0,0.0,7.0,4.0,33.0,0.0,0.0,,,,,,,,,,,,,,,,,,,,,,,,,,,,,,,,,,,,,
Cody Parkey,29.0,2021,K,NOR,1.0,0.0,,,,,,,,,,,,,,0.0,0.0,0.0,0.0,0.0,0.0,0.0,0.0,5.0,3.0,,,,,,,,,,,,,,,,,,,,,,,,299.0,,316.0,29.0
Cody White,23.0,2021,WR,PIT,15.0,0.0,,,,,,0.0,0.0,0.0,6.0,5.0,33.0,0.0,0.0,,,,,,,,,,,,,,,,,,,,,,,,,,,,,,,,,,,,,
Colby Parkinson,22.0,2021,TE,SEA,14.0,1.0,,,,,,0.0,0.0,0.0,8.0,5.0,33.0,0.0,0.0,,,,,,,,,,,,,,,,,,,,,,,,,,,,,,,,,,,,,
Cole Beasley,32.0,2021,WR,BUF,16.0,8.0,1.0,0.0,0.0,0.0,0.0,0.0,0.0,0.0,112.0,82.0,693.0,1.0,1.0,,,,,,,,,,,,,,,,,,,,,,,,,,,,,,,1.0,133.0,159.0,169.0,138.0,143.8,53.0
Cole Kmet,22.0,2021,TE,CHI,17.0,17.0,,,,,,1.0,0.0,0.0,93.0,60.0,612.0,0.0,0.0,,,,,,,,,,,,,,,,,,,,,,,,,,,,,,,,174.0,186.0,187.0,188.0,187.4,22.0
Colin Thompson,28.0,2021,TE,CAR,11.0,2.0,,,,,,0.0,0.0,0.0,1.0,0.0,0.0,0.0,0.0,,,,,,,,,,,,,,,,,,,,,,,,,,,,,,,,,,,,,
Collin Johnson,24.0,2021,WR,NYG,12.0,1.0,,,,,,0.0,0.0,0.0,21.0,11.0,105.0,0.0,0.0,,,,,,,,,,,,,,,,,,,,,,,,,,,,,,,,,,,,,
Colt McCoy,35.0,2021,QB,ARI,8.0,3.0,99.0,74.0,740.0,3.0,1.0,22.0,37.0,0.0,0.0,0.0,0.0,0.0,4.0,,,,,,,,,,,,,,,,,,,,,,,,,,,,,,,,,,,,,
Cooper Kupp,28.0,2021,WR,LAR,17.0,17.0,1.0,0.0,0.0,0.0,0.0,4.0,18.0,0.0,191.0,145.0,1947.0,16.0,0.0,,,,,,,,,,,,,,,,,,,,,,,,,,,,,,,,47.0,46.0,53.0,43.0,46.0,17.0
Cooper Rush,28.0,2021,QB,DAL,5.0,1.0,47.0,30.0,422.0,3.0,1.0,9.0,-8.0,0.0,0.0,0.0,0.0,0.0,1.0,,,,,,,,,,,,,,,,,,,,,,,,,,,,,,,,,,,,,
Cordarrelle Patterson,30.0,2021,RB,ATL,16.0,13.0,1.0,0.0,0.0,0.0,0.0,153.0,618.0,6.0,69.0,52.0,548.0,5.0,2.0,,,,,,,,,,,,,,,,,,,,,,,,,,,,,,,,,231.0,,258.0,248.3,73.0
Corey Clement,27.0,2021,RB,DAL,17.0,0.0,,,,,,33.0,140.0,0.0,7.0,6.0,29.0,1.0,0.0,,,,,,,,,,,,,,,,,,,,,,,,,,,,,,,,,,,,419.0,104.0
Corey Davis,26.0,2021,WR,NYJ,9.0,9.0,,,,,,0.0,0.0,0.0,59.0,34.0,492.0,4.0,2.0,,,,,,,,,,,,,,,,,,,,,,,,,,,,,,,,94.0,105.0,135.0,84.0,95.6,39.0
Courtland Sutton,26.0,2021,WR,DEN,17.0,16.0,1.0,1.0,16.0,0.0,0.0,0.0,0.0,0.0,98.0,58.0,776.0,2.0,0.0,,,,,,,,,,,,,,,,,,,,,,,,,,,,,,,,73.0,81.0,96.0,69.0,79.6,33.0
Craig Reynolds,25.0,2021,RB,DET,5.0,2.0,,,,,,55.0,230.0,0.0,8.0,7.0,52.0,0.0,0.0,,,,,,,,,,,,,,,,,,,,,,,,,,,,,,,,,,,,,
Curtis Samuel,25.0,2021,WR,WAS,5.0,1.0,,,,,,4.0,11.0,0.0,9.0,6.0,27.0,0.0,0.0,,,,,,,,,,,,,,,,,,,,,,,,,,,,,,,,119.0,120.0,111.0,115.0,118.2,45.0
Cyril Grayson,28.0,2021,WR,TAM,5.0,3.0,,,,,,1.0,14.0,0.0,12.0,10.0,212.0,2.0,0.0,,,,,,,,,,,,,,,,,,,,,,,,,,,,,,,,,,,,,
D'Andre Swift,22.0,2021,RB,DET,13.0,4.0,1.0,0.0,0.0,0.0,0.0,151.0,617.0,5.0,78.0,62.0,452.0,2.0,2.0,,,,,,,,,,,,,,,,,,,,,,,,,,,,,,,,44.0,33.0,38.0,35.0,36.8,19.0
D'Ernest Johnson,25.0,2021,RB,CLE,17.0,2.0,,,,,,100.0,534.0,3.0,25.0,19.0,137.0,0.0,1.0,,,,,,,,,,,,,,,,,,,,,,,,,,,,,,,,,,,,,
D'Onta Foreman,25.0,2021,RB,TEN,9.0,3.0,,,,,,133.0,566.0,3.0,11.0,9.0,123.0,0.0,2.0,,,,,,,,,,,,,,,,,,,,,,,,,,,,,,,,,,,,335.0,94.0
D'Wayne Eskridge,24.0,2021,WR,SEA,10.0,0.0,,,,,,4.0,59.0,0.0,20.0,10.0,64.0,1.0,0.0,,,,,,,,,,,,,,,,,,,,,,,,,,,,,,,,,,,,,
D.J. Montgomery,25.0,2021,WR,NYJ,3.0,0.0,,,,,,0.0,0.0,0.0,6.0,3.0,36.0,0.0,0.0,,,,,,,,,,,,,,,,,,,,,,,,,,,,,,,,,,,,,
D.J. Moore,24.0,2021,WR,CAR,17.0,17.0,,,,,,8.0,48.0,0.0,163.0,93.0,1157.0,4.0,1.0,,,,,,,,,,,,,,,,,,,,,,,,,,,,,,,,54.0,50.0,61.0,51.0,53.4,22.0
D.K. Metcalf,24.0,2021,WR,SEA,17.0,17.0,,,,,,1.0,6.0,0.0,129.0,75.0,967.0,12.0,1.0,,,,,,,,,,,,,,,,,,,,,,,,,,,,,,,,18.0,18.0,19.0,20.0,18.8,6.0
DJ Chark,25.0,2021,WR,JAX,4.0,4.0,,,,,,0.0,0.0,0.0,22.0,7.0,154.0,2.0,0.0,,,,,,,,,,,,,,,,,,,,,,,,,,,,,,,,111.0,79.0,117.0,106.0,102.0,40.0
Dak Prescott,28.0,2021,QB,DAL,16.0,16.0,596.0,410.0,4449.0,37.0,10.0,48.0,146.0,1.0,0.0,0.0,0.0,0.0,14.0,,,,,,,,,,,,,,,,,,,,,,,,,,,,,,,,51.0,59.0,45.0,58.0,56.0,7.0
Dallas Goedert,26.0,2021,TE,PHI,15.0,14.0,,,,,,0.0,0.0,0.0,76.0,56.0,830.0,4.0,1.0,,,,,,,,,,,,,,,,,,,,,,,,,,,,,,,,99.0,85.0,97.0,105.0,99.2,10.0
Dalton Schultz,25.0,2021,TE,DAL,17.0,15.0,,,,,,0.0,0.0,0.0,104.0,78.0,808.0,8.0,0.0,,,,,,,,,,,,,,,,,,,,,,,,,,,,,,,,,,242.0,262.0,269.0,32.0
Dalvin Cook,26.0,2021,RB,MIN,13.0,13.0,,,,,,249.0,1159.0,6.0,49.0,34.0,224.0,0.0,3.0,,,,,,,,,,,,,,,,,,,,,,,,,,,,,,,,2.0,2.0,2.0,2.0,2.0,2.0
Damarea Crockett,24.0,2021,RB,DEN,12.0,0.0,,,,,,3.0,7.0,0.0,0.0,0.0,0.0,0.0,0.0,,,,,,,,,,,,,,,,,,,,,,,,,,,,,,,,,,,,,
Damien Harris,24.0,2021,RB,NWE,15.0,15.0,,,,,,202.0,929.0,15.0,21.0,18.0,132.0,0.0,2.0,,,,,,,,,,,,,,,,,,,,,,,,,,,,,,,,76.0,88.0,113.0,57.0,72.0,28.0
Damien Williams,29.0,2021,RB,CHI,12.0,2.0,,,,,,40.0,164.0,2.0,23.0,16.0,103.0,1.0,0.0,,,,,,,,,,,,,,,,,,,,,,,,,,,,,,,,,210.0,276.0,176.0,211.5,58.0
Damiere Byrd,28.0,2021,WR,CHI,17.0,4.0,,,,,,0.0,0.0,0.0,38.0,26.0,329.0,1.0,1.0,,,,,,,,,,,,,,,,,,,,,,,,,,,,,,,,,,,,377.0,119.0
Dan Arnold,26.0,2021,WR,2TM,11.0,4.0,,,,,,0.0,0.0,0.0,52.0,35.0,408.0,0.0,1.0,,,,,,,,,,,,,,,,,,,,,,,,,,,,,,,,,,,289.0,270.5,86.0
Daniel Brown,29.0,2021,WR,NYJ,12.0,0.0,,,,,,0.0,0.0,0.0,2.0,2.0,29.0,0.0,0.0,,,,,,,,,,,,,,,,,,,,,,,,,,,,,,,,,,,,,
Daniel Carlson,26.0,2021,K,LVR,17.0,0.0,,,,,,,,,,,,,,23.0,22.0,13.0,12.0,7.0,6.0,43.0,40.0,33.0,30.0,,,,,,,,,,,,,,,,,,,,,,,202.0,103.0,210.0,183.6,9.0
Daniel Helm,26.0,2021,TE,LVR,9.0,1.0,,,,,,0.0,0.0,0.0,2.0,1.0,-1.0,0.0,0.0,,,,,,,,,,,,,,,,,,,,,,,,,,,,,,,,,,,,,
Daniel Jones,24.0,2021,QB,NYG,11.0,11.0,361.0,232.0,2428.0,10.0,7.0,62.0,298.0,2.0,1.0,1.0,16.0,0.0,7.0,,,,,,,,,,,,,,,,,,,,,,,,,,,,,,,2.0,196.0,221.0,236.0,202.0,207.2,27.0
Danny Amendola,36.0,2021,WR,HOU,8.0,0.0,1.0,0.0,0.0,0.0,0.0,0.0,0.0,0.0,38.0,24.0,248.0,3.0,1.0,,,,,,,,,,,,,,,,,,,,,,,,,,,,,,,1.0,,,,,,
Dante Pettis,26.0,2021,WR,NYG,3.0,0.0,1.0,1.0,16.0,0.0,0.0,0.0,0.0,0.0,16.0,10.0,87.0,1.0,1.0,,,,,,,,,,,,,,,,,,,,,,,,,,,,,,,,,,,,,
Dare Ogunbowale,27.0,2021,RB,JAX,17.0,2.0,,,,,,43.0,137.0,1.0,21.0,13.0,114.0,1.0,0.0,,,,,,,,,,,,,,,,,,,,,,,,,,,,,,,,,,,,,
Darius Bradwell,24.0,2021,RB,LAC,2.0,0.0,,,,,,0.0,0.0,0.0,1.0,0.0,0.0,0.0,0.0,,,,,,,,,,,,,,,,,,,,,,,,,,,,,,,,,,,,,
Darius Slayton,24.0,2021,WR,NYG,13.0,5.0,,,,,,1.0,-13.0,0.0,58.0,26.0,339.0,2.0,1.0,,,,,,,,,,,,,,,,,,,,,,,,,,,,,,,,,,,302.0,286.5,93.0
Darnell Mooney,24.0,2021,WR,CHI,17.0,14.0,,,,,,6.0,32.0,1.0,140.0,81.0,1055.0,4.0,0.0,,,,,,,,,,,,,,,,,,,,,,,,,,,,,,,,152.0,124.0,137.0,122.0,128.6,50.0
Darrel Williams,26.0,2021,RB,KAN,17.0,7.0,,,,,,144.0,558.0,6.0,57.0,47.0,452.0,2.0,0.0,,,,,,,,,,,,,,,,,,,,,,,,,,,,,,,,,239.0,240.0,196.0,213.2,59.0
Darrell Daniels,27.0,2021,TE,ARI,15.0,4.0,,,,,,0.0,0.0,0.0,4.0,1.0,0.0,0.0,0.0,,,,,,,,,,,,,,,,,,,,,,,,,,,,,,,,,,,,,
Darrell Henderson,24.0,2021,RB,LAR,12.0,10.0,,,,,,149.0,688.0,5.0,40.0,29.0,176.0,3.0,0.0,,,,,,,,,,,,,,,,,,,,,,,,,,,,,,,,75.0,45.0,70.0,52.0,60.0,24.0
Darren Fells,35.0,2021,TE,DET,7.0,5.0,,,,,,0.0,0.0,0.0,5.0,4.0,43.0,0.0,0.0,,,,,,,,,,,,,,,,,,,,,,,,,,,,,,,,,,,,,
Darren Waller,29.0,2021,TE,LVR,11.0,11.0,,,,,,0.0,0.0,0.0,93.0,55.0,665.0,2.0,0.0,,,,,,,,,,,,,,,,,,,,,,,,,,,,,,,,21.0,26.0,22.0,22.0,22.4,2.0
Darrynton Evans,23.0,2021,RB,TEN,1.0,0.0,,,,,,2.0,7.0,0.0,2.0,2.0,11.0,0.0,0.0,,,,,,,,,,,,,,,,,,,,,,,,,,,,,,,,,260.0,,215.0,238.0,68.0
Davante Adams,29.0,2021,WR,GNB,16.0,16.0,,,,,,0.0,0.0,0.0,169.0,123.0,1553.0,11.0,0.0,,,,,,,,,,,,,,,,,,,,,,,,,,,,,,,,5.0,10.0,10.0,6.0,6.6,1.0
David Blough,26.0,2021,QB,DET,1.0,0.0,0.0,0.0,0.0,0.0,0.0,1.0,6.0,0.0,0.0,0.0,0.0,0.0,1.0,,,,,,,,,,,,,,,,,,,,,,,,,,,,,,,,,,,,,
David Johnson,30.0,2021,RB,HOU,13.0,4.0,,,,,,67.0,228.0,0.0,42.0,32.0,225.0,1.0,1.0,,,,,,,,,,,,,,,,,,,,,,,,,,,,,,,,140.0,121.0,130.0,125.0,129.8,41.0
David Montgomery,24.0,2021,RB,CHI,13.0,13.0,1.0,0.0,0.0,0.0,1.0,225.0,849.0,7.0,51.0,42.0,301.0,0.0,1.0,,,,,,,,,,,,,,,,,,,,,,,,,,,,,,,,34.0,35.0,31.0,26.0,30.2,15.0
David Moore,26.0,2021,WR,DEN,2.0,0.0,,,,,,0.0,0.0,0.0,2.0,0.0,0.0,0.0,0.0,,,,,,,,,,,,,,,,,,,,,,,,,,,,,,,,,,,,329.0,107.0
David Njoku,25.0,2021,TE,CLE,16.0,11.0,,,,,,1.0,1.0,0.0,53.0,36.0,475.0,4.0,0.0,,,,,,,,,,,,,,,,,,,,,,,,,,,,,,,,,,265.0,,324.0,37.0
David Sills,25.0,2021,WR,NYG,4.0,1.0,,,,,,0.0,0.0,0.0,6.0,2.0,17.0,0.0,0.0,,,,,,,,,,,,,,,,,,,,,,,,,,,,,,,,,,,,,
Davion Davis,25.0,2021,WR,HOU,2.0,1.0,,,,,,0.0,0.0,0.0,3.0,1.0,17.0,0.0,0.0,,,,,,,,,,,,,,,,,,,,,,,,,,,,,,,,,,,,,
Davis Mills,23.0,2021,QB,HOU,13.0,11.0,394.0,263.0,2664.0,16.0,10.0,18.0,44.0,0.0,0.0,0.0,0.0,0.0,5.0,,,,,,,,,,,,,,,,,,,,,,,,,,,,,,,,,,,,439.0,44.0
Davis Webb,26.0,2021,QB,BUF,1.0,0.0,,,,,,2.0,-3.0,0.0,0.0,0.0,0.0,0.0,0.0,,,,,,,,,,,,,,,,,,,,,,,,,,,,,,,,,,,,,
Dawson Knox,25.0,2021,TE,BUF,15.0,14.0,,,,,,0.0,4.0,0.0,71.0,49.0,587.0,9.0,0.0,,,,,,,,,,,,,,,,,,,,,,,,,,,,,,,,,,254.0,264.0,274.0,33.0
Dax Milne,22.0,2021,WR,WAS,13.0,1.0,,,,,,1.0,1.0,0.0,14.0,9.0,83.0,0.0,1.0,,,,,,,,,,,,,,,,,,,,,,,,,,,,,,,,,,,,,
Dazz Newsome,22.0,2021,WR,CHI,3.0,1.0,,,,,,0.0,0.0,0.0,5.0,2.0,23.0,0.0,0.0,,,,,,,,,,,,,,,,,,,,,,,,,,,,,,,,,,,,412.0,128.0
DeAndre Carter,28.0,2021,WR,WAS,17.0,6.0,,,,,,10.0,89.0,0.0,44.0,24.0,296.0,3.0,3.0,,,,,,,,,,,,,,,,,,,,,,,,,,,,,,,,,,,,,
DeAndre Hopkins,29.0,2021,WR,ARI,10.0,10.0,,,,,,0.0,0.0,0.0,64.0,42.0,572.0,8.0,0.0,,,,,,,,,,,,,,,,,,,,,,,,,,,,,,,,17.0,17.0,17.0,19.0,17.2,4.0
DeSean Jackson,35.0,2021,WR,2TM,16.0,4.0,,,,,,1.0,4.0,0.0,34.0,20.0,454.0,2.0,1.0,,,,,,,,,,,,,,,,,,,,,,,,,,,,,,,,,,267.0,300.0,280.3,92.0
DeVante Parker,28.0,2021,WR,MIA,10.0,8.0,,,,,,0.0,0.0,0.0,73.0,40.0,515.0,2.0,0.0,,,,,,,,,,,,,,,,,,,,,,,,,,,,,,,,146.0,149.0,,116.0,134.2,52.0
DeVonta Smith,23.0,2021,WR,PHI,17.0,16.0,,,,,,0.0,0.0,0.0,104.0,64.0,916.0,5.0,1.0,,,,,,,,,,,,,,,,,,,,,,,,,,,,,,,,81.0,73.0,78.0,76.0,77.0,31.0
Dede Westbrook,28.0,2021,WR,MIN,15.0,0.0,,,,,,0.0,0.0,0.0,15.0,10.0,68.0,0.0,2.0,,,,,,,,,,,,,,,,,,,,,,,,,,,,,,,,,,,,414.0,129.0
DeeJay Dallas,23.0,2021,RB,SEA,17.0,0.0,,,,,,33.0,138.0,2.0,23.0,21.0,133.0,0.0,1.0,,,,,,,,,,,,,,,,,,,,,,,,,,,,,,,,,,,,418.0,103.0
Deebo Samuel,25.0,2021,WR,SFO,16.0,15.0,2.0,1.0,24.0,1.0,0.0,59.0,365.0,8.0,121.0,77.0,1405.0,6.0,4.0,,,,,,,,,,,,,,,,,,,,,,,,,,,,,,,,92.0,84.0,128.0,81.0,88.0,34.0
Demarcus Robinson,27.0,2021,WR,KAN,17.0,10.0,,,,,,0.0,0.0,0.0,41.0,25.0,264.0,3.0,0.0,,,,,,,,,,,,,,,,,,,,,,,,,,,,,,,,,,288.0,,278.5,90.0
Demetric Felton,23.0,2021,WR,CLE,16.0,2.0,,,,,,7.0,24.0,0.0,21.0,18.0,181.0,2.0,4.0,,,,,,,,,,,,,,,,,,,,,,,,,,,,,,,,,,,,420.0,132.0
Demetrius Harris,30.0,2021,TE,ARI,14.0,4.0,,,,,,0.0,0.0,0.0,6.0,3.0,10.0,0.0,0.0,,,,,,,,,,,,,,,,,,,,,,,,,,,,,,,,,,,,,
Denzel Mims,24.0,2021,WR,NYJ,11.0,3.0,,,,,,0.0,0.0,0.0,23.0,8.0,133.0,0.0,0.0,,,,,,,,,,,,,,,,,,,,,,,,,,,,,,,,,,,260.0,261.5,84.0
Deon Jackson,22.0,2021,RB,IND,9.0,0.0,,,,,,13.0,31.0,1.0,0.0,0.0,0.0,0.0,0.0,,,,,,,,,,,,,,,,,,,,,,,,,,,,,,,,,,,,,
Deon Yelder,26.0,2021,TE,TAM,5.0,0.0,,,,,,0.0,0.0,0.0,1.0,1.0,0.0,0.0,0.0,,,,,,,,,,,,,,,,,,,,,,,,,,,,,,,,,,,,,
Deonte Harty,24.0,2021,WR,NOR,13.0,1.0,,,,,,5.0,41.0,0.0,59.0,36.0,570.0,3.0,2.0,,,,,,,,,,,,,,,,,,,,,,,,,,,,,,,,,,,,325.0,106.0
Derek Carr,30.0,2021,QB,LVR,17.0,17.0,626.0,428.0,4804.0,23.0,14.0,40.0,108.0,0.0,0.0,0.0,0.0,0.0,13.0,,,,,,,,,,,,,,,,,,,,,,,,,,,,,,,,184.0,213.0,180.0,179.0,186.4,25.0
Derek Carrier,31.0,2021,TE,LVR,5.0,1.0,,,,,,0.0,0.0,0.0,2.0,2.0,13.0,0.0,0.0,,,,,,,,,,,,,,,,,,,,,,,,,,,,,,,,,,,,,
Derek Watt,29.0,2021,RB,PIT,17.0,4.0,,,,,,1.0,1.0,0.0,3.0,3.0,15.0,0.0,0.0,,,,,,,,,,,,,,,,,,,,,,,,,,,,,,,,,,,,,
Derrick Gore,27.0,2021,RB,KAN,11.0,0.0,,,,,,51.0,256.0,2.0,9.0,8.0,105.0,0.0,0.0,,,,,,,,,,,,,,,,,,,,,,,,,,,,,,,,,,,,,
Derrick Henry,27.0,2021,RB,TEN,8.0,8.0,1.0,1.0,5.0,1.0,0.0,219.0,937.0,10.0,20.0,18.0,154.0,0.0,1.0,,,,,,,,,,,,,,,,,,,,,,,,,,,,,,,,4.0,4.0,3.0,4.0,4.0,4.0
Devin Duvernay,24.0,2021,WR,BAL,16.0,7.0,,,,,,7.0,50.0,0.0,47.0,33.0,272.0,2.0,1.0,,,,,,,,,,,,,,,,,,,,,,,,,,,,,,,,,,,,424.0,134.0
Devin Singletary,24.0,2021,RB,BUF,17.0,16.0,,,,,,188.0,870.0,7.0,50.0,40.0,228.0,1.0,5.0,,,,,,,,,,,,,,,,,,,,,,,,,,,,,,,,128.0,117.0,146.0,104.0,112.4,37.0
Devin Smith,29.0,2021,WR,JAX,4.0,0.0,,,,,,0.0,0.0,0.0,1.0,0.0,0.0,0.0,0.0,,,,,,,,,,,,,,,,,,,,,,,,,,,,,,,,,,,,408.0,127.0
Devine Ozigbo,25.0,2021,RB,NOR,2.0,0.0,,,,,,1.0,-3.0,0.0,1.0,1.0,7.0,0.0,0.0,,,,,,,,,,,,,,,,,,,,,,,,,,,,,,,,,,,,,
Devonta Freeman,29.0,2021,RB,BAL,16.0,8.0,,,,,,133.0,576.0,5.0,42.0,34.0,190.0,1.0,0.0,,,,,,,,,,,,,,,,,,,,,,,,,,,,,,,,,,,,,
Devontae Booker,29.0,2021,RB,NYG,16.0,4.0,,,,,,145.0,593.0,2.0,45.0,40.0,268.0,1.0,0.0,,,,,,,,,,,,,,,,,,,,,,,,,,,,,,,,,198.0,,199.0,200.0,55.0
Dez Fitzpatrick,24.0,2021,WR,TEN,4.0,0.0,,,,,,0.0,0.0,0.0,8.0,5.0,49.0,1.0,0.0,,,,,,,,,,,,,,,,,,,,,,,,,,,,,,,,,,,,387.0,123.0
Dezmon Patmon,23.0,2021,WR,IND,8.0,0.0,,,,,,0.0,0.0,0.0,4.0,2.0,21.0,1.0,0.0,,,,,,,,,,,,,,,,,,,,,,,,,,,,,,,,,,,,,
Diontae Johnson,25.0,2021,WR,PIT,16.0,14.0,,,,,,5.0,53.0,0.0,169.0,107.0,1161.0,8.0,2.0,,,,,,,,,,,,,,,,,,,,,,,,,,,,,,,,53.0,60.0,49.0,54.0,51.8,21.0
Diontae Spencer,29.0,2021,WR,DEN,15.0,0.0,,,,,,0.0,0.0,0.0,4.0,1.0,-3.0,0.0,2.0,,,,,,,,,,,,,,,,,,,,,,,,,,,,,,,,,,,,,
Dominik Eberle,25.0,2021,K,HOU,1.0,0.0,,,,,,,,,,,,,,1.0,1.0,0.0,0.0,2.0,1.0,3.0,2.0,5.0,5.0,,,,,,,,,,,,,,,,,,,,,,,,,,,
Dominique Dafney,24.0,2021,TE,GNB,10.0,2.0,,,,,,0.0,0.0,0.0,4.0,2.0,34.0,0.0,0.0,,,,,,,,,,,,,,,,,,,,,,,,,,,,,,,,,,,,,
Donald Parham,24.0,2021,TE,LAC,14.0,9.0,,,,,,0.0,0.0,0.0,27.0,20.0,190.0,3.0,0.0,,,,,,,,,,,,,,,,,,,,,,,,,,,,,,,,,,,261.0,312.5,36.0
Donovan Peoples-Jones,22.0,2021,WR,CLE,14.0,9.0,,,,,,0.0,0.0,0.0,58.0,34.0,597.0,3.0,2.0,,,,,,,,,,,,,,,,,,,,,,,,,,,,,,,,,236.0,284.0,283.0,271.3,87.0
Dontrell Hilliard,26.0,2021,RB,TEN,8.0,5.0,,,,,,56.0,350.0,2.0,26.0,19.0,87.0,0.0,2.0,,,,,,,,,,,,,,,,,,,,,,,,,,,,,,,,,,,,,
Drew Lock,25.0,2021,QB,DEN,6.0,3.0,111.0,67.0,787.0,2.0,2.0,10.0,53.0,2.0,1.0,1.0,1.0,0.0,2.0,,,,,,,,,,,,,,,,,,,,,,,,,,,,,,,,,,,,296.0,37.0
Drew Sample,25.0,2021,TE,CIN,17.0,8.0,,,,,,0.0,0.0,0.0,15.0,11.0,81.0,0.0,0.0,,,,,,,,,,,,,,,,,,,,,,,,,,,,,,,,,,,,447.0,51.0
Duke Johnson,28.0,2021,RB,MIA,5.0,4.0,,,,,,71.0,330.0,3.0,5.0,4.0,41.0,0.0,0.0,,,,,,,,,,,,,,,,,,,,,,,,,,,,,,,,,,,,,
Durham Smythe,26.0,2021,TE,MIA,17.0,12.0,,,,,,2.0,3.0,0.0,41.0,34.0,357.0,0.0,0.0,,,,,,,,,,,,,,,,,,,,,,,,,,,,,,,,,,,,440.0,50.0
Dustin Hopkins,31.0,2021,K,2TM,17.0,0.0,,,,,,,,,,,,,,15.0,15.0,14.0,13.0,5.0,2.0,34.0,30.0,44.0,40.0,,,,,,,,,,,,,,,,,,,,,,,,256.0,246.0,286.3,26.0
Dwayne Washington,27.0,2021,RB,NOR,14.0,0.0,,,,,,4.0,16.0,0.0,2.0,2.0,12.0,0.0,0.0,,,,,,,,,,,,,,,,,,,,,,,,,,,,,,,,,,,,,
Dyami Brown,22.0,2021,WR,WAS,15.0,6.0,,,,,,1.0,-4.0,0.0,25.0,12.0,165.0,0.0,0.0,,,,,,,,,,,,,,,,,,,,,,,,,,,,,,,,,,,288.0,304.0,98.0
Easop Winston,25.0,2021,WR,NOR,3.0,1.0,,,,,,0.0,0.0,0.0,1.0,1.0,5.0,0.0,0.0,,,,,,,,,,,,,,,,,,,,,,,,,,,,,,,,,,,,406.0,126.0
Eddy PiÃ±eiro,26.0,2021,K,NYJ,5.0,0.0,,,,,,,,,,,,,,4.0,4.0,3.0,3.0,1.0,1.0,8.0,8.0,10.0,9.0,,,,,,,,,,,,,,,,,,,,,,,,,,,
Elijah Mitchell,23.0,2021,RB,SFO,11.0,10.0,,,,,,207.0,963.0,5.0,20.0,19.0,137.0,1.0,0.0,,,,,,,,,,,,,,,,,,,,,,,,,,,,,,,,,,,,219.0,61.0
Elijah Moore,21.0,2021,WR,NYJ,11.0,6.0,,,,,,5.0,54.0,1.0,77.0,43.0,538.0,5.0,0.0,,,,,,,,,,,,,,,,,,,,,,,,,,,,,,,,160.0,136.0,167.0,149.0,145.6,55.0
Elijhaa Penny,28.0,2021,RB,NYG,17.0,3.0,,,,,,24.0,99.0,1.0,13.0,9.0,30.0,1.0,0.0,,,,,,,,,,,,,,,,,,,,,,,,,,,,,,,,,,,,,
Elliott Fry,27.0,2021,K,2TM,2.0,0.0,,,,,,,,,,,,,,4.0,3.0,1.0,1.0,0.0,0.0,5.0,4.0,5.0,4.0,,,,,,,,,,,,,,,,,,,,,,,,,,,
Emmanuel Sanders,34.0,2021,WR,BUF,14.0,13.0,,,,,,2.0,31.0,0.0,72.0,42.0,626.0,4.0,0.0,,,,,,,,,,,,,,,,,,,,,,,,,,,,,,,,203.0,209.0,201.0,189.0,195.4,63.0
Eno Benjamin,22.0,2021,RB,ARI,9.0,0.0,,,,,,34.0,118.0,1.0,7.0,6.0,42.0,0.0,0.0,,,,,,,,,,,,,,,,,,,,,,,,,,,,,,,,,,,,299.0,91.0
Equanimeous St. Brown,25.0,2021,WR,GNB,13.0,2.0,,,,,,3.0,14.0,0.0,17.0,9.0,98.0,0.0,0.0,,,,,,,,,,,,,,,,,,,,,,,,,,,,,,,,,,,,,
Eric Ebron,28.0,2021,TE,PIT,8.0,3.0,,,,,,1.0,1.0,1.0,18.0,12.0,84.0,1.0,0.0,,,,,,,,,,,,,,,,,,,,,,,,,,,,,,,,171.0,212.0,185.0,225.0,217.2,25.0
Eric Saubert,27.0,2021,TE,DEN,17.0,4.0,,,,,,0.0,0.0,0.0,12.0,8.0,47.0,1.0,0.0,,,,,,,,,,,,,,,,,,,,,,,,,,,,,,,,,,,,,
Eric Tomlinson,29.0,2021,TE,BAL,17.0,7.0,,,,,,0.0,0.0,0.0,1.0,1.0,7.0,0.0,0.0,,,,,,,,,,,,,,,,,,,,,,,,,,,,,,,,,,,,,
Ethan Wolf,26.0,2021,TE,NOR,2.0,1.0,,,,,,0.0,0.0,0.0,2.0,2.0,8.0,0.0,0.0,,,,,,,,,,,,,,,,,,,,,,,,,,,,,,,,,,,,,
Evan Engram,27.0,2021,TE,NYG,15.0,12.0,,,,,,1.0,-3.0,0.0,73.0,46.0,408.0,3.0,1.0,,,,,,,,,,,,,,,,,,,,,,,,,,,,,,,,170.0,164.0,159.0,151.0,159.8,16.0
Evan McPherson,22.0,2021,K,CIN,16.0,0.0,,,,,,,,,,,,,,13.0,13.0,9.0,6.0,11.0,9.0,33.0,28.0,48.0,46.0,,,,,,,,,,,,,,,,,,,,,,219.0,,273.0,254.0,248.8,19.0
Ezekiel Elliott,26.0,2021,RB,DAL,17.0,17.0,1.0,1.0,4.0,0.0,0.0,237.0,1002.0,10.0,65.0,47.0,287.0,2.0,1.0,,,,,,,,,,,,,,,,,,,,,,,,,,,,,,,3.0,8.0,5.0,8.0,5.0,5.8,5.0
Feleipe Franks,24.0,2021,QB,ATL,9.0,0.0,1.0,0.0,0.0,0.0,1.0,3.0,6.0,0.0,0.0,0.0,0.0,0.0,0.0,,,,,,,,,,,,,,,,,,,,,,,,,,,,,,,,,,,,,
Foster Moreau,24.0,2021,TE,LVR,17.0,11.0,,,,,,0.0,0.0,0.0,44.0,30.0,373.0,3.0,1.0,,,,,,,,,,,,,,,,,,,,,,,,,,,,,,,,,,,,389.0,41.0
Frank Darby,24.0,2021,WR,ATL,10.0,0.0,,,,,,0.0,0.0,0.0,4.0,1.0,14.0,0.0,0.0,,,,,,,,,,,,,,,,,,,,,,,,,,,,,,,,,,,,,
Freddie Swain,23.0,2021,WR,SEA,17.0,8.0,,,,,,5.0,32.0,0.0,40.0,25.0,343.0,4.0,1.0,,,,,,,,,,,,,,,,,,,,,,,,,,,,,,,,,,,,,
Gabe Nabers,24.0,2021,RB,LAC,10.0,1.0,,,,,,3.0,8.0,0.0,3.0,3.0,17.0,0.0,0.0,,,,,,,,,,,,,,,,,,,,,,,,,,,,,,,,,,,,,
Gabriel Davis,22.0,2021,WR,BUF,16.0,4.0,,,,,,0.0,0.0,0.0,63.0,35.0,549.0,6.0,0.0,,,,,,,,,,,,,,,,,,,,,,,,,,,,,,,,224.0,208.0,191.0,220.0,204.6,67.0
Gardner Minshew II,25.0,2021,QB,PHI,4.0,2.0,60.0,41.0,439.0,4.0,1.0,9.0,21.0,0.0,0.0,0.0,0.0,0.0,1.0,,,,,,,,,,,,,,,,,,,,,,,,,,,,,,,,,,,,452.0,50.0
Garrett Gilbert,30.0,2021,QB,WAS,1.0,1.0,31.0,20.0,194.0,0.0,0.0,,,,,,,,,,,,,,,,,,,,,,,,,,,,,,,,,,,,,,,,,,,,,
Garrett Griffin,27.0,2021,TE,NOR,13.0,6.0,,,,,,0.0,0.0,0.0,4.0,4.0,39.0,0.0,1.0,,,,,,,,,,,,,,,,,,,,,,,,,,,,,,,,,,,,,
Gary Brightwell,22.0,2021,RB,NYG,13.0,0.0,,,,,,1.0,4.0,0.0,1.0,1.0,6.0,0.0,0.0,,,,,,,,,,,,,,,,,,,,,,,,,,,,,,,,,,,,,
Geno Smith,31.0,2021,QB,SEA,4.0,3.0,95.0,65.0,702.0,5.0,1.0,9.0,42.0,1.0,0.0,0.0,0.0,0.0,1.0,,,,,,,,,,,,,,,,,,,,,,,,,,,,,,,,,,,,,
Geoff Swaim,28.0,2021,TE,TEN,16.0,16.0,,,,,,0.0,0.0,0.0,40.0,31.0,210.0,3.0,0.0,,,,,,,,,,,,,,,,,,,,,,,,,,,,,,,,,,,,,
George Kittle,28.0,2021,TE,SFO,14.0,14.0,,,,,,3.0,20.0,0.0,94.0,71.0,910.0,6.0,2.0,,,,,,,,,,,,,,,,,,,,,,,,,,,,,,,,25.0,24.0,24.0,32.0,26.8,3.0
Gerald Everett,27.0,2021,TE,SEA,15.0,12.0,,,,,,3.0,20.0,0.0,63.0,48.0,478.0,4.0,2.0,,,,,,,,,,,,,,,,,,,,,,,,,,,,,,,,204.0,190.0,139.0,157.0,179.6,20.0
Geronimo Allison,27.0,2021,WR,DET,3.0,1.0,,,,,,0.0,0.0,0.0,2.0,0.0,0.0,0.0,0.0,,,,,,,,,,,,,,,,,,,,,,,,,,,,,,,,,,,,,
Giovani Bernard,30.0,2021,RB,TAM,12.0,0.0,,,,,,8.0,58.0,0.0,29.0,23.0,123.0,3.0,1.0,,,,,,,,,,,,,,,,,,,,,,,,,,,,,,,,189.0,192.0,229.0,155.0,174.4,49.0
Giovanni Ricci,25.0,2021,RB,CAR,16.0,1.0,,,,,,0.0,0.0,0.0,2.0,0.0,0.0,0.0,0.0,,,,,,,,,,,,,,,,,,,,,,,,,,,,,,,,,,200.0,,200.0,1.0
Godwin Igwebuike,27.0,2021,RB,DET,17.0,1.0,,,,,,18.0,118.0,1.0,10.0,7.0,60.0,0.0,2.0,,,,,,,,,,,,,,,,,,,,,,,,,,,,,,,,,,,,,
Graham Gano,34.0,2021,K,NYG,17.0,0.0,,,,,,,,,,,,,,18.0,17.0,5.0,5.0,10.0,7.0,33.0,29.0,17.0,17.0,,,,,,,,,,,,,,,,,,,,,,137.0,,217.0,240.0,229.5,17.0
Greg Dortch,23.0,2021,WR,ARI,5.0,2.0,,,,,,1.0,24.0,0.0,3.0,3.0,15.0,0.0,0.0,,,,,,,,,,,,,,,,,,,,,,,,,,,,,,,,,,,,,
Greg Joseph,27.0,2021,K,MIN,17.0,0.0,,,,,,,,,,,,,,20.0,19.0,9.0,7.0,9.0,7.0,38.0,33.0,40.0,36.0,,,,,,,,,,,,,,,,,,,,,,,,,,430.0,34.0
Greg Ward,26.0,2021,WR,PHI,17.0,0.0,2.0,1.0,2.0,0.0,0.0,0.0,0.0,0.0,11.0,7.0,95.0,3.0,0.0,,,,,,,,,,,,,,,,,,,,,,,,,,,,,,,,,,,,405.0,125.0
Greg Zuerlein,34.0,2021,K,DAL,16.0,0.0,,,,,,,,,,,,,,21.0,20.0,9.0,7.0,5.0,2.0,35.0,29.0,48.0,42.0,,,,,,,,,,,,,,,,,,,,,,163.0,153.0,105.0,183.0,177.6,7.0
Gunner Olszewski,25.0,2021,WR,NWE,16.0,0.0,,,,,,1.0,9.0,0.0,3.0,2.0,31.0,0.0,3.0,,,,,,,,,,,,,,,,,,,,,,,,,,,,,,,,,,,,,
Harrison Bryant,23.0,2021,TE,CLE,16.0,3.0,,,,,,0.0,0.0,0.0,28.0,21.0,233.0,3.0,0.0,,,,,,,,,,,,,,,,,,,,,,,,,,,,,,,,,,,,451.0,52.0
Harrison Butker,26.0,2021,K,KAN,16.0,0.0,,,,,,,,,,,,,,14.0,14.0,5.0,4.0,9.0,7.0,28.0,25.0,49.0,47.0,,,,,,,,,,,,,,,,,,,,,,84.0,131.0,89.0,154.0,127.8,1.0
Hayden Hurst,28.0,2021,TE,ATL,13.0,5.0,,,,,,0.0,0.0,0.0,31.0,26.0,221.0,3.0,3.0,,,,,,,,,,,,,,,,,,,,,,,,,,,,,,,,,,235.0,295.0,246.7,27.0
Henry Ruggs III,22.0,2021,WR,LVR,7.0,7.0,,,,,,3.0,16.0,0.0,36.0,24.0,469.0,2.0,0.0,,,,,,,,,,,,,,,,,,,,,,,,,,,,,,,,,,,,,
Hunter Henry,27.0,2021,TE,NWE,17.0,10.0,,,,,,0.0,0.0,0.0,75.0,50.0,603.0,9.0,0.0,,,,,,,,,,,,,,,,,,,,,,,,,,,,,,,,156.0,141.0,172.0,124.0,153.2,15.0
Hunter Long,23.0,2021,TE,MIA,7.0,2.0,,,,,,0.0,0.0,0.0,3.0,1.0,8.0,0.0,0.0,,,,,,,,,,,,,,,,,,,,,,,,,,,,,,,,,,,,,
Hunter Renfrow,26.0,2021,WR,LVR,17.0,9.0,,,,,,3.0,3.0,0.0,128.0,103.0,1038.0,9.0,5.0,,,,,,,,,,,,,,,,,,,,,,,,,,,,,,,,,245.0,277.0,255.0,260.8,83.0
Ian Book,23.0,2021,QB,NOR,1.0,1.0,20.0,12.0,135.0,0.0,2.0,3.0,6.0,0.0,0.0,0.0,0.0,0.0,0.0,,,,,,,,,,,,,,,,,,,,,,,,,,,,,,,,,,,,,
Ian Thomas,25.0,2021,TE,CAR,17.0,13.0,,,,,,0.0,0.0,0.0,30.0,18.0,188.0,0.0,0.0,,,,,,,,,,,,,,,,,,,,,,,,,,,,,,,,,,,,,
Ihmir Smith-Marsette,22.0,2021,WR,MIN,8.0,1.0,,,,,,0.0,0.0,0.0,6.0,5.0,116.0,2.0,0.0,,,,,,,,,,,,,,,,,,,,,,,,,,,,,,,,,,,,,
Isaiah Coulter,23.0,2021,WR,CHI,3.0,0.0,,,,,,0.0,0.0,0.0,1.0,0.0,0.0,0.0,0.0,,,,,,,,,,,,,,,,,,,,,,,,,,,,,,,,,,,,,
Isaiah Ford,25.0,2021,WR,MIA,13.0,2.0,,,,,,0.0,0.0,0.0,17.0,12.0,161.0,2.0,0.0,,,,,,,,,,,,,,,,,,,,,,,,,,,,,,,,,,,,,
Isaiah McKenzie,26.0,2021,WR,BUF,15.0,2.0,,,,,,9.0,47.0,1.0,26.0,20.0,178.0,1.0,2.0,,,,,,,,,,,,,,,,,,,,,,,,,,,,,,,,,,,,,
Ito Smith,26.0,2021,RB,DAL,1.0,0.0,,,,,,1.0,4.0,1.0,0.0,0.0,0.0,0.0,0.0,,,,,,,,,,,,,,,,,,,,,,,,,,,,,,,,,,,,337.0,95.0
J.D. McKissic,28.0,2021,RB,WAS,11.0,3.0,,,,,,48.0,212.0,2.0,53.0,43.0,397.0,2.0,0.0,,,,,,,,,,,,,,,,,,,,,,,,,,,,,,,,157.0,162.0,196.0,114.0,139.8,43.0
J.J. Taylor,23.0,2021,RB,NWE,5.0,0.0,,,,,,19.0,37.0,2.0,4.0,4.0,8.0,0.0,1.0,,,,,,,,,,,,,,,,,,,,,,,,,,,,,,,,,,295.0,248.0,251.3,76.0
JJ Arcega-Whiteside,24.0,2021,WR,PHI,16.0,2.0,,,,,,0.0,0.0,0.0,5.0,2.0,36.0,0.0,0.0,,,,,,,,,,,,,,,,,,,,,,,,,,,,,,,,,,,,,
Ja'Marcus Bradley,25.0,2021,WR,CLE,5.0,0.0,,,,,,0.0,0.0,0.0,4.0,4.0,64.0,0.0,0.0,,,,,,,,,,,,,,,,,,,,,,,,,,,,,,,,,,,,,
Ja'Marr Chase,21.0,2021,WR,CIN,17.0,17.0,,,,,,7.0,21.0,0.0,128.0,81.0,1455.0,13.0,2.0,,,,,,,,,,,,,,,,,,,,,,,,,,,,,,,,78.0,58.0,81.0,86.0,74.4,29.0
JaQuan Hardy,24.0,2021,RB,DAL,3.0,0.0,,,,,,4.0,29.0,1.0,0.0,0.0,0.0,0.0,0.0,,,,,,,,,,,,,,,,,,,,,,,,,,,,,,,,,,,,,
Jack Doyle,31.0,2021,TE,IND,17.0,14.0,,,,,,0.0,0.0,0.0,43.0,29.0,302.0,3.0,0.0,,,,,,,,,,,,,,,,,,,,,,,,,,,,,,,1.0,,,,299.0,344.5,39.0
Jack Fox,25.0,2021,K,DET,17.0,0.0,3.0,2.0,38.0,0.0,0.0,,,,,,,,,0.0,0.0,0.0,0.0,0.0,0.0,0.0,0.0,0.0,0.0,,,,,,,,,,,,,,,,,,,,,,,,,,,
Jack Stoll,23.0,2021,TE,PHI,16.0,5.0,,,,,,0.0,0.0,0.0,5.0,4.0,22.0,0.0,0.0,,,,,,,,,,,,,,,,,,,,,,,,,,,,,,,,,,,,,
Jacob Eason,24.0,2021,QB,IND,1.0,0.0,5.0,2.0,25.0,0.0,1.0,,,,,,,,,,,,,,,,,,,,,,,,,,,,,,,,,,,,,,,,,,,,395.0,42.0
Jacob Hollister,28.0,2021,TE,JAX,7.0,2.0,,,,,,0.0,0.0,0.0,14.0,9.0,55.0,1.0,0.0,,,,,,,,,,,,,,,,,,,,,,,,,,,,,,,,,,,,453.0,53.0
Jacoby Brissett,29.0,2021,QB,MIA,11.0,5.0,225.0,141.0,1283.0,5.0,4.0,19.0,70.0,1.0,0.0,0.0,0.0,0.0,6.0,,,,,,,,,,,,,,,,,,,,,,,,,,,,,,,,,,,,449.0,49.0
Jacques Patrick,24.0,2021,RB,SFO,2.0,0.0,,,,,,2.0,12.0,0.0,0.0,0.0,0.0,0.0,0.0,,,,,,,,,,,,,,,,,,,,,,,,,,,,,,,,,,,,,
Jaelon Darden,22.0,2021,WR,TAM,9.0,0.0,,,,,,1.0,11.0,0.0,12.0,6.0,43.0,0.0,0.0,,,,,,,,,,,,,,,,,,,,,,,,,,,,,,,,,,,,,
Jake Bailey,24.0,2021,K,NWE,17.0,0.0,,,,,,,,,,,,,,0.0,0.0,0.0,0.0,0.0,0.0,0.0,0.0,0.0,0.0,,,,,,,,,,,,,,,,,,,,,,,,,,,
Jake Elliott,26.0,2021,K,PHI,17.0,0.0,,,,,,,,,,,,,,17.0,17.0,13.0,10.0,3.0,3.0,33.0,30.0,44.0,44.0,,,,,,,,,,,,,,,,,,,,,,,,232.0,,286.0,25.0
Jake Fromm,23.0,2021,QB,NYG,3.0,2.0,60.0,27.0,210.0,1.0,3.0,8.0,65.0,0.0,0.0,0.0,0.0,0.0,2.0,,,,,,,,,,,,,,,,,,,,,,,,,,,,,,,,,,,,,
Jake Funk,23.0,2021,RB,LAR,10.0,0.0,,,,,,2.0,5.0,0.0,0.0,0.0,0.0,0.0,0.0,,,,,,,,,,,,,,,,,,,,,,,,,,,,,,,,,,,,240.0,70.0
Jake Kumerow,29.0,2021,WR,BUF,15.0,2.0,,,,,,0.0,0.0,0.0,6.0,2.0,28.0,0.0,0.0,,,,,,,,,,,,,,,,,,,,,,,,,,,,,,,,,,,,,
Jakeem Grant,29.0,2021,WR,2TM,15.0,0.0,,,,,,5.0,33.0,0.0,17.0,11.0,132.0,2.0,3.0,,,,,,,,,,,,,,,,,,,,,,,,,,,,,,,,,,,,,
Jakob Johnson,27.0,2021,RB,NWE,17.0,6.0,,,,,,0.0,0.0,0.0,5.0,4.0,43.0,0.0,0.0,,,,,,,,,,,,,,,,,,,,,,,,,,,,,,,,,,,,,
Jakobi Meyers,25.0,2021,WR,NWE,17.0,16.0,2.0,2.0,45.0,0.0,0.0,1.0,9.0,0.0,126.0,83.0,866.0,2.0,1.0,,,,,,,,,,,,,,,,,,,,,,,,,,,,,,,2.0,136.0,152.0,219.0,132.0,145.0,54.0
Jalen Guyton,24.0,2021,WR,LAC,16.0,2.0,,,,,,7.0,34.0,0.0,48.0,31.0,448.0,3.0,1.0,,,,,,,,,,,,,,,,,,,,,,,,,,,,,,,,,,,,373.0,115.0
Jalen Hurts,23.0,2021,QB,PHI,15.0,15.0,432.0,265.0,3144.0,16.0,9.0,139.0,784.0,10.0,1.0,0.0,0.0,0.0,9.0,,,,,,,,,,,,,,,,,,,,,,,,,,,,,,,,97.0,107.0,86.0,99.0,97.0,12.0
Jalen Reagor,22.0,2021,WR,PHI,17.0,13.0,,,,,,10.0,32.0,0.0,57.0,33.0,299.0,2.0,2.0,,,,,,,,,,,,,,,,,,,,,,,,,,,,,,,,151.0,196.0,246.0,162.0,187.4,60.0
Jalen Richard,28.0,2021,RB,LVR,10.0,0.0,,,,,,9.0,40.0,0.0,14.0,12.0,72.0,0.0,0.0,,,,,,,,,,,,,,,,,,,,,,,,,,,,,,,,,,,,297.0,90.0
Jamaal Williams,26.0,2021,RB,DET,13.0,11.0,,,,,,153.0,601.0,3.0,28.0,26.0,157.0,0.0,1.0,,,,,,,,,,,,,,,,,,,,,,,,,,,,,,,,124.0,134.0,160.0,98.0,116.4,38.0
Jamal Agnew,26.0,2021,WR,JAX,10.0,2.0,,,,,,7.0,111.0,1.0,39.0,24.0,229.0,1.0,1.0,,,,,,,,,,,,,,,,,,,,,,,,,,,,,,,,,,,,,
Jameis Winston,27.0,2021,QB,NOR,7.0,7.0,161.0,95.0,1170.0,14.0,3.0,32.0,166.0,1.0,0.0,0.0,0.0,0.0,2.0,,,,,,,,,,,,,,,,,,,,,,,,,,,,,,,,167.0,175.0,181.0,170.0,168.2,22.0
James Conner,26.0,2021,RB,ARI,15.0,6.0,,,,,,202.0,752.0,15.0,39.0,37.0,375.0,3.0,2.0,,,,,,,,,,,,,,,,,,,,,,,,,,,,,,,,107.0,101.0,121.0,96.0,100.8,34.0
James O'Shaughnessy,29.0,2021,TE,JAX,7.0,6.0,,,,,,0.0,0.0,0.0,34.0,24.0,244.0,0.0,0.0,,,,,,,,,,,,,,,,,,,,,,,,,,,,,,,1.0,,,,,392.0,42.0
James Proche,25.0,2021,WR,BAL,14.0,0.0,,,,,,0.0,0.0,0.0,20.0,16.0,202.0,0.0,0.0,,,,,,,,,,,,,,,,,,,,,,,,,,,,,,,,,,,,,
James Robinson,23.0,2021,RB,JAX,14.0,13.0,,,,,,164.0,767.0,8.0,46.0,31.0,222.0,0.0,4.0,,,,,,,,,,,,,,,,,,,,,,,,,,,,,,,,31.0,37.0,56.0,29.0,33.4,17.0
James Washington,25.0,2021,WR,PIT,15.0,2.0,,,,,,2.0,13.0,0.0,44.0,24.0,285.0,2.0,0.0,,,,,,,,,,,,,,,,,,,,,,,,,,,,,,,,,,,,366.0,112.0
James White,29.0,2021,RB,NWE,3.0,0.0,,,,,,10.0,38.0,1.0,14.0,12.0,94.0,0.0,0.0,,,,,,,,,,,,,,,,,,,,,,,,,,,,,,,,150.0,179.0,197.0,135.0,151.8,45.0
Jamie Gillan,24.0,2021,K,CLE,12.0,0.0,,,,,,1.0,0.0,0.0,0.0,0.0,0.0,0.0,1.0,,,,,,,,,,,,,,,,,,,,,,,,,,,,,,,,,,,,,
Jamison Crowder,28.0,2021,WR,NYJ,12.0,4.0,0.0,0.0,0.0,0.0,0.0,0.0,0.0,0.0,71.0,51.0,447.0,2.0,1.0,,,,,,,,,,,,,,,,,,,,,,,,,,,,,,,1.0,230.0,222.0,247.0,266.0,228.2,75.0
Jamycal Hasty,25.0,2021,RB,SFO,11.0,0.0,,,,,,16.0,68.0,1.0,29.0,23.0,157.0,0.0,2.0,,,,,,,,,,,,,,,,,,,,,,,,,,,,,,,,,,,,,
Jared Cook,34.0,2021,TE,LAC,16.0,10.0,,,,,,0.0,0.0,0.0,83.0,48.0,564.0,4.0,0.0,,,,,,,,,,,,,,,,,,,,,,,,,,,,,,,2.0,178.0,160.0,157.0,158.0,165.4,18.0
Jared Goff,27.0,2021,QB,DET,14.0,14.0,494.0,332.0,3245.0,19.0,8.0,17.0,87.0,0.0,0.0,0.0,0.0,0.0,9.0,,,,,,,,,,,,,,,,,,,,,,,,,,,,,,,,208.0,,244.0,279.0,238.0,32.0
Jaret Patterson,22.0,2021,RB,WAS,17.0,1.0,,,,,,68.0,266.0,2.0,11.0,10.0,73.0,0.0,1.0,,,,,,,,,,,,,,,,,,,,,,,,,,,,,,,,,,,268.0,277.0,86.0
Jarvis Landry,29.0,2021,WR,CLE,12.0,12.0,0.0,0.0,0.0,0.0,0.0,6.0,40.0,2.0,87.0,52.0,570.0,2.0,3.0,,,,,,,,,,,,,,,,,,,,,,,,,,,,,,,,101.0,91.0,124.0,111.0,103.4,41.0
Jason Huntley,23.0,2021,RB,PHI,1.0,0.0,,,,,,13.0,51.0,0.0,1.0,0.0,0.0,0.0,0.0,,,,,,,,,,,,,,,,,,,,,,,,,,,,,,,,,,,,,
Jason Moore,26.0,2021,WR,LAC,2.0,1.0,,,,,,0.0,0.0,0.0,4.0,3.0,56.0,0.0,0.0,,,,,,,,,,,,,,,,,,,,,,,,,,,,,,,,,,,,,
Jason Myers,30.0,2021,K,SEA,17.0,0.0,,,,,,,,,,,,,,13.0,11.0,5.0,3.0,5.0,3.0,23.0,17.0,47.0,44.0,,,,,,,,,,,,,,,,,,,,,,127.0,147.0,147.0,218.0,193.4,10.0
Jason Sanders,26.0,2021,K,MIA,17.0,0.0,,,,,,,,,,,,,,15.0,13.0,10.0,8.0,6.0,2.0,31.0,23.0,35.0,34.0,,,,,,,,,,,,,,,,,,,,,,141.0,140.0,123.0,190.0,163.4,5.0
Jauan Jennings,24.0,2021,WR,SFO,16.0,1.0,,,,,,0.0,0.0,0.0,38.0,24.0,282.0,5.0,1.0,,,,,,,,,,,,,,,,,,,,,,,,,,,,,,,,,,,,,
Javonte Williams,21.0,2021,RB,DEN,17.0,1.0,,,,,,203.0,903.0,4.0,53.0,43.0,316.0,3.0,2.0,,,,,,,,,,,,,,,,,,,,,,,,,,,,,,,,63.0,62.0,84.0,48.0,60.6,25.0
Jaydon Mickens,27.0,2021,WR,JAX,6.0,0.0,,,,,,0.0,0.0,0.0,3.0,2.0,10.0,0.0,1.0,,,,,,,,,,,,,,,,,,,,,,,,,,,,,,,,,,,,,
Jaylen Samuels,25.0,2021,RB,HOU,3.0,0.0,,,,,,5.0,9.0,0.0,4.0,3.0,14.0,0.0,0.0,,,,,,,,,,,,,,,,,,,,,,,,,,,,,,,,,,,,397.0,101.0
Jaylen Waddle,23.0,2021,WR,MIA,16.0,16.0,,,,,,2.0,3.0,1.0,140.0,104.0,1015.0,6.0,2.0,,,,,,,,,,,,,,,,,,,,,,,,,,,,,,,,110.0,87.0,133.0,108.0,107.4,43.0
Jeff Smith,24.0,2021,WR,NYJ,12.0,3.0,,,,,,1.0,-1.0,0.0,17.0,8.0,113.0,0.0,0.0,,,,,,,,,,,,,,,,,,,,,,,,,,,,,,,,,,,,,
Jeff Wilson,26.0,2021,RB,SFO,9.0,4.0,,,,,,79.0,294.0,2.0,8.0,7.0,31.0,0.0,1.0,,,,,,,,,,,,,,,,,,,,,,,,,,,,,,,,,,,272.0,252.5,77.0
Jeremy McNichols,26.0,2021,RB,TEN,14.0,0.0,,,,,,41.0,156.0,0.0,38.0,28.0,240.0,1.0,0.0,,,,,,,,,,,,,,,,,,,,,,,,,,,,,,,,,,,,433.0,105.0
Jeremy Sprinkle,27.0,2021,TE,DAL,17.0,4.0,,,,,,0.0,0.0,0.0,3.0,3.0,31.0,0.0,0.0,,,,,,,,,,,,,,,,,,,,,,,,,,,,,,,,,,,,,
Jerick McKinnon,29.0,2021,RB,KAN,13.0,0.0,,,,,,12.0,62.0,0.0,20.0,13.0,107.0,1.0,0.0,,,,,,,,,,,,,,,,,,,,,,,,,,,,,,,,,237.0,269.0,178.0,235.5,66.0
Jermar Jefferson,21.0,2021,RB,DET,7.0,0.0,,,,,,15.0,74.0,2.0,5.0,4.0,23.0,0.0,0.0,,,,,,,,,,,,,,,,,,,,,,,,,,,,,,,,,,,,396.0,100.0
Jerry Jeudy,22.0,2021,WR,DEN,10.0,5.0,,,,,,2.0,3.0,0.0,56.0,38.0,467.0,0.0,1.0,,,,,,,,,,,,,,,,,,,,,,,,,,,,,,,,69.0,76.0,82.0,74.0,72.4,28.0
Jesper Horsted,24.0,2021,WR,CHI,7.0,0.0,,,,,,0.0,0.0,0.0,3.0,2.0,21.0,2.0,0.0,,,,,,,,,,,,,,,,,,,,,,,,,,,,,,,,,,,,,
Jesse James,27.0,2021,TE,CHI,14.0,9.0,,,,,,0.0,0.0,0.0,8.0,7.0,62.0,1.0,0.0,,,,,,,,,,,,,,,,,,,,,,,,,,,,,,,,,,,,,
Jimmy Garoppolo,30.0,2021,QB,SFO,15.0,15.0,441.0,301.0,3810.0,20.0,12.0,38.0,51.0,3.0,0.0,0.0,0.0,0.0,8.0,,,,,,,,,,,,,,,,,,,,,,,,,,,,,,,,,,228.0,267.0,262.3,34.0
Jimmy Graham,35.0,2021,TE,CHI,15.0,6.0,,,,,,0.0,0.0,0.0,23.0,14.0,167.0,3.0,0.0,,,,,,,,,,,,,,,,,,,,,,,,,,,,,,,1.0,,,230.0,286.0,260.3,29.0
Jody Fortson,26.0,2021,TE,KAN,6.0,0.0,,,,,,0.0,0.0,0.0,5.0,5.0,47.0,2.0,0.0,,,,,,,,,,,,,,,,,,,,,,,,,,,,,,,,,,,,413.0,44.0
Joe Burrow,25.0,2021,QB,CIN,16.0,16.0,520.0,366.0,4611.0,34.0,14.0,40.0,118.0,2.0,0.0,0.0,0.0,0.0,5.0,,,,,,,,,,,,,,,,,,,,,,,,,,,,,,,,122.0,113.0,108.0,110.0,111.2,13.0
Joe Flacco,36.0,2021,QB,NYJ,2.0,1.0,42.0,27.0,338.0,3.0,0.0,2.0,3.0,0.0,0.0,0.0,0.0,0.0,1.0,,,,,,,,,,,,,,,,,,,,,,,,,,,,,,,,,,,,448.0,48.0
Joe Mixon,25.0,2021,RB,CIN,16.0,16.0,,,,,,292.0,1205.0,13.0,48.0,42.0,314.0,3.0,2.0,,,,,,,,,,,,,,,,,,,,,,,,,,,,,,,,24.0,20.0,25.0,17.0,20.8,13.0
Joey Slye,25.0,2021,K,3TM,12.0,0.0,,,,,,,,,,,,,,14.0,14.0,7.0,5.0,4.0,4.0,25.0,23.0,22.0,18.0,,,,,,,,,,,,,,,,,,,,,,,,253.0,,300.0,28.0
John Bates,24.0,2021,TE,WAS,17.0,8.0,,,,,,0.0,0.0,0.0,25.0,20.0,249.0,1.0,1.0,,,,,,,,,,,,,,,,,,,,,,,,,,,,,,,,,,,,,
John Brown,31.0,2021,WR,2TM,4.0,0.0,,,,,,0.0,0.0,0.0,3.0,0.0,0.0,0.0,0.0,,,,,,,,,,,,,,,,,,,,,,,,,,,,,,,,,264.0,227.0,,273.7,88.0
John Kelly,25.0,2021,RB,CLE,4.0,0.0,,,,,,2.0,13.0,0.0,0.0,0.0,0.0,0.0,0.0,,,,,,,,,,,,,,,,,,,,,,,,,,,,,,,,,,,,,
John Ross,26.0,2021,WR,NYG,10.0,1.0,,,,,,1.0,16.0,0.0,20.0,11.0,224.0,1.0,1.0,,,,,,,,,,,,,,,,,,,,,,,,,,,,,,,,,,,,,
John Wolford,26.0,2021,QB,LAR,3.0,0.0,4.0,1.0,5.0,0.0,1.0,2.0,-1.0,0.0,0.0,0.0,0.0,0.0,0.0,,,,,,,,,,,,,,,,,,,,,,,,,,,,,,,,,,,,443.0,46.0
Johnny Hekker,31.0,2021,K,LAR,17.0,0.0,1.0,1.0,2.0,0.0,0.0,1.0,0.0,0.0,0.0,0.0,0.0,0.0,1.0,,,,,,,,,,,,,,,,,,,,,,,,,,,,,,,,,,,,,
Johnny Mundt,27.0,2021,TE,LAR,6.0,0.0,,,,,,0.0,0.0,0.0,1.0,1.0,9.0,0.0,0.0,,,,,,,,,,,,,,,,,,,,,,,,,,,,,,,,,,,,,
Johnny Stanton,27.0,2021,RB,CLE,4.0,0.0,,,,,,3.0,5.0,0.0,2.0,2.0,7.0,1.0,0.0,,,,,,,,,,,,,,,,,,,,,,,,,,,,,,,,,,,,,
Jonathan Taylor,22.0,2021,RB,IND,17.0,17.0,,,,,,332.0,1811.0,18.0,51.0,40.0,360.0,2.0,4.0,,,,,,,,,,,,,,,,,,,,,,,,,,,,,,,,11.0,9.0,12.0,7.0,10.4,9.0
Jonathan Ward,24.0,2021,RB,ARI,13.0,0.0,,,,,,9.0,33.0,0.0,4.0,3.0,34.0,0.0,0.0,,,,,,,,,,,,,,,,,,,,,,,,,,,,,,,,,,,,,
Jonathan Williams,27.0,2021,RB,WAS,5.0,0.0,,,,,,17.0,79.0,1.0,6.0,4.0,28.0,0.0,0.0,,,,,,,,,,,,,,,,,,,,,,,,,,,,,,,,,,,,353.0,98.0
Jonnu Smith,26.0,2021,TE,NWE,16.0,11.0,,,,,,9.0,40.0,0.0,45.0,28.0,294.0,1.0,1.0,,,,,,,,,,,,,,,,,,,,,,,,,,,,,,,,91.0,142.0,116.0,118.0,123.0,13.0
Jordan Akins,29.0,2021,TE,HOU,13.0,3.0,,,,,,1.0,3.0,0.0,33.0,24.0,214.0,0.0,2.0,,,,,,,,,,,,,,,,,,,,,,,,,,,,,,,,,,,,186.0,21.0
Jordan Howard,27.0,2021,RB,PHI,7.0,0.0,,,,,,86.0,406.0,3.0,5.0,2.0,19.0,0.0,0.0,,,,,,,,,,,,,,,,,,,,,,,,,,,,,,,,,,,,,
Jordan Love,23.0,2021,QB,GNB,6.0,1.0,62.0,36.0,411.0,2.0,3.0,12.0,27.0,0.0,0.0,0.0,0.0,0.0,3.0,,,,,,,,,,,,,,,,,,,,,,,,,,,,,,,,,,,,388.0,41.0
Josh Allen,25.0,2021,QB,BUF,17.0,17.0,646.0,409.0,4407.0,36.0,15.0,122.0,763.0,6.0,0.0,0.0,0.0,0.0,8.0,,,,,,,,,,,,,,,,,,,,,,,,,,,,,,,2.0,29.0,28.0,27.0,33.0,30.0,2.0
Josh Gordon,30.0,2021,WR,KAN,12.0,7.0,,,,,,0.0,0.0,0.0,14.0,5.0,32.0,1.0,0.0,,,,,,,,,,,,,,,,,,,,,,,,,,,,,,,,,,,,,
Josh Jacobs,23.0,2021,RB,LVR,15.0,14.0,,,,,,217.0,872.0,9.0,64.0,54.0,348.0,0.0,2.0,,,,,,,,,,,,,,,,,,,,,,,,,,,,,,,,40.0,30.0,42.0,36.0,36.4,18.0
Josh Johnson,35.0,2021,QB,2TM,4.0,1.0,85.0,57.0,638.0,5.0,2.0,9.0,28.0,0.0,0.0,0.0,0.0,0.0,2.0,,,,,,,,,,,,,,,,,,,,,,,,,,,,,,,1.0,,,,,,
Josh Lambo,31.0,2021,K,JAX,3.0,0.0,,,,,,,,,,,,,,0.0,0.0,1.0,0.0,2.0,0.0,3.0,0.0,7.0,5.0,,,,,,,,,,,,,,,,,,,,,,231.0,,274.0,245.0,273.5,21.0
Josh Oliver,24.0,2021,TE,BAL,14.0,1.0,,,,,,0.0,0.0,0.0,15.0,9.0,66.0,0.0,1.0,,,,,,,,,,,,,,,,,,,,,,,,,,,,,,,,,,,,,
Josh Palmer,22.0,2021,WR,LAC,17.0,5.0,,,,,,1.0,6.0,0.0,49.0,33.0,353.0,4.0,0.0,,,,,,,,,,,,,,,,,,,,,,,,,,,,,,,,,,,,,
Josh Reynolds,26.0,2021,WR,2TM,12.0,5.0,,,,,,0.0,0.0,0.0,49.0,29.0,396.0,2.0,0.0,,,,,,,,,,,,,,,,,,,,,,,,,,,,,,,,,,,282.0,302.5,97.0
Josh Rosen,24.0,2021,QB,ATL,4.0,0.0,11.0,2.0,19.0,0.0,2.0,,,,,,,,,,,,,,,,,,,,,,,,,,,,,,,,,,,,,,,,,,,,,
Joshua Kelley,24.0,2021,RB,LAC,10.0,0.0,,,,,,33.0,102.0,0.0,6.0,5.0,38.0,0.0,1.0,,,,,,,,,,,,,,,,,,,,,,,,,,,,,,,,,,,243.0,270.5,81.0
Josiah Deguara,24.0,2021,TE,GNB,16.0,2.0,,,,,,0.0,0.0,0.0,33.0,25.0,245.0,2.0,0.0,,,,,,,,,,,,,,,,,,,,,,,,,,,,,,,,,,,,,
JuJu Smith-Schuster,25.0,2021,WR,PIT,5.0,5.0,,,,,,3.0,9.0,1.0,28.0,15.0,129.0,0.0,0.0,,,,,,,,,,,,,,,,,,,,,,,,,,,,,,,,68.0,69.0,73.0,71.0,70.8,27.0
Julio Jones,32.0,2021,WR,TEN,10.0,10.0,,,,,,0.0,0.0,0.0,48.0,31.0,434.0,1.0,0.0,,,,,,,,,,,,,,,,,,,,,,,,,,,,,,,,49.0,41.0,30.0,56.0,46.2,18.0
Justin Fields,22.0,2021,QB,CHI,12.0,10.0,270.0,159.0,1870.0,7.0,10.0,72.0,420.0,2.0,0.0,0.0,0.0,0.0,12.0,,,,,,,,,,,,,,,,,,,,,,,,,,,,,,,,147.0,128.0,149.0,139.0,140.8,16.0
Justin Herbert,23.0,2021,QB,LAC,17.0,17.0,672.0,443.0,5014.0,38.0,15.0,63.0,302.0,3.0,0.0,0.0,0.0,0.0,1.0,,,,,,,,,,,,,,,,,,,,,,,,,,,,,,,,62.0,54.0,50.0,67.0,62.2,8.0
Justin Jackson,25.0,2021,RB,LAC,14.0,2.0,,,,,,68.0,364.0,2.0,25.0,22.0,178.0,0.0,1.0,,,,,,,,,,,,,,,,,,,,,,,,,,,,,,,,,,,217.0,235.0,65.0
Justin Jefferson,22.0,2021,WR,MIN,17.0,17.0,4.0,2.0,35.0,0.0,0.0,6.0,14.0,0.0,167.0,108.0,1616.0,10.0,1.0,,,,,,,,,,,,,,,,,,,,,,,,,,,,,,,,23.0,23.0,23.0,23.0,23.4,7.0
Justin Tucker,32.0,2021,K,BAL,17.0,0.0,,,,,,,,,,,,,,16.0,16.0,15.0,13.0,6.0,6.0,37.0,35.0,32.0,32.0,,,,,,,,,,,,,,,,,,,,,,100.0,129.0,71.0,146.0,127.8,2.0
Juwan Johnson,25.0,2021,WR,NOR,14.0,2.0,,,,,,0.0,0.0,0.0,22.0,13.0,159.0,4.0,0.0,,,,,,,,,,,,,,,,,,,,,,,,,,,,,,,,,,,273.0,259.0,81.0
Juwann Winfree,25.0,2021,WR,GNB,7.0,0.0,,,,,,0.0,0.0,0.0,13.0,8.0,58.0,0.0,2.0,,,,,,,,,,,,,,,,,,,,,,,,,,,,,,,,,,,,,
K.J. Osborn,24.0,2021,WR,MIN,17.0,9.0,,,,,,1.0,10.0,0.0,82.0,50.0,655.0,7.0,0.0,,,,,,,,,,,,,,,,,,,,,,,,,,,,,,,,,,,,,
KJ Hamler,22.0,2021,WR,DEN,3.0,2.0,,,,,,0.0,0.0,0.0,10.0,5.0,74.0,0.0,0.0,,,,,,,,,,,,,,,,,,,,,,,,,,,,,,,,,,285.0,275.0,288.7,94.0
Ka'imi Fairbairn,27.0,2021,K,HOU,13.0,0.0,,,,,,,,,,,,,,9.0,9.0,4.0,2.0,6.0,4.0,19.0,15.0,16.0,13.0,,,,,,,,,,,,,,,,,,,,,,,,221.0,,281.5,23.0
Kadarius Toney,22.0,2021,WR,NYG,10.0,4.0,3.0,1.0,19.0,0.0,0.0,3.0,6.0,0.0,57.0,39.0,420.0,0.0,0.0,,,,,,,,,,,,,,,,,,,,,,,,,,,,,,,,,224.0,261.0,249.0,243.8,79.0
Kaden Smith,24.0,2021,TE,NYG,9.0,4.0,,,,,,0.0,0.0,0.0,3.0,3.0,33.0,0.0,0.0,,,,,,,,,,,,,,,,,,,,,,,,,,,,,,,,,,,,,
Kalen Ballage,26.0,2021,RB,PIT,17.0,0.0,,,,,,12.0,36.0,0.0,7.0,2.0,8.0,0.0,0.0,,,,,,,,,,,,,,,,,,,,,,,,,,,,,,,,,,,,318.0,93.0
Kalif Raymond,27.0,2021,WR,DET,16.0,14.0,,,,,,4.0,28.0,0.0,71.0,48.0,576.0,4.0,0.0,,,,,,,,,,,,,,,,,,,,,,,,,,,,,,,,,,,,,
Kareem Hunt,26.0,2021,RB,CLE,8.0,1.0,,,,,,78.0,386.0,5.0,27.0,22.0,174.0,0.0,0.0,,,,,,,,,,,,,,,,,,,,,,,,,,,,,,,,58.0,53.0,58.0,59.0,57.2,23.0
Ke'Shawn Vaughn,24.0,2021,RB,TAM,12.0,1.0,,,,,,36.0,180.0,2.0,8.0,4.0,26.0,0.0,0.0,,,,,,,,,,,,,,,,,,,,,,,,,,,,,,,,,,,,313.0,92.0
Keelan Cole,28.0,2021,WR,NYJ,15.0,11.0,1.0,0.0,0.0,0.0,0.0,0.0,0.0,0.0,51.0,28.0,449.0,1.0,0.0,,,,,,,,,,,,,,,,,,,,,,,,,,,,,,,,,,,,351.0,109.0
Keenan Allen,29.0,2021,WR,LAC,16.0,16.0,1.0,0.0,0.0,0.0,0.0,0.0,0.0,0.0,157.0,106.0,1138.0,6.0,1.0,,,,,,,,,,,,,,,,,,,,,,,,,,,,,,,,28.0,27.0,29.0,30.0,27.4,9.0
Keith Kirkwood,27.0,2021,WR,CAR,3.0,0.0,,,,,,0.0,0.0,0.0,7.0,3.0,17.0,0.0,0.0,,,,,,,,,,,,,,,,,,,,,,,,,,,,,,,,,,,,,
Keith Smith,29.0,2021,RB,ATL,17.0,8.0,,,,,,9.0,31.0,0.0,10.0,9.0,56.0,0.0,0.0,,,,,,,,,,,,,,,,,,,,,,,,,,,,,,,,,,,,,
Keke Coutee,24.0,2021,WR,IND,2.0,0.0,,,,,,0.0,0.0,0.0,1.0,1.0,5.0,0.0,0.0,,,,,,,,,,,,,,,,,,,,,,,,,,,,,,,,,,,,277.0,89.0
Kellen Mond,22.0,2021,QB,MIN,1.0,0.0,3.0,2.0,5.0,0.0,0.0,,,,,,,,,,,,,,,,,,,,,,,,,,,,,,,,,,,,,,,,,,,,,
Kendall Blanton,26.0,2021,TE,LAR,11.0,2.0,,,,,,0.0,0.0,0.0,7.0,4.0,37.0,0.0,1.0,,,,,,,,,,,,,,,,,,,,,,,,,,,,,,,,,,,,,
Kendall Hinton,24.0,2021,WR,DEN,16.0,1.0,1.0,1.0,1.0,0.0,0.0,0.0,0.0,0.0,23.0,15.0,175.0,1.0,0.0,,,,,,,,,,,,,,,,,,,,,,,,,,,,,,,,,,,,,
Kendrick Bourne,26.0,2021,WR,NWE,17.0,5.0,1.0,1.0,25.0,1.0,0.0,12.0,125.0,0.0,70.0,55.0,800.0,5.0,1.0,,,,,,,,,,,,,,,,,,,,,,,,,,,,,,,,,,,291.0,320.5,105.0
Kene Nwangwu,23.0,2021,RB,MIN,11.0,0.0,,,,,,13.0,61.0,0.0,5.0,4.0,9.0,0.0,0.0,,,,,,,,,,,,,,,,,,,,,,,,,,,,,,,,,,,,,
Kenjon Barner,32.0,2021,RB,TAM,3.0,0.0,,,,,,4.0,0.0,0.0,0.0,0.0,0.0,0.0,0.0,,,,,,,,,,,,,,,,,,,,,,,,,,,,,,,,,,,,,
Kenneth Gainwell,22.0,2021,RB,PHI,16.0,1.0,,,,,,68.0,291.0,5.0,50.0,33.0,253.0,1.0,2.0,,,,,,,,,,,,,,,,,,,,,,,,,,,,,,,,,195.0,178.0,165.0,177.8,51.0
Kenny Golladay,28.0,2021,WR,NYG,14.0,14.0,,,,,,0.0,0.0,0.0,76.0,37.0,521.0,0.0,0.0,,,,,,,,,,,,,,,,,,,,,,,,,,,,,,,,72.0,67.0,79.0,73.0,74.8,30.0
Kenny Stills,29.0,2021,WR,NOR,13.0,4.0,,,,,,1.0,1.0,0.0,23.0,6.0,68.0,1.0,0.0,,,,,,,,,,,,,,,,,,,,,,,,,,,,,,,,,,,,,
Kenny Yeboah,23.0,2021,TE,NYJ,9.0,0.0,,,,,,0.0,0.0,0.0,3.0,2.0,36.0,0.0,0.0,,,,,,,,,,,,,,,,,,,,,,,,,,,,,,,,,,,,,
Kenyan Drake,27.0,2021,RB,LVR,12.0,2.0,,,,,,63.0,254.0,2.0,40.0,30.0,291.0,1.0,1.0,,,,,,,,,,,,,,,,,,,,,,,,,,,,,,,,102.0,104.0,140.0,107.0,106.4,35.0
Kevin Rader,26.0,2021,TE,PIT,6.0,1.0,,,,,,0.0,0.0,0.0,3.0,2.0,8.0,0.0,0.0,,,,,,,,,,,,,,,,,,,,,,,,,,,,,,,,,,,,,
Kevin White,29.0,2021,WR,NOR,6.0,1.0,,,,,,0.0,0.0,0.0,5.0,1.0,38.0,0.0,0.0,,,,,,,,,,,,,,,,,,,,,,,,,,,,,,,,,,,,,
KhaDarel Hodge,26.0,2021,WR,DET,16.0,1.0,,,,,,0.0,0.0,0.0,27.0,13.0,157.0,0.0,0.0,,,,,,,,,,,,,,,,,,,,,,,,,,,,,,,,,,,,,
Khalil Herbert,23.0,2021,RB,CHI,17.0,2.0,,,,,,103.0,433.0,2.0,16.0,14.0,96.0,0.0,1.0,,,,,,,,,,,,,,,,,,,,,,,,,,,,,,,,,,,,,
Khari Blasingame,25.0,2021,RB,TEN,11.0,3.0,,,,,,3.0,6.0,0.0,2.0,2.0,4.0,0.0,1.0,,,,,,,,,,,,,,,,,,,,,,,,,,,,,,,,,,,,,
Kirk Cousins,33.0,2021,QB,MIN,16.0,16.0,561.0,372.0,4221.0,33.0,7.0,29.0,115.0,1.0,0.0,0.0,0.0,0.0,12.0,,,,,,,,,,,,,,,,,,,,,,,,,,,,,,,,176.0,163.0,165.0,137.0,157.8,19.0
Kirk Merritt,24.0,2021,WR,MIA,2.0,0.0,,,,,,0.0,0.0,0.0,3.0,1.0,13.0,0.0,0.0,,,,,,,,,,,,,,,,,,,,,,,,,,,,,,,,,,,,,
Kristian Wilkerson,24.0,2021,WR,NWE,3.0,1.0,,,,,,0.0,0.0,0.0,8.0,4.0,42.0,2.0,0.0,,,,,,,,,,,,,,,,,,,,,,,,,,,,,,,,,,,,,
Kurt Benkert,26.0,2021,QB,GNB,1.0,0.0,,,,,,2.0,-1.0,0.0,0.0,0.0,0.0,0.0,0.0,,,,,,,,,,,,,,,,,,,,,,,,,,,,,,,,,,,,,
Kyle Allen,25.0,2021,QB,WAS,2.0,0.0,19.0,12.0,120.0,1.0,0.0,2.0,11.0,0.0,0.0,0.0,0.0,0.0,1.0,,,,,,,,,,,,,,,,,,,,,,,,,,,,,,,,,,,,,
Kyle Juszczyk,30.0,2021,RB,SFO,17.0,16.0,,,,,,8.0,22.0,1.0,38.0,30.0,296.0,1.0,0.0,,,,,,,,,,,,,,,,,,,,,,,,,,,,,,,,,,272.0,,353.5,3.0
Kyle Pitts,21.0,2021,TE,ATL,17.0,15.0,,,,,,0.0,0.0,0.0,110.0,68.0,1026.0,1.0,0.0,,,,,,,,,,,,,,,,,,,,,,,,,,,,,,,,50.0,38.0,46.0,49.0,47.0,4.0
Kyle Rudolph,32.0,2021,TE,NYG,16.0,13.0,,,,,,0.0,0.0,0.0,39.0,26.0,257.0,1.0,0.0,,,,,,,,,,,,,,,,,,,,,,,,,,,,,,,1.0,,,,,432.0,49.0
Kylen Granson,23.0,2021,TE,IND,17.0,0.0,,,,,,0.0,0.0,0.0,15.0,11.0,106.0,0.0,0.0,,,,,,,,,,,,,,,,,,,,,,,,,,,,,,,,,,,,423.0,46.0
Kyler Murray,24.0,2021,QB,ARI,14.0,14.0,481.0,333.0,3787.0,24.0,10.0,88.0,423.0,5.0,0.0,0.0,7.0,0.0,13.0,,,,,,,,,,,,,,,,,,,,,,,,,,,,,,,,39.0,36.0,35.0,44.0,40.2,3.0
Kylin Hill,23.0,2021,RB,GNB,8.0,0.0,,,,,,10.0,24.0,0.0,2.0,1.0,5.0,0.0,0.0,,,,,,,,,,,,,,,,,,,,,,,,,,,,,,,,,,,,404.0,102.0
La'Mical Perine,23.0,2021,RB,NYJ,4.0,0.0,,,,,,8.0,31.0,0.0,0.0,0.0,0.0,0.0,0.0,,,,,,,,,,,,,,,,,,,,,,,,,,,,,,,,,,,,255.0,79.0
Lamar Jackson,24.0,2021,QB,BAL,12.0,12.0,382.0,246.0,2882.0,16.0,13.0,133.0,767.0,2.0,0.0,0.0,0.0,0.0,6.0,,,,,,,,,,,,,,,,,,,,,,,,,,,,,,,,43.0,43.0,34.0,50.0,44.8,4.0
Laquon Treadwell,26.0,2021,WR,JAX,12.0,7.0,,,,,,0.0,0.0,0.0,51.0,33.0,434.0,1.0,0.0,,,,,,,,,,,,,,,,,,,,,,,,,,,,,,,,,,,,,
Larry Rountree,22.0,2021,RB,LAC,12.0,0.0,,,,,,36.0,87.0,1.0,2.0,1.0,-1.0,0.0,0.0,,,,,,,,,,,,,,,,,,,,,,,,,,,,,,,,,,,247.0,271.0,82.0
Latavius Murray,31.0,2021,RB,BAL,14.0,6.0,,,,,,119.0,501.0,6.0,13.0,10.0,75.0,0.0,0.0,,,,,,,,,,,,,,,,,,,,,,,,,,,,,,,,227.0,169.0,208.0,172.0,194.2,53.0
Laviska Shenault Jr.,23.0,2021,WR,JAX,16.0,10.0,,,,,,11.0,41.0,0.0,100.0,63.0,619.0,0.0,1.0,,,,,,,,,,,,,,,,,,,,,,,,,,,,,,,,83.0,96.0,145.0,95.0,91.8,36.0
Le'Veon Bell,29.0,2021,RB,2TM,8.0,0.0,,,,,,39.0,101.0,2.0,7.0,5.0,30.0,1.0,0.0,,,,,,,,,,,,,,,,,,,,,,,,,,,,,,,1.0,216.0,238.0,263.0,212.0,232.3,64.0
Lee Smith,34.0,2021,TE,ATL,16.0,6.0,,,,,,0.0,0.0,0.0,11.0,9.0,65.0,1.0,0.0,,,,,,,,,,,,,,,,,,,,,,,,,,,,,,,,,,,,,
Leonard Fournette,26.0,2021,RB,TAM,14.0,13.0,1.0,0.0,0.0,0.0,0.0,180.0,812.0,8.0,84.0,69.0,454.0,2.0,1.0,,,,,,,,,,,,,,,,,,,,,,,,,,,,,,,,87.0,78.0,92.0,87.0,86.4,30.0
Lil'Jordan Humphrey,23.0,2021,WR,NOR,10.0,4.0,,,,,,0.0,0.0,0.0,18.0,13.0,249.0,2.0,0.0,,,,,,,,,,,,,,,,,,,,,,,,,,,,,,,,,,,,,
Lirim Hajrullahu,31.0,2021,K,2TM,4.0,0.0,,,,,,,,,,,,,,4.0,4.0,1.0,0.0,0.0,0.0,5.0,4.0,8.0,8.0,,,,,,,,,,,,,,,,,,,,,,,,,,,
Logan Cooke,26.0,2021,K,JAX,15.0,0.0,,,,,,,,,,,,,,0.0,0.0,0.0,0.0,0.0,0.0,0.0,0.0,0.0,0.0,,,,,,,,,,,,,,,,,,,,,,,,,,,
Logan Thomas,30.0,2021,TE,WAS,6.0,6.0,,,,,,0.0,0.0,0.0,25.0,18.0,196.0,3.0,1.0,,,,,,,,,,,,,,,,,,,,,,,,,,,,,,,,66.0,103.0,94.0,80.0,81.2,7.0
Logan Woodside,26.0,2021,QB,TEN,5.0,0.0,,,,,,6.0,-6.0,0.0,0.0,0.0,0.0,0.0,0.0,,,,,,,,,,,,,,,,,,,,,,,,,,,,,,,,,,,,,
Luke Farrell,24.0,2021,TE,JAX,15.0,4.0,,,,,,0.0,0.0,0.0,11.0,7.0,56.0,0.0,1.0,,,,,,,,,,,,,,,,,,,,,,,,,,,,,,,,,,,,,
Luke Stocker,33.0,2021,TE,MIN,12.0,0.0,,,,,,0.0,0.0,0.0,2.0,2.0,12.0,0.0,0.0,,,,,,,,,,,,,,,,,,,,,,,,,,,,,,,,,,,,,
Mac Jones,23.0,2021,QB,NWE,17.0,17.0,521.0,352.0,3801.0,22.0,13.0,44.0,129.0,0.0,0.0,0.0,0.0,0.0,7.0,,,,,,,,,,,,,,,,,,,,,,,,,,,,,,,,168.0,176.0,194.0,197.0,177.0,23.0
Mack Hollins,28.0,2021,WR,MIA,17.0,3.0,,,,,,0.0,0.0,0.0,28.0,14.0,223.0,4.0,0.0,,,,,,,,,,,,,,,,,,,,,,,,,,,,,,,,,,,,,
Malcolm Brown,28.0,2021,RB,MIA,7.0,3.0,,,,,,33.0,125.0,1.0,5.0,3.0,10.0,0.0,0.0,,,,,,,,,,,,,,,,,,,,,,,,,,,,,,,,188.0,246.0,,222.0,218.3,60.0
Malik Taylor,26.0,2021,WR,GNB,10.0,0.0,,,,,,0.0,0.0,0.0,3.0,2.0,14.0,0.0,1.0,,,,,,,,,,,,,,,,,,,,,,,,,,,,,,,,,,,,,
Malik Turner,25.0,2021,WR,DAL,14.0,0.0,,,,,,0.0,0.0,0.0,16.0,12.0,149.0,3.0,0.0,,,,,,,,,,,,,,,,,,,,,,,,,,,,,,,,,,,,,
Marcedes Lewis,37.0,2021,TE,GNB,17.0,17.0,,,,,,0.0,0.0,0.0,28.0,23.0,214.0,0.0,1.0,,,,,,,,,,,,,,,,,,,,,,,,,,,,,,,,,,,,,
Marcus Johnson,27.0,2021,WR,TEN,7.0,3.0,,,,,,2.0,-2.0,0.0,19.0,9.0,160.0,0.0,0.0,,,,,,,,,,,,,,,,,,,,,,,,,,,,,,,,,,,,,
Marcus Kemp,26.0,2021,WR,KAN,16.0,0.0,,,,,,0.0,0.0,0.0,5.0,2.0,24.0,0.0,0.0,,,,,,,,,,,,,,,,,,,,,,,,,,,,,,,,,,,,,
Marcus Mariota,28.0,2021,QB,LVR,10.0,0.0,2.0,1.0,4.0,0.0,0.0,13.0,87.0,1.0,0.0,0.0,0.0,0.0,1.0,,,,,,,,,,,,,,,,,,,,,,,,,,,,,,,,,,,,359.0,38.0
Mark Andrews,26.0,2021,TE,BAL,17.0,9.0,,,,,,1.0,0.0,0.0,153.0,107.0,1361.0,9.0,1.0,,,,,,,,,,,,,,,,,,,,,,,,,,,,,,,2.0,45.0,48.0,44.0,53.0,50.6,5.0
Mark Ingram,32.0,2021,RB,2TM,14.0,10.0,,,,,,160.0,554.0,2.0,35.0,27.0,162.0,0.0,1.0,,,,,,,,,,,,,,,,,,,,,,,,,,,,,,,,220.0,234.0,214.0,193.0,221.6,62.0
Marlon Mack,25.0,2021,RB,IND,6.0,0.0,,,,,,28.0,101.0,0.0,5.0,2.0,8.0,0.0,0.0,,,,,,,,,,,,,,,,,,,,,,,,,,,,,,,,,217.0,251.0,226.0,223.5,63.0
Marquez Callaway,23.0,2021,WR,NOR,17.0,11.0,,,,,,0.0,0.0,0.0,84.0,46.0,698.0,6.0,0.0,,,,,,,,,,,,,,,,,,,,,,,,,,,,,,,,131.0,130.0,176.0,103.0,123.0,47.0
Marquez Valdes-Scantling,27.0,2021,WR,GNB,11.0,7.0,,,,,,0.0,0.0,0.0,55.0,26.0,430.0,3.0,0.0,,,,,,,,,,,,,,,,,,,,,,,,,,,,,,,,,205.0,245.0,219.0,230.0,76.0
Marquise Brown,24.0,2021,WR,BAL,16.0,16.0,,,,,,1.0,5.0,0.0,146.0,91.0,1008.0,6.0,3.0,,,,,,,,,,,,,,,,,,,,,,,,,,,,,,,,105.0,118.0,136.0,120.0,123.2,49.0
Marquise Goodwin,31.0,2021,WR,CHI,14.0,2.0,,,,,,2.0,-1.0,0.0,40.0,20.0,313.0,1.0,1.0,,,,,,,,,,,,,,,,,,,,,,,,,,,,,,,,,,,,352.0,110.0
Marvin Hall,28.0,2021,WR,ATL,2.0,0.0,,,,,,0.0,0.0,0.0,1.0,1.0,10.0,0.0,0.0,,,,,,,,,,,,,,,,,,,,,,,,,,,,,,,,,,,,,
Marvin Jones,31.0,2021,WR,JAX,17.0,16.0,,,,,,0.0,0.0,0.0,120.0,73.0,832.0,4.0,0.0,,,,,,,,,,,,,,,,,,,,,,,,,,,,,,,,106.0,148.0,112.0,129.0,122.4,46.0
Mason Crosby,37.0,2021,K,GNB,17.0,0.0,,,,,,,,,,,,,,22.0,18.0,8.0,4.0,4.0,3.0,34.0,25.0,51.0,49.0,,,,,,,,,,,,,,,,,,,,,,195.0,157.0,156.0,224.0,195.0,11.0
Mason Rudolph,26.0,2021,QB,PIT,2.0,1.0,58.0,35.0,277.0,1.0,1.0,5.0,53.0,0.0,0.0,0.0,0.0,0.0,1.0,,,,,,,,,,,,,,,,,,,,,,,,,,,,,,,,,,,,,
Matt Ammendola,25.0,2021,K,NYJ,11.0,0.0,,,,,,,,,,,,,,11.0,11.0,5.0,2.0,3.0,0.0,19.0,13.0,15.0,14.0,,,,,,,,,,,,,,,,,,,,,,,,,,394.0,31.0
Matt Breida,26.0,2021,RB,BUF,9.0,0.0,,,,,,26.0,125.0,1.0,9.0,7.0,72.0,2.0,1.0,,,,,,,,,,,,,,,,,,,,,,,,,,,,,,,,,,,,360.0,99.0
Matt Gay,27.0,2021,K,LAR,17.0,0.0,,,,,,,,,,,,,,21.0,21.0,8.0,7.0,5.0,4.0,34.0,32.0,49.0,48.0,,,,,,,,,,,,,,,,,,,,,,142.0,,250.0,205.0,209.0,14.0
Matt Haack,27.0,2021,K,BUF,17.0,0.0,,,,,,,,,,,,,,0.0,0.0,0.0,0.0,0.0,0.0,0.0,0.0,0.0,0.0,,,,,,,,,,,,,,,,,,,,,,,,,,,
Matt Prater,37.0,2021,K,ARI,17.0,0.0,,,,,,,,,,,,,,22.0,20.0,5.0,3.0,10.0,7.0,37.0,30.0,49.0,47.0,,,,,,,,,,,,,,,,,,,,,,190.0,168.0,206.0,208.0,207.2,13.0
Matt Ryan,36.0,2021,QB,ATL,17.0,17.0,560.0,375.0,3968.0,20.0,12.0,40.0,82.0,1.0,0.0,0.0,0.0,0.0,11.0,,,,,,,,,,,,,,,,,,,,,,,,,,,,,,,1.0,153.0,158.0,161.0,126.0,141.8,17.0
Matthew Stafford,33.0,2021,QB,LAR,17.0,17.0,601.0,404.0,4886.0,41.0,17.0,32.0,43.0,0.0,0.0,0.0,0.0,0.0,5.0,,,,,,,,,,,,,,,,,,,,,,,,,,,,,,,,93.0,89.0,69.0,88.0,88.2,10.0
Matthew Wright,25.0,2021,K,JAX,14.0,0.0,,,,,,,,,,,,,,14.0,14.0,4.0,3.0,6.0,4.0,24.0,21.0,15.0,13.0,,,,,,,,,,,,,,,,,,,,,,,,,,,
Maurice Ffrench,23.0,2021,WR,LAC,3.0,0.0,,,,,,1.0,3.0,0.0,0.0,0.0,0.0,0.0,0.0,,,,,,,,,,,,,,,,,,,,,,,,,,,,,,,,,,,,,
Maxx Williams,27.0,2021,TE,ARI,5.0,5.0,,,,,,0.0,0.0,0.0,17.0,16.0,193.0,1.0,0.0,,,,,,,,,,,,,,,,,,,,,,,,,,,,,,,,,,,,,
Mecole Hardman,23.0,2021,WR,KAN,17.0,8.0,,,,,,8.0,46.0,0.0,83.0,59.0,693.0,2.0,3.0,,,,,,,,,,,,,,,,,,,,,,,,,,,,,,,,144.0,125.0,164.0,140.0,132.8,51.0
Mekhi Sargent,24.0,2021,RB,3TM,7.0,0.0,,,,,,5.0,11.0,0.0,1.0,0.0,0.0,0.0,0.0,,,,,,,,,,,,,,,,,,,,,,,,,,,,,,,,,,,271.0,271.0,83.0
Melvin Gordon,28.0,2021,RB,DEN,16.0,16.0,,,,,,203.0,918.0,8.0,38.0,28.0,213.0,2.0,3.0,,,,,,,,,,,,,,,,,,,,,,,,,,,,,,,,103.0,77.0,87.0,79.0,79.6,29.0
Michael Badgley,26.0,2021,K,2TM,13.0,0.0,,,,,,,,,,,,,,11.0,10.0,10.0,8.0,1.0,0.0,22.0,18.0,41.0,40.0,,,,,,,,,,,,,,,,,,,,,,,,216.0,,280.5,22.0
Michael Burton,29.0,2021,RB,KAN,16.0,0.0,,,,,,8.0,26.0,1.0,3.0,3.0,31.0,0.0,0.0,,,,,,,,,,,,,,,,,,,,,,,,,,,,,,,,,,,,,
Michael Carter,22.0,2021,RB,NYJ,14.0,11.0,,,,,,147.0,639.0,4.0,55.0,36.0,325.0,0.0,1.0,,,,,,,,,,,,,,,,,,,,,,,,,,,,,,,,134.0,95.0,107.0,82.0,93.4,33.0
Michael Gallup,25.0,2021,WR,DAL,9.0,8.0,,,,,,0.0,0.0,0.0,62.0,35.0,445.0,2.0,0.0,,,,,,,,,,,,,,,,,,,,,,,,,,,,,,,,86.0,122.0,132.0,119.0,118.0,44.0
Michael Palardy,29.0,2021,K,MIA,17.0,0.0,,,,,,1.0,1.0,0.0,0.0,0.0,0.0,0.0,0.0,0.0,0.0,0.0,0.0,0.0,0.0,0.0,0.0,0.0,0.0,,,,,,,,,,,,,,,,,,,,,,,,,,,
Michael Pittman Jr.,24.0,2021,WR,IND,17.0,17.0,,,,,,5.0,44.0,0.0,129.0,88.0,1082.0,6.0,1.0,,,,,,,,,,,,,,,,,,,,,,,,,,,,,,,,129.0,111.0,104.0,97.0,106.4,42.0
Mike Boone,26.0,2021,RB,DEN,8.0,0.0,,,,,,4.0,35.0,0.0,2.0,2.0,22.0,0.0,0.0,,,,,,,,,,,,,,,,,,,,,,,,,,,,,,,,,,,,278.0,87.0
Mike Davis,28.0,2021,RB,ATL,17.0,8.0,,,,,,138.0,503.0,3.0,58.0,44.0,259.0,1.0,4.0,,,,,,,,,,,,,,,,,,,,,,,,,,,,,,,,67.0,64.0,52.0,45.0,56.8,22.0
Mike Evans,28.0,2021,WR,TAM,16.0,16.0,,,,,,1.0,10.0,0.0,114.0,74.0,1035.0,14.0,0.0,,,,,,,,,,,,,,,,,,,,,,,,,,,,,,,,33.0,32.0,37.0,40.0,35.4,13.0
Mike Gesicki,26.0,2021,TE,MIA,17.0,9.0,1.0,0.0,0.0,0.0,0.0,0.0,0.0,0.0,112.0,73.0,780.0,2.0,0.0,,,,,,,,,,,,,,,,,,,,,,,,,,,,,,,,109.0,90.0,114.0,113.0,109.8,11.0
Mike Glennon,32.0,2021,QB,NYG,6.0,4.0,167.0,90.0,790.0,4.0,10.0,7.0,33.0,1.0,0.0,0.0,0.0,0.0,6.0,,,,,,,,,,,,,,,,,,,,,,,,,,,,,,,,,,,,444.0,47.0
Mike Strachan,24.0,2021,WR,IND,6.0,0.0,,,,,,0.0,0.0,0.0,3.0,2.0,26.0,0.0,0.0,,,,,,,,,,,,,,,,,,,,,,,,,,,,,,,,,,,,,
Mike Thomas,27.0,2021,WR,CIN,12.0,1.0,,,,,,0.0,0.0,0.0,11.0,5.0,52.0,0.0,0.0,,,,,,,,,,,,,,,,,,,,,,,,,,,,,,,,,,,,,
Mike White,26.0,2021,QB,NYJ,4.0,3.0,132.0,88.0,953.0,5.0,8.0,5.0,-1.0,0.0,0.0,0.0,0.0,0.0,0.0,,,,,,,,,,,,,,,,,,,,,,,,,,,,,,,,,275.0,,,275.0,35.0
Mike Williams,27.0,2021,WR,LAC,16.0,14.0,,,,,,0.0,0.0,0.0,129.0,76.0,1146.0,9.0,0.0,,,,,,,,,,,,,,,,,,,,,,,,,,,,,,,,116.0,115.0,131.0,133.0,123.0,48.0
Miles Boykin,25.0,2021,WR,BAL,8.0,0.0,,,,,,0.0,0.0,0.0,1.0,1.0,6.0,0.0,0.0,,,,,,,,,,,,,,,,,,,,,,,,,,,,,,,,,,,,,
Miles Sanders,24.0,2021,RB,PHI,12.0,12.0,,,,,,137.0,754.0,0.0,34.0,26.0,158.0,0.0,1.0,,,,,,,,,,,,,,,,,,,,,,,,,,,,,,,,35.0,39.0,48.0,38.0,38.2,20.0
Mitch Wishnowsky,29.0,2021,K,SFO,17.0,0.0,,,,,,,,,,,,,,0.0,0.0,1.0,0.0,0.0,0.0,1.0,0.0,2.0,1.0,,,,,,,,,,,,,,,,,,,,,,,,,,,
Mitchell Trubisky,27.0,2021,QB,BUF,6.0,0.0,8.0,6.0,43.0,0.0,1.0,13.0,24.0,1.0,0.0,0.0,0.0,0.0,0.0,,,,,,,,,,,,,,,,,,,,,,,,,,,,,,,,,,,,378.0,39.0
Mitchell Wilcox,25.0,2021,TE,CIN,15.0,1.0,,,,,,0.0,0.0,0.0,5.0,3.0,16.0,0.0,0.0,,,,,,,,,,,,,,,,,,,,,,,,,,,,,,,,,,,,,
Mo Alie-Cox,28.0,2021,TE,IND,17.0,7.0,,,,,,0.0,0.0,0.0,45.0,24.0,316.0,4.0,1.0,,,,,,,,,,,,,,,,,,,,,,,,,,,,,,,,,,,,291.0,34.0
Mohamed Sanu,32.0,2021,WR,SFO,8.0,0.0,,,,,,0.0,0.0,0.0,24.0,15.0,177.0,0.0,0.0,,,,,,,,,,,,,,,,,,,,,,,,,,,,,,,,,,,,374.0,116.0
MyCole Pruitt,29.0,2021,TE,TEN,16.0,9.0,,,,,,0.0,0.0,0.0,18.0,14.0,145.0,3.0,0.0,,,,,,,,,,,,,,,,,,,,,,,,,,,,,,,1.0,,,,,,
Myles Gaskin,24.0,2021,RB,MIA,17.0,10.0,,,,,,173.0,612.0,3.0,63.0,49.0,234.0,4.0,2.0,,,,,,,,,,,,,,,,,,,,,,,,,,,,,,,,61.0,56.0,59.0,46.0,49.8,21.0
N'Keal Harry,24.0,2021,WR,NWE,12.0,4.0,,,,,,0.0,0.0,0.0,22.0,12.0,184.0,0.0,1.0,,,,,,,,,,,,,,,,,,,,,,,,,,,,,,,,,,,,368.0,113.0
Najee Harris,23.0,2021,RB,PIT,17.0,17.0,,,,,,307.0,1200.0,7.0,94.0,74.0,467.0,3.0,0.0,,,,,,,,,,,,,,,,,,,,,,,,,,,,,,,,15.0,16.0,16.0,16.0,15.6,11.0
Nate McCrary,22.0,2021,RB,BAL,1.0,0.0,,,,,,1.0,-1.0,0.0,0.0,0.0,0.0,0.0,0.0,,,,,,,,,,,,,,,,,,,,,,,,,,,,,,,,,,,,,
Nathan Cottrell,25.0,2021,RB,JAX,4.0,0.0,,,,,,1.0,3.0,0.0,0.0,0.0,0.0,0.0,0.0,,,,,,,,,,,,,,,,,,,,,,,,,,,,,,,,,,,,,
Nathan Peterman,27.0,2021,QB,LVR,1.0,0.0,,,,,,2.0,2.0,0.0,0.0,0.0,0.0,0.0,0.0,,,,,,,,,,,,,,,,,,,,,,,,,,,,,,,,,,,,,
Nelson Agholor,28.0,2021,WR,NWE,15.0,13.0,,,,,,3.0,11.0,0.0,64.0,37.0,473.0,3.0,0.0,,,,,,,,,,,,,,,,,,,,,,,,,,,,,,,,175.0,167.0,205.0,174.0,176.2,58.0
Nick Bawden,25.0,2021,RB,NYJ,9.0,1.0,,,,,,0.0,0.0,0.0,1.0,1.0,20.0,0.0,0.0,,,,,,,,,,,,,,,,,,,,,,,,,,,,,,,,,,,,,
Nick Boyle,28.0,2021,TE,BAL,5.0,3.0,,,,,,0.0,0.0,0.0,2.0,1.0,2.0,0.0,0.0,,,,,,,,,,,,,,,,,,,,,,,,,,,,,,,,,,,,,
Nick Chubb,26.0,2021,RB,CLE,14.0,14.0,,,,,,228.0,1259.0,8.0,25.0,20.0,174.0,1.0,2.0,,,,,,,,,,,,,,,,,,,,,,,,,,,,,,,,12.0,6.0,11.0,12.0,10.4,10.0
Nick Foles,32.0,2021,QB,CHI,1.0,1.0,35.0,24.0,250.0,1.0,0.0,4.0,8.0,0.0,0.0,0.0,0.0,0.0,1.0,,,,,,,,,,,,,,,,,,,,,,,,,,,,,,,,,,,,,
Nick Folk,37.0,2021,K,NWE,17.0,0.0,,,,,,,,,,,,,,20.0,20.0,11.0,11.0,8.0,5.0,39.0,36.0,47.0,42.0,,,,,,,,,,,,,,,,,,,,,,,,252.0,,295.0,27.0
Nick Mullens,26.0,2021,QB,CLE,1.0,1.0,30.0,20.0,147.0,1.0,0.0,,,,,,,,,,,,,,,,,,,,,,,,,,,,,,,,,,,,,,,,,,,,,
Nick Vannett,28.0,2021,TE,NOR,7.0,2.0,,,,,,0.0,0.0,0.0,15.0,9.0,133.0,1.0,0.0,,,,,,,,,,,,,,,,,,,,,,,,,,,,,,,,,,,,,
Nick Westbrook-Ikhine,24.0,2021,WR,TEN,16.0,7.0,,,,,,0.0,0.0,0.0,57.0,38.0,476.0,4.0,1.0,,,,,,,,,,,,,,,,,,,,,,,,,,,,,,,,,,,,,
Nico Collins,22.0,2021,WR,HOU,14.0,8.0,,,,,,0.0,0.0,0.0,60.0,33.0,446.0,1.0,0.0,,,,,,,,,,,,,,,,,,,,,,,,,,,,,,,,,252.0,,257.0,241.0,78.0
Noah Brown,25.0,2021,WR,DAL,13.0,1.0,,,,,,0.0,0.0,0.0,25.0,16.0,184.0,0.0,0.0,,,,,,,,,,,,,,,,,,,,,,,,,,,,,,,,,,,,,
Noah Fant,24.0,2021,TE,DEN,16.0,16.0,,,,,,0.0,0.0,0.0,90.0,68.0,670.0,4.0,0.0,,,,,,,,,,,,,,,,,,,,,,,,,,,,,,,,80.0,74.0,90.0,89.0,84.2,8.0
Noah Gray,22.0,2021,TE,KAN,16.0,1.0,,,,,,0.0,0.0,0.0,10.0,7.0,36.0,1.0,0.0,,,,,,,,,,,,,,,,,,,,,,,,,,,,,,,,,,,,425.0,47.0
Nyheim Hines,25.0,2021,RB,IND,17.0,4.0,,,,,,56.0,276.0,2.0,57.0,40.0,310.0,1.0,3.0,,,,,,,,,,,,,,,,,,,,,,,,,,,,,,,,132.0,127.0,184.0,102.0,124.0,40.0
O.J. Howard,27.0,2021,TE,TAM,17.0,9.0,,,,,,0.0,0.0,0.0,21.0,14.0,135.0,1.0,0.0,,,,,,,,,,,,,,,,,,,,,,,,,,,,,,,,221.0,243.0,270.0,278.0,254.8,28.0
Odell Beckham Jr.,29.0,2021,WR,2TM,14.0,13.0,,,,,,2.0,14.0,0.0,82.0,44.0,537.0,5.0,0.0,,,,,,,,,,,,,,,,,,,,,,,,,,,,,,,,65.0,65.0,66.0,75.0,67.8,25.0
Olamide Zaccheaus,24.0,2021,WR,ATL,17.0,8.0,,,,,,1.0,2.0,0.0,53.0,31.0,406.0,3.0,0.0,,,,,,,,,,,,,,,,,,,,,,,,,,,,,,,,,,,,307.0,99.0
P.J. Walker,26.0,2021,QB,CAR,5.0,1.0,66.0,36.0,362.0,1.0,3.0,7.0,13.0,0.0,0.0,0.0,0.0,0.0,3.0,,,,,,,,,,,,,,,,,,,,,,,,,,,,,,,,,,,,,
Parris Campbell,24.0,2021,WR,IND,6.0,3.0,,,,,,0.0,0.0,0.0,20.0,10.0,162.0,1.0,0.0,,,,,,,,,,,,,,,,,,,,,,,,,,,,,,,,165.0,214.0,293.0,234.0,223.6,73.0
Pat Freiermuth,23.0,2021,TE,PIT,16.0,9.0,,,,,,0.0,0.0,0.0,79.0,60.0,497.0,7.0,1.0,,,,,,,,,,,,,,,,,,,,,,,,,,,,,,,,201.0,180.0,225.0,230.0,210.4,24.0
Patrick Laird,26.0,2021,RB,MIA,6.0,0.0,,,,,,1.0,4.0,0.0,3.0,3.0,17.0,0.0,0.0,,,,,,,,,,,,,,,,,,,,,,,,,,,,,,,,,,,,,
Patrick Mahomes,26.0,2021,QB,KAN,17.0,17.0,658.0,436.0,4839.0,37.0,13.0,66.0,381.0,2.0,0.0,0.0,0.0,0.0,9.0,,,,,,,,,,,,,,,,,,,,,,,,,,,,,,,,19.0,14.0,15.0,21.0,18.2,1.0
Patrick Ricard,27.0,2021,RB,BAL,13.0,11.0,,,,,,2.0,4.0,0.0,13.0,8.0,63.0,1.0,0.0,,,,,,,,,,,,,,,,,,,,,,,,,,,,,,,,,,,,,
Patrick Taylor,23.0,2021,RB,GNB,9.0,0.0,,,,,,23.0,89.0,1.0,2.0,2.0,3.0,0.0,0.0,,,,,,,,,,,,,,,,,,,,,,,,,,,,,,,,,,,,,
Penny Hart,25.0,2021,WR,SEA,17.0,0.0,,,,,,0.0,0.0,0.0,12.0,7.0,59.0,0.0,0.0,,,,,,,,,,,,,,,,,,,,,,,,,,,,,,,,,,,,,
Peyton Barber,27.0,2021,RB,LVR,10.0,1.0,,,,,,55.0,212.0,2.0,13.0,10.0,67.0,0.0,2.0,,,,,,,,,,,,,,,,,,,,,,,,,,,,,,,,,,,,,
Pharaoh Brown,27.0,2021,TE,HOU,15.0,12.0,,,,,,0.0,0.0,0.0,34.0,23.0,171.0,0.0,1.0,,,,,,,,,,,,,,,,,,,,,,,,,,,,,,,,,,,,,
Pharoh Cooper,26.0,2021,WR,NYG,8.0,0.0,,,,,,1.0,3.0,0.0,11.0,4.0,33.0,0.0,0.0,,,,,,,,,,,,,,,,,,,,,,,,,,,,,,,,,,,,431.0,135.0
Phillip Dorsett,28.0,2021,WR,3TM,6.0,0.0,,,,,,1.0,0.0,0.0,14.0,7.0,110.0,0.0,0.0,,,,,,,,,,,,,,,,,,,,,,,,,,,,,,,,,,,,,
Phillip Lindsay,27.0,2021,RB,2TM,14.0,1.0,,,,,,88.0,249.0,1.0,5.0,4.0,45.0,1.0,0.0,,,,,,,,,,,,,,,,,,,,,,,,,,,,,,,,155.0,143.0,154.0,123.0,146.2,44.0
Pressley Harvin III,23.0,2021,K,PIT,15.0,0.0,,,,,,,,,,,,,,0.0,0.0,0.0,0.0,0.0,0.0,0.0,0.0,0.0,0.0,,,,,,,,,,,,,,,,,,,,,,,,,,,
Preston Williams,24.0,2021,WR,MIA,8.0,3.0,,,,,,1.0,7.0,0.0,16.0,6.0,71.0,0.0,0.0,,,,,,,,,,,,,,,,,,,,,,,,,,,,,,,,,,,,372.0,114.0
Qadree Ollison,25.0,2021,RB,ATL,8.0,0.0,,,,,,21.0,105.0,1.0,6.0,4.0,12.0,0.0,1.0,,,,,,,,,,,,,,,,,,,,,,,,,,,,,,,,,,,,273.0,85.0
Quez Watkins,23.0,2021,WR,PHI,17.0,12.0,,,,,,1.0,3.0,0.0,62.0,43.0,647.0,1.0,0.0,,,,,,,,,,,,,,,,,,,,,,,,,,,,,,,,,,,301.0,291.0,95.0
Quintez Cephus,23.0,2021,WR,DET,5.0,3.0,,,,,,0.0,0.0,0.0,22.0,15.0,204.0,2.0,0.0,,,,,,,,,,,,,,,,,,,,,,,,,,,,,,,,,,,,308.0,100.0
Racey McMath,22.0,2021,WR,TEN,9.0,0.0,,,,,,0.0,0.0,0.0,6.0,2.0,8.0,0.0,1.0,,,,,,,,,,,,,,,,,,,,,,,,,,,,,,,,,,,,,
Raheem Mostert,29.0,2021,RB,SFO,1.0,1.0,,,,,,2.0,20.0,0.0,0.0,0.0,0.0,0.0,0.0,,,,,,,,,,,,,,,,,,,,,,,,,,,,,,,,79.0,72.0,85.0,63.0,68.8,27.0
Randall Cobb,31.0,2021,WR,GNB,12.0,3.0,,,,,,1.0,1.0,0.0,39.0,28.0,375.0,5.0,1.0,,,,,,,,,,,,,,,,,,,,,,,,,,,,,,,,173.0,174.0,213.0,233.0,199.6,66.0
Randy Bullock,32.0,2021,K,TEN,16.0,0.0,,,,,,,,,,,,,,17.0,17.0,13.0,8.0,1.0,1.0,31.0,26.0,45.0,42.0,,,,,,,,,,,,,,,,,,,,,,,,283.0,,326.5,30.0
Rashaad Penny,25.0,2021,RB,SEA,10.0,6.0,,,,,,119.0,749.0,6.0,8.0,6.0,48.0,0.0,0.0,,,,,,,,,,,,,,,,,,,,,,,,,,,,,,,,,211.0,248.0,180.0,190.6,52.0
Rashard Higgins,27.0,2021,WR,CLE,15.0,4.0,,,,,,0.0,0.0,0.0,47.0,24.0,275.0,1.0,0.0,,,,,,,,,,,,,,,,,,,,,,,,,,,,,,,,,,296.0,,313.5,102.0
Rashod Bateman,22.0,2021,WR,BAL,12.0,4.0,,,,,,0.0,0.0,0.0,68.0,46.0,515.0,1.0,0.0,,,,,,,,,,,,,,,,,,,,,,,,,,,,,,,,,173.0,266.0,253.0,214.3,71.0
Ray-Ray McCloud,25.0,2021,WR,PIT,16.0,5.0,,,,,,2.0,15.0,0.0,66.0,39.0,277.0,0.0,4.0,,,,,,,,,,,,,,,,,,,,,,,,,,,,,,,,,,,,,
Reggie Bonnafon,25.0,2021,RB,CAR,4.0,0.0,,,,,,1.0,4.0,0.0,2.0,2.0,12.0,0.0,0.0,,,,,,,,,,,,,,,,,,,,,,,,,,,,,,,,,,,,,
Reggie Gilliam,24.0,2021,RB,BUF,16.0,5.0,,,,,,3.0,3.0,0.0,5.0,3.0,23.0,0.0,0.0,,,,,,,,,,,,,,,,,,,,,,,,,,,,,,,,,,,,,
Rex Burkhead,31.0,2021,RB,HOU,16.0,5.0,1.0,0.0,0.0,0.0,0.0,122.0,427.0,3.0,32.0,25.0,186.0,0.0,1.0,,,,,,,,,,,,,,,,,,,,,,,,,,,,,,,,,,,,445.0,106.0
Rhamondre Stevenson,23.0,2021,RB,NWE,12.0,2.0,,,,,,133.0,606.0,5.0,18.0,14.0,123.0,0.0,2.0,,,,,,,,,,,,,,,,,,,,,,,,,,,,,,,,181.0,177.0,233.0,134.0,169.0,48.0
Richard Rodgers,29.0,2021,TE,PHI,3.0,0.0,,,,,,0.0,0.0,0.0,2.0,2.0,11.0,0.0,0.0,,,,,,,,,,,,,,,,,,,,,,,,,,,,,,,,,,,,,
Ricky Seals-Jones,26.0,2021,TE,WAS,13.0,6.0,,,,,,0.0,0.0,0.0,49.0,30.0,271.0,2.0,0.0,,,,,,,,,,,,,,,,,,,,,,,,,,,,,,,,,,,,,
Rigoberto Sanchez,27.0,2021,K,IND,17.0,0.0,,,,,,,,,,,,,,0.0,0.0,0.0,0.0,0.0,0.0,0.0,0.0,0.0,0.0,,,,,,,,,,,,,,,,,,,,,,,,,,,
Riley Dixon,28.0,2021,K,NYG,17.0,0.0,1.0,0.0,0.0,0.0,0.0,,,,,,,,,0.0,0.0,0.0,0.0,0.0,0.0,0.0,0.0,0.0,0.0,,,,,,,,,,,,,,,,,,,,,,,,,,,
Riley Patterson,22.0,2021,K,DET,7.0,0.0,,,,,,,,,,,,,,9.0,9.0,4.0,4.0,1.0,0.0,14.0,13.0,16.0,16.0,,,,,,,,,,,,,,,,,,,,,,,,,,,
Rob Gronkowski,32.0,2021,TE,TAM,12.0,12.0,,,,,,0.0,0.0,0.0,89.0,55.0,802.0,6.0,0.0,,,,,,,,,,,,,,,,,,,,,,,,,,,,,,,,114.0,86.0,101.0,145.0,125.6,14.0
Robbie Chosen,28.0,2021,WR,CAR,17.0,16.0,,,,,,3.0,36.0,0.0,110.0,53.0,519.0,5.0,0.0,,,,,,,,,,,,,,,,,,,,,,,,,,,,,,,,70.0,80.0,88.0,77.0,77.4,32.0
Robbie Gould,39.0,2021,K,SFO,13.0,0.0,,,,,,,,,,,,,,10.0,10.0,9.0,7.0,4.0,3.0,23.0,20.0,40.0,39.0,,,,,,,,,,,,,,,,,,,,,,205.0,188.0,210.0,235.0,227.8,16.0
Robert Tonyan,27.0,2021,TE,GNB,8.0,5.0,,,,,,0.0,0.0,0.0,29.0,18.0,204.0,2.0,0.0,,,,,,,,,,,,,,,,,,,,,,,,,,,,,,,,88.0,93.0,76.0,90.0,88.4,9.0
Robert Woods,29.0,2021,WR,LAR,9.0,9.0,,,,,,8.0,46.0,1.0,69.0,45.0,556.0,4.0,0.0,,,,,,,,,,,,,,,,,,,,,,,,,,,,,,,1.0,36.0,47.0,39.0,37.0,38.4,14.0
Rodney Adams,27.0,2021,WR,CHI,1.0,0.0,,,,,,0.0,0.0,0.0,1.0,0.0,0.0,0.0,0.0,,,,,,,,,,,,,,,,,,,,,,,,,,,,,,,,,,,,,
Rodney Smith,25.0,2021,RB,CAR,2.0,0.0,,,,,,0.0,0.0,0.0,5.0,5.0,48.0,0.0,0.0,,,,,,,,,,,,,,,,,,,,,,,,,,,,,,,,,,,,,
Rodrigo Blankenship,24.0,2021,K,IND,5.0,0.0,,,,,,,,,,,,,,7.0,6.0,6.0,5.0,1.0,0.0,14.0,11.0,8.0,7.0,,,,,,,,,,,,,,,,,,,,,,187.0,145.0,68.0,185.0,177.6,8.0
Ronald Jones II,24.0,2021,RB,TAM,16.0,3.0,,,,,,101.0,428.0,4.0,13.0,10.0,64.0,0.0,2.0,,,,,,,,,,,,,,,,,,,,,,,,,,,,,,,,121.0,83.0,127.0,72.0,91.8,32.0
Rondale Moore,21.0,2021,WR,ARI,14.0,7.0,,,,,,18.0,76.0,0.0,64.0,54.0,435.0,1.0,3.0,,,,,,,,,,,,,,,,,,,,,,,,,,,,,,,,198.0,165.0,286.0,186.0,177.0,59.0
Ross Dwelley,26.0,2021,TE,SFO,17.0,2.0,,,,,,0.0,0.0,0.0,5.0,4.0,51.0,1.0,0.0,,,,,,,,,,,,,,,,,,,,,,,,,,,,,,,,,,,,,
Royce Freeman,25.0,2021,RB,2TM,15.0,0.0,,,,,,56.0,169.0,0.0,16.0,10.0,77.0,0.0,0.0,,,,,,,,,,,,,,,,,,,,,,,,,,,,,,,,,,,,244.0,71.0
Russell Gage,25.0,2021,WR,ATL,14.0,9.0,,,,,,0.0,0.0,0.0,94.0,66.0,770.0,4.0,2.0,,,,,,,,,,,,,,,,,,,,,,,,,,,,,,,,172.0,155.0,188.0,136.0,148.8,56.0
Russell Wilson,33.0,2021,QB,SEA,14.0,14.0,400.0,259.0,3113.0,25.0,6.0,43.0,183.0,2.0,0.0,0.0,0.0,0.0,6.0,,,,,,,,,,,,,,,,,,,,,,,,,,,,,,,,55.0,49.0,47.0,65.0,55.6,6.0
Ryan Fitzpatrick,39.0,2021,QB,WAS,1.0,1.0,6.0,3.0,13.0,0.0,0.0,1.0,2.0,0.0,0.0,0.0,0.0,0.0,1.0,,,,,,,,,,,,,,,,,,,,,,,,,,,,,,,,182.0,197.0,190.0,184.0,182.8,24.0
Ryan Griffin,31.0,2021,TE,NYJ,14.0,12.0,,,,,,0.0,0.0,0.0,42.0,27.0,261.0,2.0,1.0,,,,,,,,,,,,,,,,,,,,,,,,,,,,,,,,,,,,,
Ryan Nall,26.0,2021,RB,CHI,9.0,0.0,,,,,,1.0,4.0,0.0,1.0,1.0,4.0,0.0,0.0,,,,,,,,,,,,,,,,,,,,,,,,,,,,,,,,,,,,,
Ryan Santoso,26.0,2021,K,2TM,4.0,0.0,,,,,,,,,,,,,,4.0,4.0,1.0,0.0,0.0,0.0,5.0,4.0,8.0,6.0,,,,,,,,,,,,,,,,,,,,,,,,,,400.0,32.0
Ryan Succop,35.0,2021,K,TAM,17.0,0.0,,,,,,,,,,,,,,19.0,18.0,10.0,7.0,1.0,0.0,30.0,25.0,59.0,56.0,,,,,,,,,,,,,,,,,,,,,,179.0,139.0,126.0,182.0,165.8,6.0
Ryan Tannehill,33.0,2021,QB,TEN,17.0,17.0,531.0,357.0,3734.0,21.0,14.0,55.0,270.0,7.0,0.0,0.0,0.0,0.0,10.0,,,,,,,,,,,,,,,,,,,,,,,,,,,,,,,,98.0,98.0,93.0,85.0,93.4,11.0
Ryan Winslow,27.0,2021,K,3TM,4.0,0.0,,,,,,,,,,,,,,0.0,0.0,0.0,0.0,0.0,0.0,0.0,0.0,0.0,0.0,,,,,,,,,,,,,,,,,,,,,,,,,,,
Ryquell Armstead,25.0,2021,RB,JAX,2.0,0.0,,,,,,15.0,80.0,0.0,4.0,3.0,16.0,0.0,0.0,,,,,,,,,,,,,,,,,,,,,,,,,,,,,,,,,,,,,
Salvon Ahmed,23.0,2021,RB,MIA,12.0,0.0,,,,,,54.0,149.0,0.0,19.0,12.0,117.0,0.0,0.0,,,,,,,,,,,,,,,,,,,,,,,,,,,,,,,,,255.0,,259.0,250.3,75.0
Sam Darnold,24.0,2021,QB,CAR,12.0,11.0,406.0,243.0,2527.0,9.0,13.0,48.0,222.0,5.0,0.0,0.0,0.0,0.0,9.0,,,,,,,,,,,,,,,,,,,,,,,,,,,,,,,,218.0,216.0,238.0,194.0,212.0,28.0
Sam Ehlinger,23.0,2021,QB,IND,3.0,0.0,,,,,,3.0,9.0,0.0,0.0,0.0,0.0,0.0,0.0,,,,,,,,,,,,,,,,,,,,,,,,,,,,,,,,,,,,380.0,40.0
Sam Koch,39.0,2021,K,BAL,17.0,0.0,1.0,0.0,0.0,0.0,0.0,,,,,,,,,,,,,,,,,,,,,,,,,,,,,,,,,,,,,,,,,,,,,
Samaje Perine,26.0,2021,RB,CIN,16.0,0.0,,,,,,55.0,246.0,1.0,31.0,27.0,196.0,1.0,0.0,,,,,,,,,,,,,,,,,,,,,,,,,,,,,,,,,,,265.0,282.5,88.0
Sammy Watkins,28.0,2021,WR,BAL,13.0,9.0,,,,,,0.0,0.0,0.0,49.0,27.0,394.0,1.0,1.0,,,,,,,,,,,,,,,,,,,,,,,,,,,,,,,,,207.0,237.0,239.0,236.0,77.0
Saquon Barkley,24.0,2021,RB,NYG,13.0,13.0,,,,,,162.0,593.0,2.0,57.0,41.0,263.0,2.0,2.0,,,,,,,,,,,,,,,,,,,,,,,,,,,,,,,,6.0,7.0,9.0,10.0,9.6,7.0
Scott Miller,24.0,2021,WR,TAM,9.0,0.0,,,,,,2.0,43.0,1.0,9.0,5.0,38.0,0.0,0.0,,,,,,,,,,,,,,,,,,,,,,,,,,,,,,,,,,,,,
Scottie Phillips,24.0,2021,RB,HOU,3.0,0.0,,,,,,6.0,13.0,0.0,3.0,2.0,9.0,0.0,0.0,,,,,,,,,,,,,,,,,,,,,,,,,,,,,,,,,,,,,
Sean Chandler,25.0,2021,SS,CAR,15.0,7.0,,,,,,1.0,14.0,0.0,0.0,0.0,0.0,0.0,0.0,,,,,,,,,,,,,,,,,,,,,,,,,,,,,,,,,,,,,
Sean Mannion,29.0,2021,QB,MIN,1.0,1.0,36.0,22.0,189.0,1.0,0.0,2.0,14.0,0.0,0.0,0.0,0.0,0.0,0.0,,,,,,,,,,,,,,,,,,,,,,,,,,,,,,,,,,,,,
Sean McKeon,24.0,2021,TE,DAL,9.0,2.0,,,,,,0.0,0.0,0.0,6.0,4.0,27.0,1.0,0.0,,,,,,,,,,,,,,,,,,,,,,,,,,,,,,,,,,,,,
Seth Williams,21.0,2021,WR,DEN,2.0,1.0,,,,,,0.0,0.0,0.0,1.0,1.0,34.0,0.0,0.0,,,,,,,,,,,,,,,,,,,,,,,,,,,,,,,,,,,,,
Shane Zylstra,25.0,2021,TE,DET,4.0,0.0,,,,,,0.0,0.0,0.0,7.0,3.0,34.0,0.0,0.0,,,,,,,,,,,,,,,,,,,,,,,,,,,,,,,,,,,,,
Shi Smith,23.0,2021,WR,CAR,6.0,0.0,,,,,,1.0,-3.0,0.0,11.0,6.0,104.0,0.0,0.0,,,,,,,,,,,,,,,,,,,,,,,,,,,,,,,,,,,,376.0,118.0
Sony Michel,26.0,2021,RB,LAR,17.0,7.0,,,,,,208.0,845.0,4.0,33.0,21.0,128.0,1.0,1.0,,,,,,,,,,,,,,,,,,,,,,,,,,,,,,,,90.0,151.0,182.0,93.0,117.8,39.0
Stanley Morgan Jr.,25.0,2021,WR,CIN,17.0,1.0,,,,,,1.0,3.0,0.0,4.0,2.0,11.0,0.0,0.0,,,,,,,,,,,,,,,,,,,,,,,,,,,,,,,,,,,,,
Stefon Diggs,28.0,2021,WR,BUF,17.0,17.0,0.0,0.0,0.0,0.0,0.0,0.0,0.0,0.0,164.0,103.0,1225.0,10.0,1.0,,,,,,,,,,,,,,,,,,,,,,,,,,,,,,,,14.0,15.0,14.0,14.0,14.0,3.0
Stephen Anderson,28.0,2021,TE,LAC,17.0,4.0,,,,,,0.0,0.0,0.0,19.0,16.0,165.0,1.0,0.0,,,,,,,,,,,,,,,,,,,,,,,,,,,,,,,,,,,,355.0,40.0
Stephen Sullivan,25.0,2021,TE,CAR,3.0,0.0,,,,,,0.0,0.0,0.0,1.0,0.0,0.0,0.0,0.0,,,,,,,,,,,,,,,,,,,,,,,,,,,,,,,,,,,,,
Sterling Hofrichter,25.0,2021,K,TAM,2.0,0.0,,,,,,,,,,,,,,0.0,0.0,0.0,0.0,0.0,0.0,0.0,0.0,0.0,0.0,,,,,,,,,,,,,,,,,,,,,,,,,,,
Sterling Shepard,28.0,2021,WR,NYG,7.0,6.0,,,,,,1.0,-9.0,0.0,53.0,36.0,366.0,1.0,0.0,,,,,,,,,,,,,,,,,,,,,,,,,,,,,,,,185.0,184.0,189.0,152.0,172.4,57.0
T.J. Hockenson,24.0,2021,TE,DET,12.0,12.0,,,,,,0.0,0.0,0.0,84.0,61.0,583.0,4.0,0.0,,,,,,,,,,,,,,,,,,,,,,,,,,,,,,,,57.0,55.0,55.0,60.0,58.2,6.0
T.Y. Hilton,32.0,2021,WR,IND,10.0,9.0,,,,,,0.0,0.0,0.0,37.0,23.0,331.0,3.0,0.0,,,,,,,,,,,,,,,,,,,,,,,,,,,,,,,,,199.0,162.0,285.0,210.5,70.0
Tajae Sharpe,27.0,2021,WR,ATL,15.0,7.0,,,,,,0.0,0.0,0.0,37.0,25.0,230.0,0.0,0.0,,,,,,,,,,,,,,,,,,,,,,,,,,,,,,,,,,,,,
Tarik Black,23.0,2021,WR,NYJ,1.0,0.0,,,,,,0.0,0.0,0.0,2.0,1.0,10.0,0.0,0.0,,,,,,,,,,,,,,,,,,,,,,,,,,,,,,,,,,,,,
Tavon Austin,31.0,2021,WR,JAX,13.0,3.0,,,,,,3.0,21.0,0.0,37.0,24.0,213.0,1.0,1.0,,,,,,,,,,,,,,,,,,,,,,,,,,,,,,,,,,,,,
Taylor Heinicke,28.0,2021,QB,WAS,16.0,15.0,494.0,321.0,3419.0,20.0,15.0,60.0,313.0,1.0,1.0,1.0,-2.0,0.0,7.0,,,,,,,,,,,,,,,,,,,,,,,,,,,,,,,1.0,,,,,437.0,43.0
Taysom Hill,31.0,2021,QB/WR,NOR,12.0,9.0,134.0,78.0,978.0,4.0,5.0,70.0,374.0,5.0,6.0,4.0,52.0,0.0,2.0,,,,,,,,,,,,,,,,,,,,,,,,,,,,,,,,,,234.0,298.0,247.0,1.0
Teddy Bridgewater,29.0,2021,QB,DEN,14.0,14.0,426.0,285.0,3052.0,18.0,7.0,30.0,106.0,2.0,0.0,0.0,0.0,0.0,1.0,,,,,,,,,,,,,,,,,,,,,,,,,,,,,,,,206.0,,239.0,263.0,248.8,33.0
Tee Higgins,22.0,2021,WR,CIN,14.0,14.0,,,,,,0.0,0.0,0.0,110.0,74.0,1091.0,6.0,1.0,,,,,,,,,,,,,,,,,,,,,,,,,,,,,,,,60.0,66.0,77.0,66.0,64.8,24.0
Terence Steele,24.0,2021,RT/LT,DAL,16.0,13.0,,,,,,0.0,0.0,0.0,1.0,1.0,1.0,1.0,0.0,,,,,,,,,,,,,,,,,,,,,,,,,,,,,,,,,,,,,
Terrace Marshall Jr.,21.0,2021,WR,CAR,13.0,3.0,,,,,,0.0,0.0,0.0,30.0,17.0,138.0,0.0,0.0,,,,,,,,,,,,,,,,,,,,,,,,,,,,,,,,194.0,183.0,241.0,173.0,191.0,62.0
Terry McLaurin,26.0,2021,WR,WAS,17.0,17.0,,,,,,1.0,12.0,0.0,130.0,77.0,1053.0,5.0,0.0,,,,,,,,,,,,,,,,,,,,,,,,,,,,,,,,27.0,29.0,32.0,27.0,29.6,10.0
Tevaughn Campbell,28.0,2021,RCB,LAC,16.0,7.0,,,,,,0.0,0.0,0.0,1.0,0.0,0.0,0.0,0.0,,,,,,,,,,,,,,,,,,,,,,,,,,,,,,,,,,,,,
Tevin Coleman,28.0,2021,RB,NYJ,11.0,5.0,,,,,,84.0,356.0,0.0,16.0,11.0,49.0,0.0,0.0,,,,,,,,,,,,,,,,,,,,,,,,,,,,,,,,197.0,185.0,199.0,121.0,167.8,47.0
Tim Boyle,27.0,2021,QB,DET,5.0,3.0,94.0,61.0,526.0,3.0,6.0,2.0,13.0,0.0,0.0,0.0,0.0,0.0,1.0,,,,,,,,,,,,,,,,,,,,,,,,,,,,,,,,,,,,,
Tim Patrick,28.0,2021,WR,DEN,16.0,16.0,,,,,,0.0,0.0,0.0,85.0,53.0,734.0,5.0,0.0,,,,,,,,,,,,,,,,,,,,,,,,,,,,,,,,,,,,317.0,103.0
Tom Brady,44.0,2021,QB,TAM,17.0,17.0,719.0,485.0,5316.0,43.0,12.0,28.0,81.0,2.0,0.0,0.0,0.0,0.0,4.0,,,,,,,,,,,,,,,,,,,,,,,,,,,,,,,,64.0,75.0,57.0,78.0,71.8,9.0
Tom Kennedy,25.0,2021,WR,DET,12.0,0.0,1.0,1.0,75.0,1.0,0.0,0.0,0.0,0.0,10.0,6.0,54.0,0.0,0.0,,,,,,,,,,,,,,,,,,,,,,,,,,,,,,,,,,,,422.0,133.0
Tommy Hudson,24.0,2021,TE,TEN,5.0,0.0,,,,,,0.0,0.0,0.0,6.0,3.0,31.0,0.0,0.0,,,,,,,,,,,,,,,,,,,,,,,,,,,,,,,,,,,,,
Tommy Sweeney,26.0,2021,TE,BUF,13.0,3.0,,,,,,0.0,0.0,0.0,12.0,9.0,44.0,1.0,1.0,,,,,,,,,,,,,,,,,,,,,,,,,,,,,,,,,,,,,
Tommy Townsend,25.0,2021,K,KAN,16.0,0.0,1.0,1.0,16.0,0.0,0.0,,,,,,,,,,,,,,,,,,,,,,,,,,,,,,,,,,,,,,,,,,,,,
Tommy Tremble,21.0,2021,TE,CAR,16.0,11.0,,,,,,3.0,11.0,1.0,35.0,20.0,180.0,1.0,0.0,,,,,,,,,,,,,,,,,,,,,,,,,,,,,,,,,,,,,
Tommylee Lewis,29.0,2021,WR,MIA,2.0,0.0,,,,,,0.0,0.0,0.0,2.0,1.0,7.0,0.0,0.0,,,,,,,,,,,,,,,,,,,,,,,,,,,,,,,,,,,,,
Tony Jones,24.0,2021,RB,NOR,11.0,4.0,,,,,,54.0,142.0,0.0,8.0,5.0,29.0,0.0,0.0,,,,,,,,,,,,,,,,,,,,,,,,,,,,,,,,,,300.0,150.0,207.0,56.0
Tony Pollard,24.0,2021,RB,DAL,15.0,0.0,,,,,,130.0,719.0,2.0,46.0,39.0,337.0,0.0,2.0,,,,,,,,,,,,,,,,,,,,,,,,,,,,,,,,158.0,144.0,148.0,117.0,132.6,42.0
Travis Benjamin,32.0,2021,WR,SFO,10.0,0.0,,,,,,0.0,0.0,0.0,5.0,0.0,0.0,0.0,1.0,,,,,,,,,,,,,,,,,,,,,,,,,,,,,,,,,,,,,
Travis Homer,23.0,2021,RB,SEA,14.0,0.0,,,,,,21.0,177.0,1.0,20.0,16.0,161.0,0.0,0.0,,,,,,,,,,,,,,,,,,,,,,,,,,,,,,,,,,,,,
Travis Kelce,32.0,2021,TE,KAN,16.0,16.0,,,,,,2.0,3.0,1.0,134.0,92.0,1125.0,9.0,1.0,,,,,,,,,,,,,,,,,,,,,,,,,,,,,,,,7.0,12.0,5.0,9.0,8.4,1.0
Trayveon Williams,24.0,2021,RB,CIN,5.0,0.0,,,,,,15.0,51.0,0.0,2.0,1.0,4.0,0.0,0.0,,,,,,,,,,,,,,,,,,,,,,,,,,,,,,,,,,,,,
Tre' McKitty,22.0,2021,TE,LAC,11.0,4.0,,,,,,0.0,0.0,0.0,8.0,6.0,45.0,0.0,0.0,,,,,,,,,,,,,,,,,,,,,,,,,,,,,,,,,,,,,
Tre'Quan Smith,25.0,2021,WR,NOR,11.0,6.0,,,,,,0.0,0.0,0.0,50.0,32.0,377.0,3.0,1.0,,,,,,,,,,,,,,,,,,,,,,,,,,,,,,,,,215.0,281.0,198.0,215.8,72.0
Trent Sherfield,25.0,2021,WR,SFO,17.0,1.0,,,,,,0.0,0.0,0.0,20.0,9.0,87.0,1.0,0.0,,,,,,,,,,,,,,,,,,,,,,,,,,,,,,,,,,,,438.0,136.0
Trent Taylor,27.0,2021,WR,CIN,4.0,0.0,,,,,,0.0,0.0,0.0,3.0,2.0,41.0,0.0,0.0,,,,,,,,,,,,,,,,,,,,,,,,,,,,,,,,,,,,,
Trenton Cannon,27.0,2021,RB,2TM,12.0,0.0,,,,,,3.0,4.0,0.0,0.0,0.0,0.0,0.0,1.0,,,,,,,,,,,,,,,,,,,,,,,,,,,,,,,,,,,,,
Trenton Irwin,26.0,2021,WR,CIN,7.0,0.0,,,,,,0.0,0.0,0.0,5.0,2.0,34.0,0.0,0.0,,,,,,,,,,,,,,,,,,,,,,,,,,,,,,,,,,,,,
Tress Way,31.0,2021,K,WAS,16.0,0.0,,,,,,,,,,,,,,0.0,0.0,0.0,0.0,0.0,0.0,0.0,0.0,0.0,0.0,,,,,,,,,,,,,,,,,,,,,,,,,,,
Trevon Wesco,26.0,2021,TE,NYJ,12.0,7.0,,,,,,0.0,0.0,0.0,5.0,3.0,35.0,0.0,0.0,,,,,,,,,,,,,,,,,,,,,,,,,,,,,,,,,,,,,
Trevor Lawrence,22.0,2021,QB,JAX,17.0,17.0,602.0,359.0,3641.0,12.0,17.0,73.0,334.0,2.0,0.0,0.0,0.0,0.0,9.0,,,,,,,,,,,,,,,,,,,,,,,,,,,,,,,,135.0,100.0,122.0,130.0,128.0,14.0
Trevor Siemian,30.0,2021,QB,NOR,6.0,4.0,188.0,108.0,1154.0,11.0,3.0,9.0,20.0,1.0,0.0,0.0,0.0,0.0,3.0,,,,,,,,,,,,,,,,,,,,,,,,,,,,,,,,,,,,,
Trey Lance,21.0,2021,QB,SFO,6.0,2.0,71.0,41.0,603.0,5.0,2.0,38.0,168.0,1.0,0.0,0.0,0.0,0.0,0.0,,,,,,,,,,,,,,,,,,,,,,,,,,,,,,,,166.0,146.0,168.0,148.0,149.0,18.0
Trey Ragas,25.0,2021,RB,LVR,1.0,0.0,,,,,,1.0,9.0,0.0,2.0,2.0,6.0,0.0,0.0,,,,,,,,,,,,,,,,,,,,,,,,,,,,,,,,,,,,,
Trey Sermon,22.0,2021,RB,SFO,9.0,2.0,,,,,,41.0,167.0,1.0,4.0,3.0,26.0,0.0,0.0,,,,,,,,,,,,,,,,,,,,,,,,,,,,,,,,120.0,82.0,118.0,68.0,87.2,31.0
Trinity Benson,24.0,2021,WR,DET,8.0,2.0,,,,,,0.0,0.0,0.0,22.0,10.0,103.0,0.0,0.0,,,,,,,,,,,,,,,,,,,,,,,,,,,,,,,,,,,,,
Tristan Vizcaino,25.0,2021,K,LAC,6.0,0.0,,,,,,,,,,,,,,5.0,5.0,2.0,1.0,0.0,0.0,7.0,6.0,15.0,10.0,,,,,,,,,,,,,,,,,,,,,,,,,,,
Tua Tagovailoa,23.0,2021,QB,MIA,13.0,12.0,388.0,263.0,2653.0,16.0,10.0,42.0,128.0,3.0,0.0,0.0,0.0,0.0,9.0,,,,,,,,,,,,,,,,,,,,,,,,,,,,,,,,145.0,193.0,152.0,163.0,158.6,20.0
Ty Johnson,24.0,2021,RB,NYJ,16.0,3.0,,,,,,61.0,238.0,2.0,55.0,34.0,372.0,2.0,2.0,,,,,,,,,,,,,,,,,,,,,,,,,,,,,,,,,232.0,,216.0,210.5,57.0
Ty Long,28.0,2021,K,LAC,17.0,0.0,1.0,0.0,0.0,0.0,0.0,,,,,,,,,,,,,,,,,,,,,,,,,,,,,,,,,,,,,,,,,,,,,
Ty Montgomery,28.0,2021,WR,NOR,14.0,3.0,,,,,,15.0,44.0,0.0,26.0,16.0,95.0,0.0,0.0,,,,,,,,,,,,,,,,,,,,,,,,,,,,,,,,,,,,391.0,124.0
Ty'Son Williams,25.0,2021,RB,BAL,13.0,3.0,,,,,,35.0,185.0,1.0,12.0,9.0,84.0,0.0,1.0,,,,,,,,,,,,,,,,,,,,,,,,,,,,,,,,193.0,225.0,258.0,147.0,198.6,54.0
Tylan Wallace,22.0,2021,WR,BAL,17.0,1.0,,,,,,0.0,0.0,0.0,6.0,2.0,23.0,0.0,0.0,,,,,,,,,,,,,,,,,,,,,,,,,,,,,,,,,,,,362.0,111.0
Tyler Bass,24.0,2021,K,BUF,17.0,0.0,,,,,,,,,,,,,,23.0,22.0,5.0,4.0,4.0,2.0,32.0,28.0,51.0,51.0,,,,,,,,,,,,,,,,,,,,,,162.0,133.0,102.0,166.0,155.0,4.0
Tyler Boyd,27.0,2021,WR,CIN,16.0,10.0,1.0,1.0,46.0,0.0,0.0,2.0,22.0,0.0,94.0,67.0,828.0,5.0,1.0,,,,,,,,,,,,,,,,,,,,,,,,,,,,,,,,82.0,102.0,109.0,94.0,91.2,35.0
Tyler Conklin,26.0,2021,TE,MIN,17.0,15.0,,,,,,0.0,0.0,0.0,87.0,61.0,593.0,3.0,1.0,,,,,,,,,,,,,,,,,,,,,,,,,,,,,,,,,,,281.0,339.5,38.0
Tyler Davis,24.0,2021,TE,GNB,14.0,0.0,,,,,,0.0,0.0,0.0,5.0,4.0,35.0,0.0,0.0,,,,,,,,,,,,,,,,,,,,,,,,,,,,,,,,,263.0,,,263.0,30.0
Tyler Higbee,28.0,2021,TE,LAR,15.0,15.0,,,,,,0.0,0.0,0.0,85.0,61.0,560.0,5.0,1.0,,,,,,,,,,,,,,,,,,,,,,,,,,,,,,,,125.0,108.0,151.0,109.0,112.0,12.0
Tyler Huntley,23.0,2021,QB,BAL,7.0,4.0,188.0,122.0,1081.0,3.0,4.0,47.0,294.0,2.0,0.0,0.0,0.0,0.0,4.0,,,,,,,,,,,,,,,,,,,,,,,,,,,,,,,,,,,,,
Tyler Johnson,23.0,2021,WR,TAM,17.0,3.0,,,,,,0.0,0.0,0.0,55.0,36.0,360.0,0.0,0.0,,,,,,,,,,,,,,,,,,,,,,,,,,,,,,,,,,,,385.0,122.0
Tyler Kroft,29.0,2021,TE,NYJ,9.0,6.0,,,,,,0.0,0.0,0.0,25.0,16.0,173.0,1.0,0.0,,,,,,,,,,,,,,,,,,,,,,,,,,,,,,,,,,,284.0,265.0,31.0
Tyler Lockett,29.0,2021,WR,SEA,16.0,16.0,,,,,,2.0,9.0,0.0,107.0,73.0,1175.0,8.0,0.0,,,,,,,,,,,,,,,,,,,,,,,,,,,,,,,1.0,42.0,52.0,51.0,47.0,49.2,19.0
Tyree Jackson,24.0,2021,TE,PHI,9.0,3.0,,,,,,0.0,0.0,0.0,7.0,3.0,22.0,1.0,0.0,,,,,,,,,,,,,,,,,,,,,,,,,,,,,,,,,,,,,
Tyreek Hill,27.0,2021,WR,KAN,17.0,16.0,,,,,,9.0,96.0,0.0,159.0,111.0,1239.0,9.0,2.0,,,,,,,,,,,,,,,,,,,,,,,,,,,,,,,,9.0,8.0,13.0,13.0,10.6,2.0
Tyrell Williams,29.0,2021,WR,DET,1.0,1.0,,,,,,0.0,0.0,0.0,3.0,2.0,14.0,0.0,0.0,,,,,,,,,,,,,,,,,,,,,,,,,,,,,,,,161.0,206.0,,201.0,188.4,61.0
Tyrie Cleveland,24.0,2021,WR,DEN,7.0,0.0,,,,,,0.0,0.0,0.0,1.0,0.0,0.0,0.0,0.0,,,,,,,,,,,,,,,,,,,,,,,,,,,,,,,,,,,,,
Tyrod Taylor,32.0,2021,QB,HOU,6.0,6.0,150.0,91.0,966.0,5.0,5.0,19.0,151.0,3.0,0.0,0.0,0.0,0.0,3.0,,,,,,,,,,,,,,,,,,,,,,,,,,,,,,,,,,,294.0,289.5,36.0
Tyron Johnson,25.0,2021,WR,JAX,5.0,0.0,,,,,,0.0,0.0,0.0,5.0,2.0,16.0,0.0,0.0,,,,,,,,,,,,,,,,,,,,,,,,,,,,,,,,,,,,,
Van Jefferson,25.0,2021,WR,LAR,17.0,17.0,,,,,,2.0,20.0,0.0,89.0,50.0,802.0,6.0,0.0,,,,,,,,,,,,,,,,,,,,,,,,,,,,,,,,,261.0,,,294.0,96.0
Vyncint Smith,25.0,2021,WR,NYJ,2.0,0.0,,,,,,0.0,0.0,0.0,1.0,0.0,0.0,0.0,0.0,,,,,,,,,,,,,,,,,,,,,,,,,,,,,,,,,,,,,
Wayne Gallman,27.0,2021,RB,ATL,6.0,0.0,,,,,,28.0,104.0,0.0,3.0,1.0,21.0,0.0,0.0,,,,,,,,,,,,,,,,,,,,,,,,,,,,,,,,,,,221.0,252.5,78.0
Wendell Smallwood,27.0,2021,RB,WAS,3.0,0.0,,,,,,5.0,25.0,0.0,5.0,4.0,22.0,0.0,0.0,,,,,,,,,,,,,,,,,,,,,,,,,,,,,,,,,,,,,
Will Dissly,25.0,2021,TE,SEA,15.0,14.0,,,,,,0.0,0.0,0.0,26.0,21.0,231.0,1.0,1.0,,,,,,,,,,,,,,,,,,,,,,,,,,,,,,,,,,,,421.0,45.0
Will Fuller,27.0,2021,WR,MIA,2.0,0.0,,,,,,0.0,0.0,0.0,8.0,4.0,26.0,0.0,0.0,,,,,,,,,,,,,,,,,,,,,,,,,,,,,,,1.0,,,,,,
Willie Snead,29.0,2021,WR,2TM,9.0,0.0,,,,,,0.0,0.0,0.0,8.0,4.0,38.0,0.0,0.0,,,,,,,,,,,,,,,,,,,,,,,,,,,,,,,,,,,,,
Younghoe Koo,27.0,2021,K,ATL,17.0,0.0,,,,,,,,,,,,,,17.0,17.0,7.0,6.0,5.0,4.0,29.0,27.0,30.0,30.0,,,,,,,,,,,,,,,,,,,,,,130.0,132.0,62.0,171.0,143.2,3.0
Zach Ertz,31.0,2021,TE,2TM,17.0,14.0,,,,,,1.0,4.0,0.0,112.0,74.0,763.0,5.0,0.0,,,,,,,,,,,,,,,,,,,,,,,,,,,,,,,,169.0,161.0,155.0,169.0,165.2,17.0
Zach Gentry,25.0,2021,TE,PIT,17.0,12.0,,,,,,0.0,0.0,0.0,25.0,19.0,167.0,0.0,0.0,,,,,,,,,,,,,,,,,,,,,,,,,,,,,,,,,,,,,
Zach Pascal,27.0,2021,WR,IND,16.0,13.0,,,,,,2.0,21.0,0.0,69.0,38.0,384.0,3.0,1.0,,,,,,,,,,,,,,,,,,,,,,,,,,,,,,,,,,,,341.0,108.0
Zach Wilson,22.0,2021,QB,NYJ,13.0,13.0,383.0,213.0,2334.0,9.0,11.0,29.0,185.0,4.0,1.0,0.0,0.0,0.0,5.0,,,,,,,,,,,,,,,,,,,,,,,,,,,,,,,,186.0,194.0,207.0,192.0,192.4,26.0
Zack Moss,24.0,2021,RB,BUF,13.0,0.0,,,,,,96.0,345.0,4.0,32.0,23.0,197.0,1.0,2.0,,,,,,,,,,,,,,,,,,,,,,,,,,,,,,,,123.0,110.0,120.0,83.0,106.6,36.0
Zane Gonzalez,26.0,2021,K,CAR,12.0,0.0,,,,,,,,,,,,,,7.0,7.0,10.0,10.0,5.0,3.0,22.0,20.0,23.0,22.0,,,,,,,,,,,,,,,,,,,,,,,,,,,
Zay Jones,26.0,2021,WR,LVR,17.0,9.0,,,,,,2.0,3.0,0.0,70.0,47.0,546.0,1.0,1.0,,,,,,,,,,,,,,,,,,,,,,,,,,,,,,,,,,,,417.0,131.0
Buffalo Bills DST,,2021,DEF,BUF,17.0,17.0,,,,,,,,,,,,,,,,,,,,,,,,4637.0,1014.0,30.0,285.0,2771.0,12.0,1866.0,19.0,102.0,844.0,39.0,28.0,14.5,42.0,19.0,11.0,10.0,0.0,1.0,0.0,,112.0,119.0,125.0,160.0,139.0,6.0
New England Patriots DST,,2021,DEF,NWE,17.0,17.0,,,,,,,,,,,,,,,,,,,,,,,,5284.0,1038.0,30.0,308.0,3181.0,21.0,2103.0,9.0,100.0,831.0,21.0,29.4,16.9,36.0,23.0,7.0,11.0,0.0,3.0,0.0,,154.0,156.0,150.0,167.0,158.8,8.0
Denver Broncos DST,,2021,DEF,DEN,17.0,17.0,,,,,,,,,,,,,,,,,,,,,,,,5544.0,1039.0,19.0,312.0,3652.0,22.0,1892.0,9.0,104.0,922.0,21.0,32.7,10.7,36.0,13.0,6.0,6.0,0.0,1.0,0.0,,138.0,138.0,173.0,175.0,163.2,9.0
New Orleans Saints DST,,2021,DEF,NOR,17.0,17.0,,,,,,,,,,,,,,,,,,,,,,,,5410.0,1064.0,25.0,304.0,3821.0,20.0,1589.0,12.0,89.0,761.0,35.0,32.3,12.8,46.0,18.0,7.0,12.0,0.0,2.0,0.0,,180.0,203.0,129.0,207.0,189.2,12.0
Tampa Bay Buccaneers DST,,2021,DEF,TAM,17.0,17.0,,,,,,,,,,,,,,,,,,,,,,,,5635.0,1093.0,29.0,344.0,4062.0,26.0,1573.0,11.0,79.0,635.0,36.0,33.5,14.7,47.0,17.0,12.0,15.0,0.0,2.0,0.0,,74.0,92.0,72.0,144.0,105.4,1.0
Tennessee Titans DST,,2021,DEF,TEN,17.0,17.0,,,,,,,,,,,,,,,,,,,,,,,,5607.0,1039.0,22.0,331.0,4169.0,24.0,1438.0,14.0,118.0,1070.0,37.0,37.1,10.8,43.0,16.0,6.0,10.0,0.0,3.0,0.0,,225.0,241.0,218.0,293.0,230.4,18.0
Dallas Cowboys DST,,2021,DEF,DAL,17.0,17.0,,,,,,,,,,,,,,,,,,,,,,,,5967.0,1082.0,34.0,327.0,4049.0,24.0,1918.0,13.0,121.0,973.0,37.0,32.5,16.7,41.0,26.0,8.0,13.0,0.0,9.0,0.0,,,,195.0,274.0,245.7,22.0
Kansas City Chiefs DST,,2021,DEF,KAN,17.0,17.0,,,,,,,,,,,,,,,,,,,,,,,,6272.0,1060.0,29.0,363.0,4273.0,27.0,1999.0,15.0,116.0,911.0,33.0,37.3,16.0,31.0,15.0,14.0,18.0,0.0,4.0,0.0,,191.0,178.0,141.0,187.0,186.4,11.0
San Francisco 49ers DST,,2021,DEF,SFO,17.0,17.0,,,,,,,,,,,,,,,,,,,,,,,,5270.0,1032.0,20.0,318.0,3510.0,25.0,1760.0,17.0,94.0,793.0,41.0,34.4,9.3,48.0,9.0,11.0,21.0,0.0,2.0,0.0,,118.0,123.0,119.0,156.0,136.8,5.0
Indianapolis Colts DST,,2021,DEF,IND,17.0,17.0,,,,,,,,,,,,,,,,,,,,,,,,5834.0,1050.0,33.0,334.0,3980.0,32.0,1854.0,10.0,109.0,978.0,20.0,35.4,17.1,33.0,19.0,14.0,17.0,1.0,3.0,0.0,,148.0,150.0,91.0,161.0,151.8,7.0
Arizona Cardinals DST,,2021,DEF,ARI,17.0,17.0,,,,,,,,,,,,,,,,,,,,,,,,5597.0,1028.0,27.0,336.0,3645.0,30.0,1952.0,10.0,100.0,896.0,35.0,35.6,15.3,41.0,13.0,14.0,20.0,0.0,2.0,0.0,,222.0,,158.0,296.0,227.0,17.0
Seattle Seahawks DST,,2021,DEF,SEA,17.0,17.0,,,,,,,,,,,,,,,,,,,,,,,,6445.0,1201.0,18.0,400.0,4513.0,24.0,1932.0,16.0,96.0,919.0,36.0,35.4,8.5,34.0,11.0,7.0,8.0,1.0,1.0,0.0,,207.0,233.0,179.0,287.0,222.6,15.0
Green Bay Packers DST,,2021,DEF,GNB,17.0,17.0,,,,,,,,,,,,,,,,,,,,,,,,5579.0,1037.0,26.0,337.0,3724.0,31.0,1855.0,13.0,88.0,718.0,23.0,36.6,14.0,39.0,18.0,8.0,9.0,0.0,2.0,0.0,,192.0,229.0,153.0,232.0,207.4,14.0
Cleveland Browns DST,,2021,DEF,CLE,17.0,17.0,,,,,,,,,,,,,,,,,,,,,,,,5296.0,1056.0,19.0,327.0,3439.0,29.0,1857.0,13.0,98.0,882.0,35.0,37.4,9.9,43.0,13.0,6.0,12.0,0.0,2.0,0.0,,149.0,137.0,163.0,203.0,174.4,10.0
Los Angeles Rams DST,,2021,DEF,LAR,17.0,17.0,,,,,,,,,,,,,,,,,,,,,,,,5863.0,1118.0,25.0,347.0,4109.0,17.0,1754.0,18.0,88.0,688.0,22.0,35.9,13.3,50.0,19.0,6.0,13.0,0.0,1.0,0.0,,115.0,99.0,60.0,131.0,107.8,2.0
Miami Dolphins DST,,2021,DEF,MIA,17.0,17.0,,,,,,,,,,,,,,,,,,,,,,,,5738.0,1081.0,26.0,337.0,3871.0,23.0,1867.0,16.0,109.0,991.0,32.0,36.3,13.0,48.0,14.0,13.0,14.0,0.0,6.0,0.0,,199.0,182.0,98.0,204.0,191.6,13.0
Cincinnati Bengals DST,,2021,DEF,CIN,17.0,17.0,,,,,,,,,,,,,,,,,,,,,,,,5964.0,1075.0,21.0,339.0,4222.0,26.0,1742.0,15.0,116.0,946.0,19.0,33.9,11.1,42.0,13.0,8.0,14.0,0.0,2.0,0.0,,,,290.0,,290.0,26.0
Philadelphia Eagles DST,,2021,DEF,PHI,17.0,17.0,,,,,,,,,,,,,,,,,,,,,,,,5590.0,1076.0,16.0,358.0,3756.0,28.0,1834.0,18.0,92.0,824.0,35.0,37.2,8.9,29.0,12.0,4.0,11.0,0.0,5.0,0.0,,,,222.0,297.0,289.0,25.0
Baltimore Ravens DST,,2021,DEF,BAL,17.0,17.0,,,,,,,,,,,,,,,,,,,,,,,,6178.0,1033.0,15.0,340.0,4742.0,31.0,1436.0,13.0,98.0,882.0,27.0,34.2,7.9,34.0,9.0,6.0,8.0,0.0,1.0,0.0,,96.0,106.0,74.0,143.0,123.8,4.0
Pittsburgh Steelers DST,,2021,DEF,PIT,17.0,17.0,,,,,,,,,,,,,,,,,,,,,,,,6139.0,1116.0,22.0,354.0,3656.0,24.0,2483.0,17.0,123.0,1017.0,24.0,38.7,10.8,55.0,13.0,9.0,16.0,0.0,1.0,0.0,,95.0,114.0,65.0,128.0,111.2,3.0
Carolina Panthers DST,,2021,DEF,CAR,17.0,17.0,,,,,,,,,,,,,,,,,,,,,,,,5201.0,1028.0,16.0,311.0,3266.0,26.0,1935.0,16.0,108.0,896.0,29.0,37.6,8.1,39.0,9.0,7.0,11.0,1.0,1.0,0.0,,232.0,226.0,231.0,252.0,245.8,23.0
Chicago Bears DST,,2021,DEF,CHI,17.0,17.0,,,,,,,,,,,,,,,,,,,,,,,,5384.0,1009.0,16.0,321.0,3257.0,31.0,2127.0,14.0,93.0,856.0,35.0,40.4,8.4,49.0,8.0,8.0,12.0,1.0,3.0,0.0,,202.0,227.0,183.0,231.0,226.4,16.0
New York Giants DST,,2021,DEF,NYG,17.0,17.0,,,,,,,,,,,,,,,,,,,,,,,,6032.0,1137.0,22.0,365.0,3839.0,27.0,2193.0,15.0,107.0,814.0,23.0,41.3,12.0,34.0,15.0,7.0,10.0,1.0,1.0,0.0,,,,209.0,292.0,272.3,24.0
Minnesota Vikings DST,,2021,DEF,MIN,17.0,17.0,,,,,,,,,,,,,,,,,,,,,,,,6522.0,1152.0,24.0,391.0,4300.0,29.0,2222.0,15.0,93.0,786.0,36.0,40.2,11.9,51.0,16.0,8.0,13.0,0.0,4.0,0.0,,183.0,201.0,215.0,251.0,232.4,19.0
Washington Football Team DST,,2021,DEF,,17.0,17.0,,,,,,,,,,,,,,,,,,,,,,,,6108.0,1065.0,19.0,346.0,4333.0,34.0,1775.0,14.0,96.0,803.0,25.0,42.4,10.7,,,,,,,,,,,,,,
Las Vegas Raiders DST,,2021,DEF,LVR,17.0,17.0,,,,,,,,,,,,,,,,,,,,,,,,5732.0,1103.0,15.0,349.0,3789.0,29.0,1943.0,18.0,99.0,1021.0,38.0,41.6,7.3,35.0,6.0,9.0,9.0,1.0,0.0,0.0,,,,243.0,,243.0,20.0
Houston Texans DST,,2021,DEF,HOU,17.0,17.0,,,,,,,,,,,,,,,,,,,,,,,,6535.0,1101.0,25.0,382.0,4117.0,27.0,2418.0,25.0,89.0,790.0,29.0,42.9,12.2,32.0,17.0,8.0,15.0,1.0,2.0,0.0,,,,291.0,,326.0,31.0
Jacksonville Jaguars DST,,2021,DEF,JAX,17.0,17.0,,,,,,,,,,,,,,,,,,,,,,,,6002.0,1068.0,9.0,351.0,3875.0,24.0,2127.0,22.0,104.0,879.0,29.0,45.3,5.2,32.0,7.0,2.0,6.0,0.0,1.0,0.0,,,,287.0,250.0,291.0,27.0
Atlanta Falcons DST,,2021,DEF,ATL,17.0,17.0,,,,,,,,,,,,,,,,,,,,,,,,6194.0,1114.0,20.0,383.0,3952.0,31.0,2242.0,19.0,118.0,956.0,26.0,44.7,11.2,18.0,12.0,8.0,10.0,1.0,2.0,0.0,,,,282.0,,314.0,28.0
Los Angeles Chargers DST,,2021,DEF,LAC,17.0,17.0,,,,,,,,,,,,,,,,,,,,,,,,6122.0,1103.0,21.0,383.0,3761.0,27.0,2361.0,22.0,99.0,835.0,40.0,45.3,11.2,35.0,11.0,10.0,18.0,0.0,2.0,0.0,,228.0,230.0,223.0,237.0,245.6,21.0
Detroit Lions DST,,2021,DEF,DET,17.0,17.0,,,,,,,,,,,,,,,,,,,,,,,,6456.0,1092.0,19.0,372.0,4160.0,31.0,2296.0,19.0,87.0,818.0,26.0,47.8,10.6,30.0,11.0,8.0,11.0,0.0,0.0,0.0,,,,279.0,,321.0,30.0
New York Jets DST,,2021,DEF,NYJ,17.0,17.0,,,,,,,,,,,,,,,,,,,,,,,,6760.0,1145.0,14.0,401.0,4409.0,28.0,2351.0,28.0,84.0,814.0,38.0,48.9,7.4,33.0,7.0,7.0,12.0,0.0,2.0,0.0,,,,294.0,,316.5,29.0
