Player Name,Season,Player ID,Position,Team,Games Played,Games Started,Passing Attempts,Passing Completions,Passing Yards,Passing Touchdowns,Interceptions Thrown,Rushing Attempts,Rushing Yards,Rushing Touchdowns,Targets,Receptions,Receiving Yards,Receiving Touchdowns,Fumbles,Field Goals Made,Field Goals Attempted,Extra Points Made,Extra Points Attempted,Total Yards Allowed,Total Plays,Takeaways,First Downs Allowed,Passing Yards Allowed,Passing Touchdowns Allowed,Rushing Yards Allowed,Rushing Touchdowns Allowed,Penalties Committed,Penalty Yards,First Downs by Penalty,Percent Drives Scored On,Percent Drives Takeaway,ST_Sacks,ST_Interceptions,ST_Fumble Recoveries,ST_Forced Fumbles,ST_Safeties,ST_Special Teams Touchdowns,Fantasy Points From Points,ESPN ADP,Sleeper ADP,NFL ADP,RTSports ADP,Average ADP
A.J. Brown,2022,,WR,PHI,17.0,16.0,,,,,,0.0,0.0,0.0,145.0,88.0,1496.0,11.0,2.0,,,,,,,,,,,,,,,,,,,,,,,,,34.0,28.0,32.0,29.0,30.8
A.J. Green,2022,,WR,ARI,15.0,10.0,,,,,,0.0,0.0,0.0,47.0,24.0,236.0,2.0,0.0,,,,,,,,,,,,,,,,,,,,,,,,,301.0,213.0,211.0,301.0,212.0
AJ Dillon,2022,,RB,GNB,17.0,3.0,,,,,,186.0,770.0,7.0,43.0,28.0,206.0,0.0,1.0,,,,,,,,,,,,,,,,,,,,,,,,,97.0,63.0,68.0,43.0,67.8
Aaron Jones,2022,,RB,GNB,17.0,17.0,,,,,,213.0,1121.0,2.0,72.0,59.0,395.0,5.0,5.0,,,,,,,,,,,,,,,,,,,,,,,,,301.0,301.0,301.0,301.0,301.0
Aaron Rodgers,2022,,QB,GNB,17.0,17.0,542.0,350.0,3695.0,26.0,12.0,34.0,94.0,1.0,0.0,0.0,0.0,0.0,8.0,,,,,,,,,,,,,,,,,,,,,,,,,68.0,90.0,61.0,102.0,80.3
Adam Prentice,2022,,FB,NOR,11.0,2.0,,,,,,4.0,9.0,0.0,3.0,3.0,9.0,0.0,1.0,,,,,,,,,,,,,,,,,,,,,,,,,301.0,301.0,301.0,301.0,301.0
Adam Thielen,2022,,WR,MIN,17.0,17.0,,,,,,1.0,4.0,0.0,107.0,70.0,716.0,6.0,0.0,,,,,,,,,,,,,,,,,,,,,,,,,73.0,70.0,78.0,72.0,73.3
Adam Trautman,2022,,TE,NOR,15.0,12.0,,,,,,0.0,0.0,0.0,22.0,18.0,207.0,1.0,0.0,,,,,,,,,,,,,,,,,,,,,,,,,301.0,301.0,301.0,301.0,301.0
Albert Okwuegbunam,2022,,TE,DEN,8.0,1.0,,,,,,0.0,0.0,0.0,18.0,10.0,95.0,1.0,0.0,,,,,,,,,,,,,,,,,,,,,,,,,301.0,301.0,301.0,301.0,301.0
Alec Ingold,2022,,FB,MIA,17.0,14.0,,,,,,6.0,8.0,1.0,23.0,15.0,105.0,1.0,0.0,,,,,,,,,,,,,,,,,,,,,,,,,301.0,301.0,301.0,301.0,301.0
Alec Pierce,2022,,WR,IND,16.0,12.0,,,,,,0.0,0.0,0.0,78.0,41.0,593.0,2.0,1.0,,,,,,,,,,,,,,,,,,,,,,,,,301.0,196.0,264.0,174.0,211.3
Alexander Mattison,2022,,RB,MIN,17.0,0.0,,,,,,74.0,283.0,5.0,18.0,15.0,91.0,1.0,0.0,,,,,,,,,,,,,,,,,,,,,,,,,154.0,124.0,142.0,120.0,135.0
Allen Lazard,2022,,WR,GNB,15.0,15.0,,,,,,2.0,0.0,0.0,100.0,60.0,788.0,6.0,0.0,,,,,,,,,,,,,,,,,,,,,,,,,99.0,93.0,135.0,91.0,104.5
Allen Robinson,2022,,WR,LAR,10.0,10.0,,,,,,0.0,0.0,0.0,52.0,33.0,339.0,3.0,0.0,,,,,,,,,,,,,,,,,,,,,,,,,301.0,301.0,301.0,301.0,301.0
Alvin Kamara,2022,,RB,NOR,15.0,13.0,,,,,,223.0,897.0,2.0,77.0,57.0,490.0,2.0,4.0,,,,,,,,,,,,,,,,,,,,,,,,,10.0,15.0,16.0,12.0,13.3
Amari Cooper,2022,,WR,CLE,17.0,17.0,1.0,0.0,0.0,0.0,1.0,0.0,0.0,0.0,132.0,78.0,1160.0,9.0,0.0,,,,,,,,,,,,,,,,,,,,,,,,,70.0,59.0,64.0,78.0,67.8
Amari Rodgers,2022,,WR,2TM,16.0,1.0,,,,,,2.0,7.0,0.0,25.0,16.0,204.0,1.0,6.0,,,,,,,,,,,,,,,,,,,,,,,,,301.0,301.0,301.0,301.0,301.0
Ameer Abdullah,2022,,RB,LVR,17.0,0.0,,,,,,4.0,20.0,0.0,32.0,25.0,211.0,1.0,0.0,,,,,,,,,,,,,,,,,,,,,,,,,301.0,301.0,282.0,203.0,242.5
Amon-Ra St. Brown,2022,,WR,DET,16.0,16.0,,,,,,9.0,95.0,0.0,146.0,106.0,1161.0,6.0,0.0,,,,,,,,,,,,,,,,,,,,,,,,,58.0,68.0,75.0,53.0,63.5
Andre Baccellia,2022,,WR,ARI,8.0,0.0,,,,,,0.0,0.0,0.0,10.0,7.0,45.0,0.0,0.0,,,,,,,,,,,,,,,,,,,,,,,,,301.0,301.0,301.0,301.0,301.0
Andrew Beck,2022,,TE,DEN,13.0,4.0,,,,,,2.0,0.0,0.0,11.0,5.0,69.0,0.0,0.0,,,,,,,,,,,,,,,,,,,,,,,,,301.0,301.0,301.0,301.0,301.0
Andy Dalton,2022,,QB,NOR,14.0,14.0,378.0,252.0,2871.0,18.0,9.0,30.0,54.0,0.0,0.0,0.0,0.0,0.0,5.0,,,,,,,,,,,,,,,,,,,,,,,,,301.0,301.0,301.0,301.0,301.0
Andy Isabella,2022,,WR,2TM,5.0,0.0,,,,,,1.0,1.0,0.0,5.0,2.0,21.0,0.0,0.0,,,,,,,,,,,,,,,,,,,,,,,,,301.0,301.0,301.0,301.0,301.0
Andy Lee,2022,,P,ARI,17.0,0.0,1.0,1.0,4.0,0.0,0.0,,,,,,,,,,,,,,,,,,,,,,,,,,,,,,,,,301.0,301.0,301.0,301.0,301.0
Anthony Brown,2022,,QB,BAL,2.0,1.0,49.0,22.0,302.0,0.0,2.0,3.0,-5.0,0.0,0.0,0.0,0.0,0.0,1.0,,,,,,,,,,,,,,,,,,,,,,,,,301.0,301.0,301.0,301.0,301.0
Anthony Firkser,2022,,FB,ATL,11.0,1.0,,,,,,0.0,0.0,0.0,13.0,9.0,100.0,0.0,0.0,,,,,,,,,,,,,,,,,,,,,,,,,301.0,301.0,301.0,301.0,301.0
Anthony McFarland Jr.,2022,,RB,PIT,1.0,0.0,,,,,,6.0,30.0,0.0,2.0,2.0,11.0,0.0,0.0,,,,,,,,,,,,,,,,,,,,,,,,,301.0,301.0,301.0,301.0,301.0
Anthony Schwartz,2022,,WR,CLE,11.0,1.0,,,,,,4.0,57.0,1.0,10.0,4.0,51.0,0.0,1.0,,,,,,,,,,,,,,,,,,,,,,,,,301.0,301.0,301.0,301.0,301.0
Antonio Gibson,2022,,RB,WAS,15.0,6.0,,,,,,149.0,546.0,3.0,58.0,46.0,353.0,2.0,1.0,,,,,,,,,,,,,,,,,,,,,,,,,84.0,56.0,58.0,61.0,64.8
Armani Rogers,2022,,TE,WAS,11.0,3.0,,,,,,2.0,26.0,0.0,6.0,5.0,64.0,0.0,0.0,,,,,,,,,,,,,,,,,,,,,,,,,301.0,301.0,301.0,301.0,301.0
Arryn Siposs,2022,,P,PHI,13.0,0.0,,,,,,,,,,,,,,,,,,,,,,,,,,,,,,,,,,,,,,301.0,301.0,301.0,301.0,301.0
Ashton Dulin,2022,,WR,IND,12.0,2.0,,,,,,2.0,8.0,0.0,22.0,15.0,207.0,1.0,0.0,,,,,,,,,,,,,,,,,,,,,,,,,301.0,301.0,301.0,301.0,301.0
Ashtyn Davis,2022,,S,NYJ,14.0,0.0,,,,,,1.0,2.0,0.0,0.0,0.0,0.0,0.0,0.0,,,,,,,,,,,,,,,,,,,,,,,,,301.0,301.0,301.0,301.0,301.0
Austin Ekeler,2022,,RB,LAC,17.0,17.0,,,,,,204.0,915.0,13.0,127.0,107.0,722.0,5.0,5.0,,,,,,,,,,,,,,,,,,,,,,,,,4.0,4.0,4.0,3.0,3.8
Austin Hooper,2022,,TE,TEN,17.0,2.0,,,,,,0.0,0.0,0.0,60.0,41.0,444.0,2.0,0.0,,,,,,,,,,,,,,,,,,,,,,,,,199.0,206.0,220.0,211.0,209.0
Austin Seibert,2022,,K,DET,3.0,0.0,,,,,,,,,,,,,,3.0,5.0,12.0,12.0,,,,,,,,,,,,,,,,,,,,,301.0,301.0,208.0,301.0,208.0
Austin Trammell,2022,,WR,LAR,6.0,0.0,,,,,,0.0,0.0,0.0,4.0,2.0,13.0,0.0,0.0,,,,,,,,,,,,,,,,,,,,,,,,,301.0,301.0,301.0,301.0,301.0
Avery Williams,2022,,RB,ATL,17.0,3.0,,,,,,22.0,109.0,1.0,14.0,13.0,61.0,0.0,1.0,,,,,,,,,,,,,,,,,,,,,,,,,301.0,301.0,301.0,301.0,301.0
Bailey Zappe,2022,,QB,NWE,4.0,2.0,92.0,65.0,781.0,5.0,3.0,10.0,0.0,0.0,1.0,1.0,-6.0,0.0,4.0,,,,,,,,,,,,,,,,,,,,,,,,,301.0,301.0,301.0,301.0,301.0
Baker Mayfield,2022,,QB,2TM,12.0,10.0,335.0,201.0,2163.0,10.0,8.0,31.0,89.0,1.0,0.0,0.0,0.0,0.0,9.0,,,,,,,,,,,,,,,,,,,,,,,,,174.0,202.0,193.0,212.0,195.3
Ben Ellefson,2022,,TE,MIN,4.0,1.0,,,,,,0.0,0.0,0.0,3.0,3.0,26.0,0.0,0.0,,,,,,,,,,,,,,,,,,,,,,,,,301.0,301.0,301.0,301.0,301.0
Ben Skowronek,2022,,WR,LAR,14.0,11.0,,,,,,1.0,17.0,1.0,61.0,39.0,376.0,0.0,0.0,,,,,,,,,,,,,,,,,,,,,,,,,301.0,301.0,301.0,301.0,301.0
Benny Snell Jr.,2022,,RB,PIT,17.0,0.0,,,,,,20.0,90.0,1.0,2.0,2.0,17.0,0.0,0.0,,,,,,,,,,,,,,,,,,,,,,,,,301.0,301.0,301.0,301.0,301.0
Blaine Gabbert,2022,,QB,TAM,1.0,0.0,8.0,6.0,29.0,1.0,0.0,,,,,,,,,,,,,,,,,,,,,,,,,,,,,,,,,301.0,301.0,301.0,301.0,301.0
Blake Bell,2022,,TE,KAN,3.0,1.0,,,,,,0.0,0.0,0.0,2.0,2.0,20.0,1.0,0.0,,,,,,,,,,,,,,,,,,,,,,,,,301.0,301.0,301.0,301.0,301.0
Boston Scott,2022,,RB,PHI,15.0,2.0,,,,,,54.0,217.0,3.0,6.0,5.0,15.0,0.0,0.0,,,,,,,,,,,,,,,,,,,,,,,,,301.0,301.0,285.0,239.0,262.0
Braden Mann,2022,,P,NYJ,17.0,0.0,2.0,1.0,17.0,0.0,0.0,,,,,,,,,,,,,,,,,,,,,,,,,,,,,,,,,301.0,301.0,301.0,301.0,301.0
Bradley Pinion,2022,,P,ATL,17.0,0.0,,,,,,,,,,,,,,,,,,,,,,,,,,,,,,,,,,,,,,301.0,301.0,301.0,301.0,301.0
Brandin Cooks,2022,,WR,HOU,13.0,13.0,,,,,,2.0,7.0,0.0,93.0,57.0,699.0,3.0,0.0,,,,,,,,,,,,,,,,,,,,,,,,,49.0,61.0,55.0,59.0,56.0
Brandon Aiyuk,2022,,WR,SFO,17.0,17.0,,,,,,2.0,23.0,0.0,114.0,78.0,1015.0,8.0,1.0,,,,,,,,,,,,,,,,,,,,,,,,,103.0,98.0,97.0,94.0,98.0
Brandon Allen,2022,,QB,CIN,1.0,0.0,3.0,3.0,22.0,0.0,0.0,3.0,-1.0,0.0,0.0,0.0,0.0,0.0,0.0,,,,,,,,,,,,,,,,,,,,,,,,,301.0,301.0,301.0,301.0,301.0
Brandon Bolden,2022,,RB,LVR,16.0,0.0,,,,,,17.0,66.0,0.0,9.0,9.0,57.0,1.0,0.0,,,,,,,,,,,,,,,,,,,,,,,,,301.0,301.0,281.0,301.0,281.0
Brandon Johnson,2022,,WR,DEN,7.0,1.0,,,,,,0.0,0.0,0.0,14.0,6.0,42.0,1.0,1.0,,,,,,,,,,,,,,,,,,,,,,,,,301.0,301.0,301.0,301.0,301.0
Brandon McManus,2022,,K,DEN,17.0,0.0,,,,,,,,,,,,,,28.0,36.0,25.0,27.0,,,,,,,,,,,,,,,,,,,,,138.0,151.0,192.0,214.0,173.8
Brandon Powell,2022,,WR,LAR,17.0,6.0,,,,,,17.0,80.0,0.0,32.0,24.0,156.0,0.0,1.0,,,,,,,,,,,,,,,,,,,,,,,,,301.0,301.0,301.0,301.0,301.0
Braxton Berrios,2022,,WR,NYJ,17.0,2.0,1.0,1.0,2.0,1.0,0.0,9.0,91.0,2.0,32.0,18.0,145.0,0.0,1.0,,,,,,,,,,,,,,,,,,,,,,,,,301.0,301.0,301.0,252.0,252.0
Braylon Sanders,2022,,WR,MIA,3.0,0.0,,,,,,0.0,0.0,0.0,3.0,2.0,17.0,0.0,1.0,,,,,,,,,,,,,,,,,,,,,,,,,301.0,301.0,301.0,301.0,301.0
Breece Hall,2022,,RB,NYJ,7.0,2.0,,,,,,80.0,463.0,4.0,31.0,19.0,218.0,1.0,1.0,,,,,,,,,,,,,,,,,,,,,,,,,48.0,46.0,70.0,45.0,52.3
Breshad Perriman,2022,,WR,TAM,11.0,3.0,,,,,,2.0,-7.0,0.0,19.0,9.0,110.0,1.0,2.0,,,,,,,,,,,,,,,,,,,,,,,,,301.0,301.0,301.0,301.0,301.0
Brett Maher,2022,,K,DAL,17.0,0.0,,,,,,,,,,,,,,29.0,32.0,50.0,53.0,,,,,,,,,,,,,,,,,,,,,301.0,301.0,238.0,301.0,238.0
Brett Rypien,2022,,QB,DEN,4.0,2.0,88.0,53.0,483.0,2.0,4.0,6.0,7.0,0.0,0.0,0.0,0.0,0.0,4.0,,,,,,,,,,,,,,,,,,,,,,,,,301.0,301.0,301.0,301.0,301.0
Brevin Jordan,2022,,TE,HOU,11.0,3.0,,,,,,0.0,0.0,0.0,28.0,14.0,128.0,0.0,0.0,,,,,,,,,,,,,,,,,,,,,,,,,301.0,301.0,301.0,223.0,223.0
Brian Hoyer,2022,,QB,NWE,1.0,1.0,6.0,5.0,37.0,0.0,0.0,,,,,,,,,,,,,,,,,,,,,,,,,,,,,,,,,301.0,301.0,301.0,301.0,301.0
Brian Robinson Jr.,2022,,RB,WAS,12.0,9.0,,,,,,205.0,797.0,2.0,12.0,9.0,60.0,1.0,2.0,,,,,,,,,,,,,,,,,,,,,,,,,165.0,156.0,158.0,136.0,153.8
Brock Purdy,2022,,QB,SFO,9.0,5.0,170.0,114.0,1374.0,13.0,4.0,22.0,13.0,1.0,0.0,0.0,0.0,0.0,0.0,,,,,,,,,,,,,,,,,,,,,,,,,301.0,301.0,301.0,301.0,301.0
Brock Wright,2022,,TE,DET,17.0,10.0,,,,,,0.0,0.0,0.0,24.0,18.0,216.0,4.0,0.0,,,,,,,,,,,,,,,,,,,,,,,,,301.0,301.0,301.0,301.0,301.0
Bryan Anger,2022,,P,DAL,17.0,0.0,,,,,,1.0,0.0,0.0,0.0,0.0,0.0,0.0,1.0,,,,,,,,,,,,,,,,,,,,,,,,,301.0,301.0,301.0,301.0,301.0
Bryan Edwards,2022,,WR,ATL,7.0,1.0,,,,,,0.0,0.0,0.0,5.0,3.0,15.0,0.0,0.0,,,,,,,,,,,,,,,,,,,,,,,,,301.0,301.0,301.0,301.0,301.0
Bryce Perkins,2022,,QB,LAR,5.0,1.0,34.0,19.0,161.0,1.0,2.0,19.0,90.0,0.0,0.0,0.0,0.0,0.0,0.0,,,,,,,,,,,,,,,,,,,,,,,,,301.0,301.0,301.0,301.0,301.0
Brycen Hopkins,2022,,TE,LAR,14.0,1.0,,,,,,0.0,0.0,0.0,11.0,7.0,109.0,0.0,0.0,,,,,,,,,,,,,,,,,,,,,,,,,301.0,301.0,301.0,301.0,301.0
Byron Pringle,2022,,WR,CHI,11.0,4.0,,,,,,0.0,0.0,0.0,16.0,10.0,135.0,2.0,0.0,,,,,,,,,,,,,,,,,,,,,,,,,301.0,301.0,289.0,301.0,289.0
C.J. Beathard,2022,,QB,JAX,4.0,0.0,11.0,7.0,35.0,0.0,1.0,4.0,-4.0,0.0,0.0,0.0,0.0,0.0,0.0,,,,,,,,,,,,,,,,,,,,,,,,,301.0,301.0,301.0,301.0,301.0
C.J. Board,2022,,WR,TEN,4.0,0.0,,,,,,0.0,0.0,0.0,1.0,1.0,6.0,0.0,1.0,,,,,,,,,,,,,,,,,,,,,,,,,301.0,301.0,301.0,301.0,301.0
C.J. Ham,2022,,FB,MIN,17.0,4.0,,,,,,4.0,7.0,2.0,12.0,10.0,86.0,0.0,0.0,,,,,,,,,,,,,,,,,,,,,,,,,301.0,301.0,301.0,301.0,301.0
C.J. Moore,2022,,S,DET,11.0,0.0,,,,,,2.0,55.0,0.0,0.0,0.0,0.0,0.0,1.0,,,,,,,,,,,,,,,,,,,,,,,,,301.0,301.0,301.0,301.0,301.0
C.J. Uzomah,2022,,TE,NYJ,15.0,13.0,,,,,,0.0,0.0,0.0,27.0,21.0,232.0,2.0,0.0,,,,,,,,,,,,,,,,,,,,,,,,,301.0,301.0,215.0,301.0,215.0
Cade Johnson,2022,,WR,SEA,3.0,0.0,,,,,,0.0,0.0,0.0,4.0,2.0,21.0,0.0,0.0,,,,,,,,,,,,,,,,,,,,,,,,,301.0,301.0,301.0,301.0,301.0
Cade Otton,2022,,TE,TAM,16.0,11.0,,,,,,0.0,0.0,0.0,65.0,42.0,391.0,2.0,0.0,,,,,,,,,,,,,,,,,,,,,,,,,301.0,301.0,301.0,301.0,301.0
Cade York,2022,,K,CLE,17.0,0.0,,,,,,,,,,,,,,24.0,32.0,35.0,37.0,,,,,,,,,,,,,,,,,,,,,204.0,301.0,248.0,250.0,234.0
Cairo Santos,2022,,K,CHI,16.0,0.0,,,,,,,,,,,,,,21.0,23.0,27.0,32.0,,,,,,,,,,,,,,,,,,,,,301.0,301.0,230.0,301.0,230.0
Caleb Huntley,2022,,RB,ATL,12.0,0.0,,,,,,76.0,366.0,1.0,2.0,2.0,3.0,0.0,1.0,,,,,,,,,,,,,,,,,,,,,,,,,301.0,301.0,301.0,301.0,301.0
Caleb Shudak,2022,,K,TEN,1.0,0.0,,,,,,,,,,,,,,3.0,4.0,1.0,1.0,,,,,,,,,,,,,,,,,,,,,301.0,301.0,301.0,301.0,301.0
Cam Akers,2022,,RB,LAR,15.0,9.0,,,,,,188.0,786.0,7.0,18.0,13.0,117.0,0.0,2.0,,,,,,,,,,,,,,,,,,,,,,,,,33.0,37.0,53.0,36.0,39.8
Cam Sims,2022,,WR,WAS,17.0,3.0,,,,,,0.0,0.0,0.0,18.0,8.0,89.0,0.0,0.0,,,,,,,,,,,,,,,,,,,,,,,,,301.0,301.0,301.0,301.0,301.0
Cameron Brate,2022,,TE,TAM,11.0,1.0,,,,,,0.0,0.0,0.0,38.0,20.0,174.0,0.0,0.0,,,,,,,,,,,,,,,,,,,,,,,,,301.0,239.0,212.0,269.0,240.0
Cameron Dicker,2022,,K,2TM,11.0,0.0,,,,,,,,,,,,,,21.0,22.0,24.0,24.0,,,,,,,,,,,,,,,,,,,,,301.0,301.0,301.0,301.0,301.0
Carson Wentz,2022,,QB,WAS,8.0,7.0,276.0,172.0,1755.0,11.0,9.0,22.0,86.0,1.0,0.0,0.0,0.0,0.0,6.0,,,,,,,,,,,,,,,,,,,,,,,,,177.0,301.0,226.0,222.0,208.3
Case Keenum,2022,,QB,BUF,2.0,0.0,7.0,2.0,8.0,0.0,0.0,5.0,0.0,0.0,0.0,0.0,0.0,0.0,0.0,,,,,,,,,,,,,,,,,,,,,,,,,301.0,301.0,301.0,301.0,301.0
Cedrick Wilson Jr.,2022,,WR,MIA,15.0,0.0,0.0,0.0,0.0,0.0,0.0,1.0,8.0,0.0,18.0,12.0,136.0,0.0,0.0,,,,,,,,,,,,,,,,,,,,,,,,,301.0,301.0,278.0,301.0,278.0
CeeDee Lamb,2022,,WR,DAL,17.0,17.0,,,,,,10.0,47.0,0.0,156.0,107.0,1359.0,9.0,0.0,,,,,,,,,,,,,,,,,,,,,,,,,19.0,17.0,21.0,21.0,19.5
Chad Henne,2022,,QB,KAN,3.0,0.0,2.0,0.0,0.0,0.0,0.0,5.0,-5.0,0.0,0.0,0.0,0.0,0.0,1.0,,,,,,,,,,,,,,,,,,,,,,,,,301.0,301.0,301.0,301.0,301.0
Charlie Kolar,2022,,TE,BAL,2.0,0.0,,,,,,0.0,0.0,0.0,6.0,4.0,49.0,0.0,0.0,,,,,,,,,,,,,,,,,,,,,,,,,301.0,301.0,301.0,301.0,301.0
Charlie Woerner,2022,,TE,SFO,17.0,2.0,,,,,,0.0,0.0,0.0,2.0,0.0,0.0,0.0,0.0,,,,,,,,,,,,,,,,,,,,,,,,,301.0,301.0,301.0,301.0,301.0
Chase Claypool,2022,,WR,PIT,8.0,8.0,1.0,1.0,1.0,1.0,0.0,9.0,59.0,0.0,79.0,46.0,451.0,1.0,1.0,,,,,,,,,,,,,,,,,,,,,,,,,111.0,114.0,118.0,122.0,116.3
Chase Daniel,2022,,QB,LAC,4.0,0.0,12.0,8.0,52.0,1.0,0.0,1.0,4.0,0.0,0.0,0.0,0.0,0.0,0.0,,,,,,,,,,,,,,,,,,,,,,,,,301.0,301.0,301.0,301.0,301.0
Chase Edmonds,2022,,RB,2TM,13.0,3.0,,,,,,68.0,245.0,2.0,24.0,16.0,157.0,1.0,0.0,,,,,,,,,,,,,,,,,,,,,,,,,94.0,87.0,111.0,55.0,86.8
Chase McLaughlin,2022,,K,IND,16.0,0.0,,,,,,,,,,,,,,30.0,36.0,21.0,21.0,,,,,,,,,,,,,,,,,,,,,301.0,301.0,301.0,301.0,301.0
Chigoziem Okonkwo,2022,,TE,TEN,17.0,8.0,,,,,,3.0,2.0,0.0,46.0,32.0,450.0,3.0,0.0,,,,,,,,,,,,,,,,,,,,,,,,,301.0,301.0,301.0,301.0,301.0
Chris Boswell,2022,,K,PIT,12.0,0.0,,,,,,,,,,,,,,20.0,28.0,18.0,18.0,,,,,,,,,,,,,,,,,,,,,198.0,301.0,150.0,260.0,202.7
Chris Conley,2022,,WR,2TM,9.0,1.0,,,,,,0.0,0.0,0.0,7.0,4.0,46.0,0.0,0.0,,,,,,,,,,,,,,,,,,,,,,,,,301.0,301.0,301.0,301.0,301.0
Chris Evans,2022,,RB,CIN,12.0,0.0,,,,,,0.0,0.0,0.0,4.0,3.0,38.0,1.0,0.0,,,,,,,,,,,,,,,,,,,,,,,,,301.0,301.0,301.0,280.0,280.0
Chris Godwin,2022,,WR,TAM,15.0,13.0,,,,,,3.0,5.0,0.0,142.0,104.0,1023.0,3.0,2.0,,,,,,,,,,,,,,,,,,,,,,,,,59.0,65.0,57.0,66.0,61.8
Chris Manhertz,2022,,TE,JAX,17.0,11.0,,,,,,0.0,0.0,0.0,8.0,6.0,42.0,0.0,0.0,,,,,,,,,,,,,,,,,,,,,,,,,301.0,301.0,301.0,301.0,301.0
Chris Moore,2022,,WR,HOU,16.0,7.0,,,,,,3.0,3.0,0.0,74.0,48.0,548.0,2.0,0.0,,,,,,,,,,,,,,,,,,,,,,,,,301.0,301.0,301.0,301.0,301.0
Chris Myarick,2022,,FB,NYG,16.0,8.0,,,,,,0.0,0.0,0.0,8.0,7.0,65.0,1.0,0.0,,,,,,,,,,,,,,,,,,,,,,,,,301.0,301.0,301.0,301.0,301.0
Chris Olave,2022,,WR,NOR,15.0,9.0,,,,,,0.0,0.0,0.0,119.0,72.0,1042.0,4.0,2.0,,,,,,,,,,,,,,,,,,,,,,,,,109.0,102.0,126.0,106.0,110.8
Chris Streveler,2022,,QB,NYJ,2.0,1.0,15.0,10.0,90.0,0.0,0.0,9.0,54.0,0.0,0.0,0.0,0.0,0.0,1.0,,,,,,,,,,,,,,,,,,,,,,,,,301.0,301.0,301.0,301.0,301.0
Christian Kirk,2022,,WR,JAX,17.0,17.0,1.0,0.0,0.0,0.0,0.0,5.0,11.0,0.0,133.0,84.0,1108.0,8.0,1.0,,,,,,,,,,,,,,,,,,,,,,,,,82.0,105.0,125.0,89.0,100.3
Christian McCaffrey,2022,,RB,SFO,11.0,10.0,1.0,1.0,34.0,1.0,0.0,244.0,1139.0,8.0,108.0,85.0,741.0,5.0,1.0,,,,,,,,,,,,,,,,,,,,,,,,,2.0,2.0,2.0,2.0,2.0
Christian Watson,2022,,WR,GNB,14.0,11.0,,,,,,7.0,80.0,2.0,66.0,41.0,611.0,7.0,0.0,,,,,,,,,,,,,,,,,,,,,,,,,301.0,174.0,202.0,189.0,188.3
Chuba Hubbard,2022,,RB,CAR,15.0,2.0,,,,,,95.0,466.0,2.0,17.0,14.0,171.0,0.0,2.0,,,,,,,,,,,,,,,,,,,,,,,,,301.0,188.0,182.0,209.0,193.0
Clayton Fejedelem,2022,,S,MIA,13.0,0.0,,,,,,1.0,0.0,0.0,0.0,0.0,0.0,0.0,0.0,,,,,,,,,,,,,,,,,,,,,,,,,301.0,301.0,301.0,301.0,301.0
Clyde Edwards-Helaire,2022,,RB,KAN,10.0,6.0,,,,,,71.0,302.0,3.0,23.0,17.0,151.0,3.0,0.0,,,,,,,,,,,,,,,,,,,,,,,,,60.0,67.0,59.0,70.0,64.0
Cody Hollister,2022,,WR,TEN,11.0,3.0,,,,,,0.0,0.0,0.0,5.0,3.0,54.0,0.0,0.0,,,,,,,,,,,,,,,,,,,,,,,,,301.0,301.0,301.0,301.0,301.0
Cody White,2022,,WR,PIT,1.0,1.0,,,,,,0.0,0.0,0.0,1.0,1.0,2.0,0.0,0.0,,,,,,,,,,,,,,,,,,,,,,,,,301.0,301.0,301.0,301.0,301.0
Colby Parkinson,2022,,TE,SEA,17.0,2.0,,,,,,0.0,0.0,0.0,34.0,25.0,322.0,2.0,0.0,,,,,,,,,,,,,,,,,,,,,,,,,301.0,301.0,301.0,301.0,301.0
Cole Beasley,2022,,WR,2TM,4.0,1.0,,,,,,0.0,0.0,0.0,7.0,6.0,35.0,0.0,0.0,,,,,,,,,,,,,,,,,,,,,,,,,301.0,301.0,301.0,301.0,301.0
Cole Kmet,2022,,TE,CHI,17.0,17.0,,,,,,2.0,9.0,0.0,69.0,50.0,544.0,7.0,1.0,,,,,,,,,,,,,,,,,,,,,,,,,115.0,116.0,143.0,113.0,121.8
Cole Turner,2022,,TE,WAS,10.0,2.0,,,,,,0.0,0.0,0.0,9.0,2.0,23.0,0.0,0.0,,,,,,,,,,,,,,,,,,,,,,,,,301.0,301.0,301.0,301.0,301.0
Colt McCoy,2022,,QB,ARI,4.0,3.0,132.0,90.0,780.0,1.0,3.0,14.0,36.0,0.0,0.0,0.0,0.0,0.0,2.0,,,,,,,,,,,,,,,,,,,,,,,,,301.0,301.0,301.0,301.0,301.0
Connor Heyward,2022,,TE,PIT,17.0,0.0,,,,,,2.0,27.0,0.0,17.0,12.0,151.0,1.0,0.0,,,,,,,,,,,,,,,,,,,,,,,,,301.0,301.0,301.0,301.0,301.0
Cooper Kupp,2022,,WR,LAR,9.0,9.0,1.0,0.0,0.0,0.0,0.0,9.0,52.0,1.0,98.0,75.0,812.0,6.0,2.0,,,,,,,,,,,,,,,,,,,,,,,,,3.0,5.0,3.0,5.0,4.0
Cooper Rush,2022,,QB,DAL,9.0,5.0,162.0,94.0,1051.0,5.0,3.0,9.0,6.0,0.0,0.0,0.0,0.0,0.0,2.0,,,,,,,,,,,,,,,,,,,,,,,,,301.0,301.0,301.0,301.0,301.0
Cordarrelle Patterson,2022,,RB,ATL,13.0,11.0,,,,,,144.0,695.0,8.0,31.0,21.0,122.0,0.0,1.0,,,,,,,,,,,,,,,,,,,,,,,,,92.0,81.0,93.0,77.0,85.8
Corey Bojorquez,2022,,P,CLE,17.0,0.0,,,,,,,,,,,,,,,,,,,,,,,,,,,,,,,,,,,,,,301.0,301.0,301.0,301.0,301.0
Corey Clement,2022,,RB,ARI,9.0,1.0,,,,,,15.0,55.0,1.0,7.0,5.0,54.0,0.0,0.0,,,,,,,,,,,,,,,,,,,,,,,,,301.0,301.0,301.0,301.0,301.0
Corey Davis,2022,,WR,NYJ,13.0,10.0,,,,,,0.0,0.0,0.0,64.0,32.0,536.0,2.0,0.0,,,,,,,,,,,,,,,,,,,,,,,,,301.0,301.0,187.0,236.0,211.5
Courtland Sutton,2022,,WR,DEN,15.0,15.0,,,,,,1.0,5.0,0.0,109.0,64.0,829.0,2.0,0.0,,,,,,,,,,,,,,,,,,,,,,,,,51.0,47.0,92.0,42.0,58.0
Craig Reynolds,2022,,RB,DET,9.0,0.0,,,,,,23.0,102.0,0.0,10.0,9.0,116.0,0.0,0.0,,,,,,,,,,,,,,,,,,,,,,,,,301.0,301.0,301.0,301.0,301.0
Curtis Samuel,2022,,WR,WAS,17.0,12.0,,,,,,38.0,187.0,1.0,92.0,64.0,656.0,4.0,1.0,,,,,,,,,,,,,,,,,,,,,,,,,301.0,243.0,274.0,273.0,263.3
D'Andre Swift,2022,,RB,DET,14.0,8.0,,,,,,99.0,542.0,5.0,70.0,48.0,389.0,3.0,1.0,,,,,,,,,,,,,,,,,,,,,,,,,15.0,14.0,22.0,11.0,15.5
D'Ernest Johnson,2022,,RB,CLE,15.0,0.0,,,,,,4.0,17.0,0.0,3.0,3.0,7.0,0.0,0.0,,,,,,,,,,,,,,,,,,,,,,,,,301.0,301.0,292.0,241.0,266.5
D'Onta Foreman,2022,,RB,CAR,17.0,9.0,,,,,,203.0,914.0,5.0,9.0,5.0,26.0,0.0,1.0,,,,,,,,,,,,,,,,,,,,,,,,,301.0,211.0,271.0,175.0,219.0
D'Wayne Eskridge,2022,,WR,SEA,10.0,0.0,,,,,,2.0,10.0,0.0,13.0,7.0,58.0,0.0,0.0,,,,,,,,,,,,,,,,,,,,,,,,,301.0,301.0,301.0,301.0,301.0
D.J. Moore,2022,,WR,CAR,17.0,17.0,,,,,,10.0,53.0,0.0,118.0,63.0,888.0,7.0,0.0,,,,,,,,,,,,,,,,,,,,,,,,,301.0,301.0,301.0,301.0,301.0
D.K. Metcalf,2022,,WR,SEA,17.0,17.0,,,,,,0.0,0.0,0.0,141.0,90.0,1048.0,6.0,2.0,,,,,,,,,,,,,,,,,,,,,,,,,301.0,301.0,301.0,301.0,301.0
DJ Chark,2022,,WR,DET,11.0,10.0,,,,,,0.0,0.0,0.0,52.0,30.0,502.0,3.0,0.0,,,,,,,,,,,,,,,,,,,,,,,,,301.0,301.0,301.0,301.0,301.0
DJ Turner,2022,,WR,LVR,9.0,0.0,,,,,,4.0,26.0,0.0,1.0,0.0,0.0,0.0,1.0,,,,,,,,,,,,,,,,,,,,,,,,,301.0,301.0,301.0,301.0,301.0
Dak Prescott,2022,,QB,DAL,12.0,12.0,394.0,261.0,2860.0,23.0,15.0,45.0,182.0,1.0,0.0,0.0,0.0,0.0,4.0,,,,,,,,,,,,,,,,,,,,,,,,,75.0,91.0,72.0,90.0,82.0
Dallas Goedert,2022,,TE,PHI,12.0,12.0,,,,,,0.0,0.0,0.0,69.0,55.0,702.0,3.0,1.0,,,,,,,,,,,,,,,,,,,,,,,,,79.0,71.0,52.0,80.0,70.5
Dallin Leavitt,2022,,S,GNB,17.0,0.0,,,,,,1.0,0.0,0.0,0.0,0.0,0.0,0.0,0.0,,,,,,,,,,,,,,,,,,,,,,,,,301.0,301.0,301.0,301.0,301.0
Dalton Schultz,2022,,TE,DAL,15.0,15.0,,,,,,0.0,0.0,0.0,89.0,57.0,577.0,5.0,1.0,,,,,,,,,,,,,,,,,,,,,,,,,57.0,55.0,54.0,63.0,57.3
Dalvin Cook,2022,,RB,MIN,17.0,17.0,0.0,0.0,0.0,0.0,0.0,264.0,1173.0,8.0,56.0,39.0,295.0,2.0,4.0,,,,,,,,,,,,,,,,,,,,,,,,,9.0,7.0,7.0,7.0,7.5
Dameon Pierce,2022,,RB,HOU,13.0,13.0,,,,,,220.0,939.0,4.0,39.0,30.0,165.0,1.0,4.0,,,,,,,,,,,,,,,,,,,,,,,,,78.0,96.0,121.0,39.0,83.5
Damien Harris,2022,,RB,NWE,11.0,9.0,,,,,,106.0,462.0,3.0,23.0,17.0,97.0,0.0,0.0,,,,,,,,,,,,,,,,,,,,,,,,,89.0,79.0,81.0,86.0,83.8
Damien Williams,2022,,RB,ATL,1.0,1.0,,,,,,2.0,2.0,0.0,0.0,0.0,0.0,0.0,0.0,,,,,,,,,,,,,,,,,,,,,,,,,301.0,301.0,301.0,231.0,231.0
Damiere Byrd,2022,,WR,ATL,14.0,4.0,,,,,,0.0,0.0,0.0,23.0,13.0,268.0,2.0,0.0,,,,,,,,,,,,,,,,,,,,,,,,,301.0,301.0,301.0,301.0,301.0
Dan Arnold,2022,,TE,JAX,17.0,0.0,,,,,,0.0,0.0,0.0,13.0,9.0,135.0,0.0,0.0,,,,,,,,,,,,,,,,,,,,,,,,,301.0,301.0,301.0,301.0,301.0
Daniel Bellinger,2022,,TE,NYG,12.0,11.0,,,,,,1.0,2.0,1.0,35.0,30.0,268.0,2.0,1.0,,,,,,,,,,,,,,,,,,,,,,,,,301.0,301.0,301.0,301.0,301.0
Daniel Carlson+,2022,,K,LVR,17.0,0.0,,,,,,,,,,,,,,34.0,37.0,35.0,36.0,,,,,,,,,,,,,,,,,,,,,301.0,301.0,301.0,301.0,301.0
Daniel Jones,2022,,QB,NYG,16.0,16.0,472.0,317.0,3205.0,15.0,5.0,120.0,708.0,7.0,0.0,0.0,0.0,0.0,6.0,,,,,,,,,,,,,,,,,,,,,,,,,187.0,235.0,231.0,202.0,213.8
Danny Gray,2022,,WR,SFO,13.0,0.0,,,,,,1.0,9.0,0.0,7.0,1.0,10.0,0.0,0.0,,,,,,,,,,,,,,,,,,,,,,,,,301.0,301.0,301.0,301.0,301.0
Dante Pettis,2022,,WR,CHI,17.0,7.0,,,,,,2.0,37.0,0.0,41.0,19.0,245.0,3.0,1.0,,,,,,,,,,,,,,,,,,,,,,,,,301.0,301.0,301.0,301.0,301.0
Dare Ogunbowale,2022,,RB,HOU,17.0,4.0,,,,,,42.0,123.0,1.0,26.0,20.0,104.0,0.0,0.0,,,,,,,,,,,,,,,,,,,,,,,,,301.0,301.0,301.0,301.0,301.0
Dareke Young,2022,,WR,SEA,13.0,0.0,,,,,,0.0,0.0,0.0,2.0,2.0,24.0,0.0,0.0,,,,,,,,,,,,,,,,,,,,,,,,,301.0,301.0,301.0,301.0,301.0
Darius Slayton,2022,,WR,NYG,16.0,11.0,,,,,,0.0,0.0,0.0,71.0,46.0,724.0,2.0,2.0,,,,,,,,,,,,,,,,,,,,,,,,,301.0,301.0,301.0,301.0,301.0
Darnell Mooney,2022,,WR,CHI,12.0,12.0,,,,,,1.0,2.0,0.0,61.0,40.0,493.0,2.0,0.0,,,,,,,,,,,,,,,,,,,,,,,,,63.0,73.0,100.0,58.0,73.5
Darrel Williams,2022,,RB,ARI,6.0,0.0,,,,,,21.0,102.0,1.0,8.0,4.0,9.0,0.0,0.0,,,,,,,,,,,,,,,,,,,,,,,,,301.0,219.0,301.0,164.0,191.5
Darrell Henderson,2022,,RB,LAR,10.0,7.0,,,,,,70.0,283.0,3.0,22.0,17.0,102.0,0.0,0.0,,,,,,,,,,,,,,,,,,,,,,,,,301.0,301.0,301.0,301.0,301.0
Darren Waller,2022,,TE,LVR,9.0,6.0,,,,,,0.0,0.0,0.0,43.0,28.0,388.0,3.0,0.0,,,,,,,,,,,,,,,,,,,,,,,,,47.0,41.0,40.0,51.0,44.8
Darrynton Evans,2022,,RB,CHI,6.0,0.0,,,,,,14.0,64.0,0.0,1.0,1.0,33.0,0.0,0.0,,,,,,,,,,,,,,,,,,,,,,,,,301.0,301.0,301.0,301.0,301.0
Davante Adams,2022,,WR,LVR,17.0,17.0,0.0,0.0,0.0,0.0,0.0,3.0,-1.0,0.0,180.0,100.0,1516.0,14.0,1.0,,,,,,,,,,,,,,,,,,,,,,,,,11.0,12.0,11.0,15.0,12.3
David Bakhtiari,2022,,LT,GNB,11.0,11.0,,,,,,0.0,0.0,0.0,1.0,0.0,0.0,0.0,0.0,,,,,,,,,,,,,,,,,,,,,,,,,301.0,301.0,301.0,301.0,301.0
David Bell,2022,,WR,CLE,16.0,3.0,,,,,,0.0,0.0,0.0,35.0,24.0,214.0,0.0,0.0,,,,,,,,,,,,,,,,,,,,,,,,,301.0,241.0,301.0,245.0,243.0
David Blough,2022,,QB,ARI,2.0,2.0,58.0,38.0,402.0,2.0,2.0,4.0,5.0,0.0,0.0,0.0,0.0,0.0,1.0,,,,,,,,,,,,,,,,,,,,,,,,,301.0,301.0,301.0,301.0,301.0
David Johnson,2022,,RB,NOR,5.0,0.0,,,,,,12.0,24.0,0.0,4.0,4.0,47.0,0.0,1.0,,,,,,,,,,,,,,,,,,,,,,,,,301.0,301.0,301.0,301.0,301.0
David Montgomery,2022,,RB,CHI,16.0,16.0,,,,,,201.0,801.0,5.0,40.0,34.0,316.0,1.0,2.0,,,,,,,,,,,,,,,,,,,,,,,,,40.0,40.0,31.0,35.0,36.5
David Njoku,2022,,TE,CLE,14.0,14.0,,,,,,2.0,-8.0,0.0,80.0,58.0,628.0,4.0,1.0,,,,,,,,,,,,,,,,,,,,,,,,,155.0,155.0,181.0,156.0,161.8
David Sills,2022,,WR,NYG,9.0,5.0,,,,,,0.0,0.0,0.0,17.0,11.0,106.0,0.0,0.0,,,,,,,,,,,,,,,,,,,,,,,,,301.0,301.0,301.0,301.0,301.0
Davis Mills,2022,,QB,HOU,15.0,15.0,479.0,292.0,3118.0,17.0,15.0,32.0,108.0,2.0,0.0,0.0,0.0,0.0,8.0,,,,,,,,,,,,,,,,,,,,,,,,,301.0,301.0,267.0,233.0,250.0
Davis Webb,2022,,QB,NYG,1.0,1.0,40.0,23.0,168.0,1.0,0.0,6.0,41.0,1.0,0.0,0.0,0.0,0.0,0.0,,,,,,,,,,,,,,,,,,,,,,,,,301.0,301.0,301.0,301.0,301.0
Dawson Knox,2022,,TE,BUF,15.0,15.0,,,,,,0.0,0.0,0.0,65.0,48.0,517.0,6.0,0.0,,,,,,,,,,,,,,,,,,,,,,,,,101.0,85.0,71.0,103.0,90.0
Dax Milne,2022,,WR,WAS,15.0,1.0,,,,,,0.0,0.0,0.0,7.0,6.0,37.0,1.0,1.0,,,,,,,,,,,,,,,,,,,,,,,,,301.0,301.0,301.0,301.0,301.0
Daylen Baldwin,2022,,WR,CLE,1.0,0.0,,,,,,0.0,0.0,0.0,2.0,2.0,25.0,0.0,0.0,,,,,,,,,,,,,,,,,,,,,,,,,301.0,301.0,301.0,301.0,301.0
DeAndre Carter,2022,,WR,LAC,17.0,7.0,,,,,,2.0,-15.0,0.0,65.0,46.0,538.0,3.0,3.0,,,,,,,,,,,,,,,,,,,,,,,,,301.0,301.0,301.0,301.0,301.0
DeAndre Hopkins,2022,,WR,ARI,9.0,9.0,,,,,,0.0,0.0,0.0,96.0,64.0,717.0,3.0,2.0,,,,,,,,,,,,,,,,,,,,,,,,,98.0,77.0,73.0,85.0,83.3
DeSean Jackson,2022,,WR,BAL,7.0,1.0,,,,,,0.0,0.0,0.0,17.0,9.0,153.0,0.0,0.0,,,,,,,,,,,,,,,,,,,,,,,,,301.0,301.0,301.0,301.0,301.0
DeVante Parker,2022,,WR,NWE,13.0,11.0,,,,,,0.0,0.0,0.0,47.0,31.0,539.0,3.0,0.0,,,,,,,,,,,,,,,,,,,,,,,,,167.0,150.0,163.0,166.0,161.5
DeVonta Smith,2022,,WR,PHI,17.0,17.0,,,,,,0.0,0.0,0.0,136.0,95.0,1196.0,7.0,1.0,,,,,,,,,,,,,,,,,,,,,,,,,85.0,86.0,98.0,92.0,90.3
DeeJay Dallas,2022,,RB,SEA,15.0,0.0,1.0,0.0,0.0,0.0,1.0,35.0,186.0,0.0,19.0,17.0,126.0,0.0,1.0,,,,,,,,,,,,,,,,,,,,,,,,,301.0,301.0,294.0,301.0,294.0
Deebo Samuel,2022,,WR,SFO,13.0,12.0,,,,,,42.0,232.0,3.0,94.0,56.0,632.0,2.0,3.0,,,,,,,,,,,,,,,,,,,,,,,,,301.0,301.0,301.0,301.0,301.0
Demarcus Robinson,2022,,WR,BAL,17.0,5.0,,,,,,0.0,0.0,0.0,75.0,48.0,458.0,2.0,2.0,,,,,,,,,,,,,,,,,,,,,,,,,301.0,301.0,301.0,301.0,301.0
Demetric Felton,2022,,WR,CLE,8.0,2.0,,,,,,1.0,-4.0,0.0,4.0,2.0,8.0,0.0,1.0,,,,,,,,,,,,,,,,,,,,,,,,,301.0,301.0,301.0,301.0,301.0
Dennis Houston,2022,,WR,DAL,2.0,0.0,,,,,,0.0,0.0,0.0,6.0,2.0,16.0,0.0,0.0,,,,,,,,,,,,,,,,,,,,,,,,,301.0,301.0,301.0,301.0,301.0
Denzel Mims,2022,,WR,NYJ,10.0,4.0,,,,,,0.0,0.0,0.0,25.0,11.0,186.0,0.0,0.0,,,,,,,,,,,,,,,,,,,,,,,,,301.0,301.0,301.0,301.0,301.0
Deon Jackson,2022,,RB,IND,16.0,2.0,,,,,,68.0,236.0,1.0,34.0,30.0,209.0,1.0,1.0,,,,,,,,,,,,,,,,,,,,,,,,,301.0,301.0,301.0,301.0,301.0
Deonte Harty,2022,,WR,NOR,4.0,0.0,,,,,,0.0,0.0,0.0,2.0,2.0,13.0,0.0,1.0,,,,,,,,,,,,,,,,,,,,,,,,,301.0,301.0,301.0,301.0,301.0
Derek Carr,2022,,QB,LVR,15.0,15.0,502.0,305.0,3522.0,24.0,14.0,24.0,102.0,0.0,0.0,0.0,0.0,0.0,4.0,,,,,,,,,,,,,,,,,,,,,,,,,114.0,115.0,112.0,112.0,113.3
Derek Watt,2022,,FB,PIT,17.0,3.0,,,,,,9.0,21.0,1.0,5.0,5.0,11.0,1.0,0.0,,,,,,,,,,,,,,,,,,,,,,,,,301.0,301.0,301.0,301.0,301.0
Derrick Henry,2022,,RB,TEN,16.0,16.0,2.0,2.0,4.0,1.0,0.0,349.0,1538.0,13.0,41.0,33.0,398.0,0.0,6.0,,,,,,,,,,,,,,,,,,,,,,,,,5.0,3.0,5.0,8.0,5.3
Deshaun Watson,2022,,QB,CLE,6.0,6.0,170.0,99.0,1102.0,7.0,5.0,36.0,175.0,1.0,0.0,0.0,0.0,0.0,1.0,,,,,,,,,,,,,,,,,,,,,,,,,196.0,195.0,155.0,232.0,194.5
Desmond Ridder,2022,,QB,ATL,4.0,4.0,115.0,73.0,708.0,2.0,0.0,16.0,64.0,0.0,0.0,0.0,0.0,0.0,3.0,,,,,,,,,,,,,,,,,,,,,,,,,301.0,301.0,301.0,301.0,301.0
Deven Thompkins,2022,,WR,TAM,5.0,1.0,,,,,,2.0,26.0,0.0,10.0,5.0,32.0,0.0,1.0,,,,,,,,,,,,,,,,,,,,,,,,,301.0,301.0,301.0,301.0,301.0
Devin Asiasi,2022,,TE,CIN,12.0,0.0,,,,,,0.0,0.0,0.0,4.0,2.0,5.0,0.0,0.0,,,,,,,,,,,,,,,,,,,,,,,,,301.0,301.0,301.0,301.0,301.0
Devin Duvernay,2022,,WR,BAL,14.0,13.0,,,,,,12.0,84.0,1.0,49.0,37.0,407.0,3.0,1.0,,,,,,,,,,,,,,,,,,,,,,,,,301.0,301.0,301.0,301.0,301.0
Devin Singletary,2022,,RB,BUF,16.0,16.0,,,,,,177.0,819.0,5.0,52.0,38.0,280.0,1.0,3.0,,,,,,,,,,,,,,,,,,,,,,,,,66.0,89.0,102.0,73.0,82.5
Devine Ozigbo,2022,,RB,DEN,4.0,0.0,,,,,,3.0,4.0,0.0,1.0,1.0,3.0,0.0,0.0,,,,,,,,,,,,,,,,,,,,,,,,,301.0,301.0,301.0,301.0,301.0
Dezmon Patmon,2022,,WR,IND,1.0,0.0,,,,,,0.0,0.0,0.0,6.0,2.0,24.0,0.0,0.0,,,,,,,,,,,,,,,,,,,,,,,,,301.0,301.0,301.0,301.0,301.0
Diontae Johnson,2022,,WR,PIT,17.0,17.0,,,,,,7.0,25.0,0.0,147.0,86.0,882.0,0.0,1.0,,,,,,,,,,,,,,,,,,,,,,,,,43.0,45.0,41.0,46.0,43.8
Dominik Eberle,2022,,K,DET,1.0,0.0,,,,,,,,,,,,,,1.0,1.0,2.0,4.0,,,,,,,,,,,,,,,,,,,,,301.0,301.0,301.0,301.0,301.0
Donald Parham,2022,,TE,LAC,6.0,1.0,,,,,,0.0,0.0,0.0,12.0,10.0,130.0,1.0,0.0,,,,,,,,,,,,,,,,,,,,,,,,,301.0,301.0,301.0,301.0,301.0
Donovan Peoples-Jones,2022,,WR,CLE,17.0,14.0,,,,,,1.0,2.0,0.0,96.0,61.0,839.0,3.0,1.0,,,,,,,,,,,,,,,,,,,,,,,,,301.0,236.0,263.0,262.0,253.7
Dontrell Hilliard,2022,,RB,TEN,12.0,1.0,,,,,,22.0,145.0,0.0,26.0,21.0,177.0,4.0,0.0,,,,,,,,,,,,,,,,,,,,,,,,,301.0,301.0,301.0,301.0,301.0
Drake London,2022,,WR,ATL,17.0,15.0,,,,,,0.0,0.0,0.0,117.0,72.0,866.0,4.0,3.0,,,,,,,,,,,,,,,,,,,,,,,,,96.0,88.0,110.0,100.0,98.5
Drew Sample,2022,,TE,CIN,2.0,2.0,,,,,,0.0,0.0,0.0,2.0,2.0,-2.0,0.0,0.0,,,,,,,,,,,,,,,,,,,,,,,,,301.0,301.0,301.0,301.0,301.0
Duke Johnson,2022,,RB,BUF,1.0,0.0,,,,,,2.0,4.0,0.0,0.0,0.0,0.0,0.0,0.0,,,,,,,,,,,,,,,,,,,,,,,,,301.0,301.0,301.0,301.0,301.0
Durham Smythe,2022,,TE,MIA,16.0,15.0,,,,,,2.0,1.0,1.0,20.0,15.0,129.0,1.0,0.0,,,,,,,,,,,,,,,,,,,,,,,,,301.0,301.0,301.0,301.0,301.0
Dustin Hopkins,2022,,K,LAC,5.0,0.0,,,,,,,,,,,,,,9.0,10.0,12.0,12.0,,,,,,,,,,,,,,,,,,,,,301.0,301.0,219.0,215.0,217.0
Dwayne Washington,2022,,RB,NOR,12.0,0.0,,,,,,11.0,38.0,0.0,1.0,1.0,7.0,0.0,0.0,,,,,,,,,,,,,,,,,,,,,,,,,301.0,301.0,301.0,301.0,301.0
Dyami Brown,2022,,WR,WAS,15.0,0.0,,,,,,1.0,15.0,0.0,14.0,5.0,143.0,2.0,0.0,,,,,,,,,,,,,,,,,,,,,,,,,301.0,301.0,301.0,301.0,301.0
Eddy PiÃ±eiro,2022,,K,CAR,17.0,0.0,,,,,,,,,,,,,,33.0,35.0,30.0,32.0,,,,,,,,,,,,,,,,,,,,,301.0,301.0,301.0,301.0,301.0
Elijah Mitchell,2022,,RB,SFO,5.0,1.0,,,,,,45.0,279.0,2.0,4.0,3.0,7.0,0.0,0.0,,,,,,,,,,,,,,,,,,,,,,,,,62.0,58.0,48.0,40.0,52.0
Elijah Moore,2022,,WR,NYJ,16.0,9.0,,,,,,5.0,5.0,0.0,65.0,37.0,446.0,1.0,1.0,,,,,,,,,,,,,,,,,,,,,,,,,91.0,92.0,89.0,88.0,90.0
Eno Benjamin,2022,,RB,3TM,15.0,3.0,,,,,,77.0,313.0,2.0,34.0,25.0,193.0,0.0,0.0,,,,,,,,,,,,,,,,,,,,,,,,,301.0,225.0,301.0,225.0,225.0
Equanimeous St. Brown,2022,,WR,CHI,16.0,16.0,,,,,,6.0,54.0,0.0,38.0,21.0,323.0,1.0,1.0,,,,,,,,,,,,,,,,,,,,,,,,,301.0,301.0,301.0,301.0,301.0
Eric Saubert,2022,,TE,DEN,17.0,6.0,,,,,,0.0,0.0,0.0,24.0,15.0,148.0,1.0,0.0,,,,,,,,,,,,,,,,,,,,,,,,,301.0,301.0,301.0,301.0,301.0
Eric Tomlinson,2022,,TE,DEN,17.0,12.0,,,,,,0.0,0.0,0.0,13.0,9.0,79.0,2.0,0.0,,,,,,,,,,,,,,,,,,,,,,,,,301.0,301.0,301.0,301.0,301.0
Erik Ezukanma,2022,,WR,MIA,1.0,0.0,,,,,,0.0,0.0,0.0,1.0,1.0,3.0,0.0,0.0,,,,,,,,,,,,,,,,,,,,,,,,,301.0,301.0,301.0,301.0,301.0
Evan Engram,2022,,TE,JAX,17.0,14.0,,,,,,2.0,13.0,0.0,98.0,73.0,766.0,4.0,0.0,,,,,,,,,,,,,,,,,,,,,,,,,191.0,217.0,177.0,190.0,193.8
Evan McPherson,2022,,K,CIN,16.0,0.0,,,,,,,,,,,,,,24.0,29.0,40.0,44.0,,,,,,,,,,,,,,,,,,,,,102.0,133.0,127.0,154.0,129.0
Ezekiel Elliott,2022,,RB,DAL,15.0,14.0,,,,,,231.0,876.0,12.0,23.0,17.0,92.0,0.0,0.0,,,,,,,,,,,,,,,,,,,,,,,,,38.0,29.0,27.0,27.0,30.3
Feleipe Franks,2022,,QB,ATL,11.0,1.0,,,,,,1.0,0.0,0.0,2.0,0.0,0.0,0.0,0.0,,,,,,,,,,,,,,,,,,,,,,,,,301.0,301.0,301.0,301.0,301.0
Foster Moreau,2022,,TE,LVR,15.0,14.0,,,,,,0.0,2.0,0.0,54.0,33.0,420.0,2.0,1.0,,,,,,,,,,,,,,,,,,,,,,,,,301.0,301.0,284.0,301.0,284.0
Frank Darby,2022,,WR,ATL,5.0,0.0,,,,,,0.0,0.0,0.0,1.0,1.0,15.0,0.0,0.0,,,,,,,,,,,,,,,,,,,,,,,,,301.0,301.0,301.0,301.0,301.0
Freddie Swain,2022,,WR,DEN,3.0,1.0,,,,,,0.0,0.0,0.0,6.0,4.0,74.0,0.0,1.0,,,,,,,,,,,,,,,,,,,,,,,,,301.0,301.0,301.0,301.0,301.0
Gabriel Davis,2022,,WR,BUF,15.0,15.0,,,,,,0.0,0.0,0.0,93.0,48.0,836.0,7.0,1.0,,,,,,,,,,,,,,,,,,,,,,,,,301.0,301.0,301.0,301.0,301.0
Gardner Minshew II,2022,,QB,PHI,5.0,2.0,76.0,44.0,663.0,3.0,3.0,7.0,3.0,1.0,0.0,0.0,0.0,0.0,4.0,,,,,,,,,,,,,,,,,,,,,,,,,301.0,301.0,301.0,301.0,301.0
Garrett Wilson,2022,,WR,NYJ,17.0,12.0,1.0,0.0,0.0,0.0,0.0,4.0,4.0,0.0,147.0,83.0,1103.0,4.0,2.0,,,,,,,,,,,,,,,,,,,,,,,,,120.0,120.0,157.0,155.0,138.0
Gary Brightwell,2022,,RB,NYG,17.0,0.0,,,,,,31.0,141.0,1.0,8.0,5.0,39.0,0.0,0.0,,,,,,,,,,,,,,,,,,,,,,,,,301.0,301.0,301.0,301.0,301.0
Geno Smith,2022,,QB,SEA,17.0,17.0,572.0,399.0,4282.0,30.0,11.0,68.0,366.0,1.0,0.0,0.0,0.0,0.0,8.0,,,,,,,,,,,,,,,,,,,,,,,,,301.0,301.0,301.0,301.0,301.0
Geoff Swaim,2022,,TE,TEN,17.0,13.0,,,,,,0.0,0.0,0.0,16.0,12.0,58.0,1.0,0.0,,,,,,,,,,,,,,,,,,,,,,,,,301.0,301.0,301.0,301.0,301.0
George Kittle,2022,,TE,SFO,15.0,15.0,,,,,,0.0,0.0,0.0,86.0,60.0,765.0,11.0,1.0,,,,,,,,,,,,,,,,,,,,,,,,,41.0,36.0,34.0,48.0,39.8
George Pickens,2022,,WR,PIT,17.0,12.0,,,,,,3.0,24.0,1.0,84.0,52.0,801.0,4.0,0.0,,,,,,,,,,,,,,,,,,,,,,,,,146.0,111.0,147.0,107.0,127.8
Gerald Everett,2022,,TE,LAC,16.0,11.0,,,,,,1.0,0.0,0.0,87.0,58.0,555.0,4.0,0.0,,,,,,,,,,,,,,,,,,,,,,,,,217.0,194.0,161.0,185.0,189.3
Giovani Bernard,2022,,RB,TAM,8.0,0.0,,,,,,8.0,28.0,0.0,2.0,2.0,-1.0,0.0,1.0,,,,,,,,,,,,,,,,,,,,,,,,,301.0,301.0,301.0,301.0,301.0
Giovanni Ricci,2022,,TE,CAR,15.0,3.0,,,,,,0.0,0.0,0.0,9.0,8.0,100.0,0.0,0.0,,,,,,,,,,,,,,,,,,,,,,,,,301.0,301.0,301.0,301.0,301.0
Godwin Igwebuike,2022,,RB,SEA,5.0,0.0,,,,,,3.0,4.0,0.0,1.0,1.0,3.0,0.0,0.0,,,,,,,,,,,,,,,,,,,,,,,,,301.0,301.0,301.0,301.0,301.0
Graham Gano,2022,,K,NYG,17.0,0.0,,,,,,,,,,,,,,29.0,32.0,32.0,34.0,,,,,,,,,,,,,,,,,,,,,192.0,301.0,237.0,301.0,214.5
Grant Calcaterra,2022,,TE,PHI,15.0,2.0,,,,,,0.0,0.0,0.0,9.0,5.0,81.0,0.0,0.0,,,,,,,,,,,,,,,,,,,,,,,,,301.0,301.0,301.0,301.0,301.0
Greg Dortch,2022,,WR,ARI,16.0,4.0,,,,,,7.0,44.0,0.0,64.0,52.0,467.0,2.0,1.0,,,,,,,,,,,,,,,,,,,,,,,,,301.0,301.0,301.0,301.0,301.0
Greg Dulcich,2022,,TE,DEN,10.0,6.0,,,,,,0.0,0.0,0.0,55.0,33.0,411.0,2.0,0.0,,,,,,,,,,,,,,,,,,,,,,,,,301.0,301.0,301.0,301.0,301.0
Greg Joseph,2022,,K,MIN,17.0,0.0,,,,,,,,,,,,,,26.0,33.0,40.0,46.0,,,,,,,,,,,,,,,,,,,,,178.0,301.0,200.0,208.0,195.3
Greg Zuerlein,2022,,K,NYJ,17.0,0.0,,,,,,,,,,,,,,30.0,37.0,28.0,29.0,,,,,,,,,,,,,,,,,,,,,301.0,301.0,301.0,301.0,301.0
Gunner Olszewski,2022,,WR,PIT,16.0,2.0,,,,,,8.0,39.0,0.0,7.0,5.0,53.0,0.0,2.0,,,,,,,,,,,,,,,,,,,,,,,,,301.0,301.0,301.0,301.0,301.0
Gus Edwards,2022,,RB,BAL,9.0,4.0,,,,,,87.0,433.0,3.0,2.0,0.0,0.0,0.0,1.0,,,,,,,,,,,,,,,,,,,,,,,,,301.0,237.0,301.0,257.0,247.0
Harrison Bryant,2022,,TE,CLE,17.0,9.0,,,,,,1.0,8.0,0.0,42.0,31.0,239.0,1.0,0.0,,,,,,,,,,,,,,,,,,,,,,,,,301.0,301.0,301.0,301.0,301.0
Harrison Butker,2022,,K,KAN,13.0,0.0,,,,,,,,,,,,,,18.0,24.0,38.0,41.0,,,,,,,,,,,,,,,,,,,,,116.0,134.0,95.0,171.0,129.0
Hassan Haskins,2022,,RB,TEN,15.0,1.0,,,,,,25.0,93.0,0.0,12.0,11.0,57.0,0.0,0.0,,,,,,,,,,,,,,,,,,,,,,,,,301.0,245.0,301.0,256.0,250.5
Hayden Hurst,2022,,TE,CIN,13.0,13.0,,,,,,0.0,0.0,0.0,68.0,52.0,414.0,2.0,0.0,,,,,,,,,,,,,,,,,,,,,,,,,186.0,214.0,225.0,199.0,206.0
Hunter Henry,2022,,TE,NWE,17.0,14.0,,,,,,0.0,0.0,0.0,59.0,41.0,509.0,2.0,0.0,,,,,,,,,,,,,,,,,,,,,,,,,118.0,141.0,136.0,126.0,130.3
Hunter Renfrow,2022,,WR,LVR,10.0,1.0,,,,,,0.0,0.0,0.0,50.0,36.0,330.0,2.0,3.0,,,,,,,,,,,,,,,,,,,,,,,,,72.0,82.0,84.0,95.0,83.3
Ian Thomas,2022,,TE,CAR,17.0,17.0,,,,,,0.0,0.0,0.0,30.0,21.0,197.0,0.0,0.0,,,,,,,,,,,,,,,,,,,,,,,,,301.0,301.0,301.0,301.0,301.0
Ihmir Smith-Marsette,2022,,WR,CHI,6.0,0.0,,,,,,1.0,-1.0,0.0,4.0,1.0,15.0,0.0,1.0,,,,,,,,,,,,,,,,,,,,,,,,,301.0,301.0,301.0,301.0,301.0
Irv Smith Jr.,2022,,TE,MIN,8.0,1.0,,,,,,0.0,0.0,0.0,36.0,25.0,182.0,2.0,1.0,,,,,,,,,,,,,,,,,,,,,,,,,162.0,169.0,240.0,132.0,175.8
Isaiah Hodgins,2022,,WR,2TM,10.0,5.0,,,,,,0.0,0.0,0.0,48.0,37.0,392.0,4.0,1.0,,,,,,,,,,,,,,,,,,,,,,,,,301.0,301.0,301.0,301.0,301.0
Isaiah Likely,2022,,TE,BAL,16.0,2.0,,,,,,0.0,0.0,0.0,60.0,36.0,373.0,3.0,0.0,,,,,,,,,,,,,,,,,,,,,,,,,221.0,301.0,232.0,210.0,221.0
Isaiah McKenzie,2022,,WR,BUF,15.0,8.0,,,,,,9.0,55.0,1.0,65.0,42.0,423.0,4.0,0.0,,,,,,,,,,,,,,,,,,,,,,,,,200.0,173.0,175.0,157.0,176.3
Isaiah Spiller,2022,,RB,LAC,6.0,0.0,,,,,,18.0,41.0,0.0,3.0,3.0,13.0,0.0,0.0,,,,,,,,,,,,,,,,,,,,,,,,,301.0,153.0,270.0,176.0,199.7
Isiah Pacheco,2022,,RB,KAN,17.0,11.0,,,,,,170.0,830.0,5.0,14.0,13.0,130.0,0.0,4.0,,,,,,,,,,,,,,,,,,,,,,,,,197.0,175.0,162.0,301.0,178.0
J.D. McKissic,2022,,RB,WAS,8.0,0.0,,,,,,22.0,95.0,0.0,40.0,27.0,173.0,0.0,0.0,,,,,,,,,,,,,,,,,,,,,,,,,301.0,301.0,301.0,301.0,301.0
J.J. Taylor,2022,,RB,NWE,1.0,0.0,,,,,,10.0,9.0,0.0,1.0,1.0,8.0,0.0,0.0,,,,,,,,,,,,,,,,,,,,,,,,,301.0,301.0,288.0,301.0,288.0
J.K. Dobbins,2022,,RB,BAL,8.0,8.0,,,,,,92.0,520.0,2.0,8.0,7.0,42.0,1.0,0.0,,,,,,,,,,,,,,,,,,,,,,,,,55.0,54.0,50.0,49.0,52.0
JK Scott,2022,,P,LAC,17.0,0.0,,,,,,,,,,,,,,,,,,,,,,,,,,,,,,,,,,,,,,301.0,301.0,301.0,301.0,301.0
Ja'Marr Chase,2022,,WR,CIN,12.0,12.0,0.0,0.0,0.0,0.0,0.0,5.0,8.0,0.0,134.0,87.0,1046.0,9.0,2.0,,,,,,,,,,,,,,,,,,,,,,,,,7.0,9.0,8.0,9.0,8.3
Jack Conklin,2022,,RT,CLE,14.0,14.0,,,,,,0.0,0.0,0.0,1.0,0.0,0.0,0.0,0.0,,,,,,,,,,,,,,,,,,,,,,,,,301.0,301.0,301.0,301.0,301.0
Jack Fox,2022,,P,DET,17.0,0.0,1.0,1.0,6.0,0.0,0.0,,,,,,,,,,,,,,,,,,,,,,,,,,,,,,,,,301.0,301.0,301.0,301.0,301.0
Jack Stoll,2022,,TE,PHI,17.0,11.0,,,,,,0.0,0.0,0.0,14.0,11.0,123.0,0.0,0.0,,,,,,,,,,,,,,,,,,,,,,,,,301.0,301.0,301.0,301.0,301.0
Jacob Eason,2022,,QB,CAR,1.0,0.0,5.0,3.0,59.0,0.0,1.0,,,,,,,,,,,,,,,,,,,,,,,,,,,,,,,,,301.0,301.0,301.0,301.0,301.0
Jacob Harris,2022,,WR,LAR,7.0,0.0,,,,,,0.0,0.0,0.0,1.0,1.0,6.0,0.0,0.0,,,,,,,,,,,,,,,,,,,,,,,,,301.0,301.0,301.0,301.0,301.0
Jacoby Brissett,2022,,QB,CLE,16.0,11.0,369.0,236.0,2608.0,12.0,6.0,49.0,243.0,2.0,0.0,0.0,0.0,0.0,6.0,,,,,,,,,,,,,,,,,,,,,,,,,301.0,301.0,301.0,301.0,301.0
Jaelon Darden,2022,,WR,TAM,12.0,0.0,,,,,,1.0,2.0,0.0,2.0,2.0,26.0,0.0,0.0,,,,,,,,,,,,,,,,,,,,,,,,,301.0,301.0,301.0,301.0,301.0
Jahan Dotson,2022,,WR,WAS,12.0,10.0,,,,,,2.0,-7.0,0.0,61.0,35.0,523.0,7.0,0.0,,,,,,,,,,,,,,,,,,,,,,,,,151.0,160.0,241.0,147.0,174.8
Jake Bailey,2022,,P,NWE,9.0,0.0,,,,,,,,,,,,,,,,,,,,,,,,,,,,,,,,,,,,,,301.0,301.0,301.0,301.0,301.0
Jake Camarda,2022,,P,TAM,17.0,0.0,,,,,,,,,,,,,,,,,,,,,,,,,,,,,,,,,,,,,,301.0,301.0,301.0,301.0,301.0
Jake Elliott,2022,,K,PHI,16.0,0.0,,,,,,,,,,,,,,20.0,23.0,51.0,53.0,,,,,,,,,,,,,,,,,,,,,214.0,301.0,198.0,242.0,218.0
Jake Ferguson,2022,,TE,DAL,16.0,8.0,,,,,,0.0,0.0,0.0,22.0,19.0,174.0,2.0,0.0,,,,,,,,,,,,,,,,,,,,,,,,,301.0,301.0,301.0,301.0,301.0
Jake Gervase,2022,,LB,LAR,14.0,0.0,,,,,,0.0,0.0,0.0,1.0,1.0,12.0,0.0,0.0,,,,,,,,,,,,,,,,,,,,,,,,,301.0,301.0,301.0,301.0,301.0
Jake Kumerow,2022,,WR,BUF,6.0,1.0,,,,,,0.0,0.0,0.0,7.0,4.0,64.0,0.0,0.0,,,,,,,,,,,,,,,,,,,,,,,,,301.0,301.0,301.0,301.0,301.0
Jake Tonges,2022,,TE,CHI,4.0,0.0,,,,,,0.0,0.0,0.0,1.0,0.0,0.0,0.0,0.0,,,,,,,,,,,,,,,,,,,,,,,,,301.0,301.0,301.0,301.0,301.0
Jakob Johnson,2022,,FB,LVR,17.0,9.0,,,,,,0.0,0.0,0.0,6.0,5.0,10.0,0.0,0.0,,,,,,,,,,,,,,,,,,,,,,,,,301.0,301.0,301.0,301.0,301.0
Jakobi Meyers,2022,,WR,NWE,14.0,13.0,,,,,,2.0,-11.0,0.0,96.0,67.0,804.0,6.0,2.0,,,,,,,,,,,,,,,,,,,,,,,,,133.0,172.0,206.0,138.0,162.3
Jalen Camp,2022,,WR,HOU,2.0,0.0,,,,,,0.0,0.0,0.0,1.0,1.0,7.0,0.0,0.0,,,,,,,,,,,,,,,,,,,,,,,,,301.0,301.0,301.0,301.0,301.0
Jalen Guyton,2022,,WR,LAC,3.0,0.0,,,,,,0.0,0.0,0.0,4.0,2.0,64.0,0.0,0.0,,,,,,,,,,,,,,,,,,,,,,,,,301.0,301.0,301.0,301.0,301.0
Jalen Hurts,2022,,QB,PHI,15.0,15.0,460.0,306.0,3701.0,22.0,6.0,165.0,760.0,13.0,0.0,0.0,0.0,0.0,9.0,,,,,,,,,,,,,,,,,,,,,,,,,56.0,62.0,49.0,54.0,55.3
Jalen Nailor,2022,,WR,MIN,15.0,0.0,,,,,,0.0,0.0,0.0,13.0,9.0,179.0,1.0,0.0,,,,,,,,,,,,,,,,,,,,,,,,,301.0,301.0,301.0,301.0,301.0
Jalen Reagor,2022,,WR,MIN,17.0,0.0,,,,,,4.0,25.0,0.0,13.0,8.0,104.0,1.0,4.0,,,,,,,,,,,,,,,,,,,,,,,,,301.0,301.0,301.0,301.0,301.0
Jalen Tolbert,2022,,WR,DAL,8.0,1.0,,,,,,0.0,0.0,0.0,3.0,2.0,12.0,0.0,0.0,,,,,,,,,,,,,,,,,,,,,,,,,208.0,190.0,243.0,200.0,210.3
Jalen Virgil,2022,,WR,DEN,9.0,1.0,,,,,,0.0,0.0,0.0,5.0,2.0,75.0,1.0,1.0,,,,,,,,,,,,,,,,,,,,,,,,,301.0,301.0,301.0,301.0,301.0
Jamaal Williams,2022,,RB,DET,17.0,9.0,,,,,,262.0,1066.0,17.0,16.0,12.0,73.0,0.0,3.0,,,,,,,,,,,,,,,,,,,,,,,,,168.0,177.0,205.0,130.0,170.0
Jamal Agnew,2022,,WR,JAX,15.0,0.0,,,,,,12.0,86.0,0.0,30.0,23.0,187.0,3.0,0.0,,,,,,,,,,,,,,,,,,,,,,,,,301.0,301.0,301.0,301.0,301.0
Jameis Winston,2022,,QB,NOR,3.0,3.0,115.0,73.0,858.0,4.0,5.0,5.0,16.0,0.0,0.0,0.0,0.0,0.0,3.0,,,,,,,,,,,,,,,,,,,,,,,,,166.0,164.0,186.0,149.0,166.3
James Conner,2022,,RB,ARI,13.0,13.0,,,,,,183.0,782.0,7.0,58.0,46.0,300.0,1.0,3.0,,,,,,,,,,,,,,,,,,,,,,,,,25.0,30.0,36.0,26.0,29.3
James Cook,2022,,RB,BUF,16.0,0.0,,,,,,89.0,507.0,2.0,32.0,21.0,180.0,1.0,1.0,,,,,,,,,,,,,,,,,,,,,,,,,128.0,103.0,153.0,96.0,120.0
James Mitchell,2022,,TE,DET,14.0,0.0,,,,,,0.0,0.0,0.0,11.0,11.0,113.0,1.0,0.0,,,,,,,,,,,,,,,,,,,,,,,,,301.0,301.0,301.0,301.0,301.0
James Proche,2022,,WR,BAL,15.0,0.0,1.0,0.0,0.0,0.0,1.0,0.0,0.0,0.0,17.0,8.0,62.0,0.0,0.0,,,,,,,,,,,,,,,,,,,,,,,,,301.0,301.0,301.0,301.0,301.0
James Robinson,2022,,RB,2TM,11.0,5.0,,,,,,110.0,425.0,3.0,14.0,11.0,51.0,2.0,1.0,,,,,,,,,,,,,,,,,,,,,,,,,122.0,123.0,124.0,99.0,117.0
James Washington,2022,,WR,DAL,2.0,0.0,,,,,,0.0,0.0,0.0,1.0,0.0,0.0,0.0,0.0,,,,,,,,,,,,,,,,,,,,,,,,,301.0,301.0,301.0,301.0,301.0
Jameson Williams,2022,,WR,DET,6.0,0.0,,,,,,1.0,40.0,0.0,9.0,1.0,41.0,1.0,0.0,,,,,,,,,,,,,,,,,,,,,,,,,301.0,189.0,221.0,198.0,202.7
Jamie Gillan,2022,,P,NYG,17.0,0.0,0.0,0.0,0.0,0.0,0.0,2.0,-3.0,0.0,0.0,0.0,0.0,0.0,1.0,,,,,,,,,,,,,,,,,,,,,,,,,301.0,301.0,301.0,301.0,301.0
Jamison Crowder,2022,,WR,BUF,4.0,0.0,,,,,,0.0,0.0,0.0,13.0,6.0,60.0,0.0,1.0,,,,,,,,,,,,,,,,,,,,,,,,,301.0,246.0,261.0,301.0,253.5
Jamycal Hasty,2022,,RB,JAX,17.0,0.0,,,,,,46.0,194.0,2.0,26.0,20.0,126.0,1.0,0.0,,,,,,,,,,,,,,,,,,,,,,,,,301.0,301.0,301.0,301.0,301.0
Jared Goff,2022,,QB,DET,17.0,17.0,587.0,382.0,4438.0,29.0,7.0,29.0,73.0,0.0,1.0,1.0,5.0,0.0,7.0,,,,,,,,,,,,,,,,,,,,,,,,,207.0,234.0,234.0,184.0,214.8
Jaret Patterson,2022,,RB,WAS,3.0,0.0,,,,,,17.0,78.0,0.0,1.0,0.0,0.0,0.0,0.0,,,,,,,,,,,,,,,,,,,,,,,,,301.0,301.0,301.0,301.0,301.0
Jarrett Stidham,2022,,QB,LVR,5.0,2.0,83.0,53.0,656.0,4.0,3.0,14.0,84.0,0.0,0.0,0.0,0.0,0.0,3.0,,,,,,,,,,,,,,,,,,,,,,,,,301.0,301.0,301.0,301.0,301.0
Jarvis Landry,2022,,WR,NOR,9.0,3.0,,,,,,0.0,0.0,0.0,39.0,25.0,272.0,1.0,1.0,,,,,,,,,,,,,,,,,,,,,,,,,301.0,301.0,301.0,301.0,301.0
Jason Cabinda,2022,,LB,DET,8.0,2.0,,,,,,1.0,4.0,0.0,4.0,1.0,5.0,0.0,0.0,,,,,,,,,,,,,,,,,,,,,,,,,301.0,301.0,301.0,301.0,301.0
Jason Moore,2022,,WR,LAC,6.0,0.0,,,,,,0.0,0.0,0.0,2.0,1.0,5.0,0.0,0.0,,,,,,,,,,,,,,,,,,,,,,,,,301.0,301.0,301.0,301.0,301.0
Jason Myers*,2022,,K,SEA,17.0,0.0,,,,,,,,,,,,,,34.0,37.0,41.0,42.0,,,,,,,,,,,,,,,,,,,,,301.0,301.0,301.0,301.0,301.0
Jason Sanders,2022,,K,MIA,17.0,0.0,,,,,,,,,,,,,,26.0,32.0,41.0,44.0,,,,,,,,,,,,,,,,,,,,,301.0,301.0,218.0,270.0,244.0
Jauan Jennings,2022,,WR,SFO,16.0,4.0,,,,,,0.0,0.0,0.0,56.0,35.0,416.0,1.0,1.0,,,,,,,,,,,,,,,,,,,,,,,,,301.0,301.0,293.0,301.0,293.0
Javonte Williams,2022,,RB,DEN,4.0,4.0,,,,,,47.0,204.0,0.0,22.0,16.0,76.0,0.0,1.0,,,,,,,,,,,,,,,,,,,,,,,,,23.0,24.0,28.0,16.0,22.8
Jaylen Waddle,2022,,WR,MIA,17.0,17.0,,,,,,3.0,26.0,0.0,117.0,75.0,1356.0,8.0,1.0,,,,,,,,,,,,,,,,,,,,,,,,,44.0,44.0,44.0,57.0,47.3
Jaylen Warren,2022,,RB,PIT,16.0,0.0,,,,,,77.0,379.0,1.0,33.0,28.0,214.0,0.0,1.0,,,,,,,,,,,,,,,,,,,,,,,,,301.0,301.0,301.0,258.0,258.0
Jeff Driskel,2022,,QB,HOU,7.0,2.0,20.0,14.0,108.0,1.0,0.0,20.0,75.0,0.0,1.0,1.0,4.0,0.0,0.0,,,,,,,,,,,,,,,,,,,,,,,,,301.0,301.0,301.0,301.0,301.0
Jeff Smith,2022,,WR,NYJ,11.0,0.0,,,,,,0.0,0.0,0.0,11.0,8.0,134.0,0.0,0.0,,,,,,,,,,,,,,,,,,,,,,,,,301.0,301.0,301.0,301.0,301.0
Jeff Wilson,2022,,RB,2TM,16.0,7.0,,,,,,176.0,860.0,5.0,37.0,22.0,185.0,1.0,3.0,,,,,,,,,,,,,,,,,,,,,,,,,301.0,301.0,301.0,301.0,301.0
Jelani Woods,2022,,TE,IND,15.0,2.0,,,,,,0.0,0.0,0.0,40.0,25.0,312.0,3.0,1.0,,,,,,,,,,,,,,,,,,,,,,,,,301.0,301.0,301.0,301.0,301.0
Jeremy Ruckert,2022,,TE,NYJ,9.0,0.0,,,,,,0.0,0.0,0.0,2.0,1.0,8.0,0.0,0.0,,,,,,,,,,,,,,,,,,,,,,,,,301.0,301.0,301.0,301.0,301.0
Jerick McKinnon,2022,,RB,KAN,17.0,0.0,,,,,,72.0,291.0,1.0,71.0,56.0,512.0,9.0,1.0,,,,,,,,,,,,,,,,,,,,,,,,,301.0,224.0,196.0,229.0,216.3
Jerome Ford,2022,,RB,CLE,13.0,0.0,,,,,,8.0,12.0,0.0,0.0,0.0,0.0,0.0,0.0,,,,,,,,,,,,,,,,,,,,,,,,,301.0,301.0,301.0,301.0,301.0
Jerry Jeudy,2022,,WR,DEN,15.0,14.0,,,,,,4.0,40.0,0.0,100.0,67.0,972.0,6.0,0.0,,,,,,,,,,,,,,,,,,,,,,,,,50.0,51.0,79.0,83.0,65.8
Jesper Horsted,2022,,WR,LVR,15.0,0.0,,,,,,0.0,0.0,0.0,4.0,3.0,19.0,0.0,0.0,,,,,,,,,,,,,,,,,,,,,,,,,301.0,301.0,301.0,301.0,301.0
Jimmy Garoppolo,2022,,QB,SFO,11.0,10.0,308.0,207.0,2437.0,16.0,4.0,23.0,33.0,2.0,0.0,0.0,0.0,0.0,3.0,,,,,,,,,,,,,,,,,,,,,,,,,301.0,301.0,233.0,301.0,233.0
Jody Fortson,2022,,TE,KAN,13.0,1.0,,,,,,0.0,0.0,0.0,13.0,9.0,108.0,2.0,1.0,,,,,,,,,,,,,,,,,,,,,,,,,301.0,301.0,301.0,301.0,301.0
Joe Burrow,2022,,QB,CIN,16.0,16.0,606.0,414.0,4475.0,35.0,12.0,75.0,257.0,5.0,0.0,0.0,0.0,0.0,6.0,,,,,,,,,,,,,,,,,,,,,,,,,74.0,52.0,46.0,69.0,60.3
Joe Flacco,2022,,QB,NYJ,5.0,4.0,191.0,110.0,1051.0,5.0,3.0,3.0,6.0,0.0,0.0,0.0,-3.0,0.0,5.0,,,,,,,,,,,,,,,,,,,,,,,,,301.0,301.0,301.0,301.0,301.0
Joe Mixon,2022,,RB,CIN,14.0,14.0,,,,,,210.0,814.0,7.0,75.0,60.0,441.0,2.0,0.0,,,,,,,,,,,,,,,,,,,,,,,,,12.0,10.0,9.0,10.0,10.3
Joey Slye,2022,,K,WAS,17.0,0.0,,,,,,,,,,,,,,25.0,30.0,24.0,28.0,,,,,,,,,,,,,,,,,,,,,301.0,301.0,299.0,301.0,299.0
John Bates,2022,,TE,WAS,16.0,7.0,,,,,,0.0,0.0,0.0,22.0,14.0,108.0,1.0,1.0,,,,,,,,,,,,,,,,,,,,,,,,,301.0,301.0,301.0,301.0,301.0
John Brown,2022,,WR,BUF,3.0,0.0,,,,,,0.0,0.0,0.0,2.0,1.0,42.0,1.0,0.0,,,,,,,,,,,,,,,,,,,,,,,,,301.0,301.0,301.0,301.0,301.0
John Wolford,2022,,QB,LAR,3.0,3.0,62.0,38.0,390.0,1.0,3.0,8.0,32.0,0.0,0.0,0.0,0.0,0.0,3.0,,,,,,,,,,,,,,,,,,,,,,,,,301.0,301.0,301.0,301.0,301.0
Johnny Hekker,2022,,P,CAR,17.0,0.0,,,,,,,,,,,,,,,,,,,,,,,,,,,,,,,,,,,,,,301.0,301.0,301.0,301.0,301.0
Johnny Mundt,2022,,TE,MIN,17.0,12.0,,,,,,0.0,0.0,0.0,21.0,19.0,140.0,1.0,0.0,,,,,,,,,,,,,,,,,,,,,,,,,301.0,301.0,301.0,301.0,301.0
Jonathan Taylor,2022,,RB,IND,11.0,11.0,,,,,,192.0,861.0,4.0,40.0,28.0,143.0,0.0,3.0,,,,,,,,,,,,,,,,,,,,,,,,,1.0,1.0,1.0,1.0,1.0
Jonathan Ward,2022,,RB,TEN,3.0,0.0,,,,,,5.0,25.0,0.0,3.0,2.0,7.0,0.0,0.0,,,,,,,,,,,,,,,,,,,,,,,,,301.0,301.0,301.0,301.0,301.0
Jonathan Williams,2022,,RB,WAS,13.0,2.0,,,,,,37.0,152.0,0.0,10.0,7.0,40.0,0.0,0.0,,,,,,,,,,,,,,,,,,,,,,,,,301.0,301.0,301.0,301.0,301.0
Jonnu Smith,2022,,TE,NWE,14.0,8.0,,,,,,1.0,5.0,0.0,38.0,27.0,245.0,0.0,1.0,,,,,,,,,,,,,,,,,,,,,,,,,301.0,301.0,273.0,301.0,273.0
Jordan Akins,2022,,TE,HOU,15.0,3.0,,,,,,0.0,0.0,0.0,54.0,37.0,495.0,5.0,1.0,,,,,,,,,,,,,,,,,,,,,,,,,301.0,301.0,301.0,301.0,301.0
Jordan Howard,2022,,RB,NOR,2.0,0.0,,,,,,1.0,1.0,0.0,0.0,0.0,0.0,0.0,0.0,,,,,,,,,,,,,,,,,,,,,,,,,301.0,301.0,301.0,301.0,301.0
Jordan Love,2022,,QB,GNB,4.0,0.0,21.0,14.0,195.0,1.0,0.0,1.0,-1.0,0.0,0.0,0.0,0.0,0.0,0.0,,,,,,,,,,,,,,,,,,,,,,,,,301.0,301.0,301.0,301.0,301.0
Jordan Mason,2022,,RB,SFO,16.0,0.0,,,,,,43.0,258.0,1.0,0.0,0.0,0.0,0.0,0.0,,,,,,,,,,,,,,,,,,,,,,,,,301.0,301.0,301.0,220.0,220.0
Jordan Wilkins,2022,,RB,IND,4.0,0.0,,,,,,13.0,58.0,0.0,8.0,6.0,29.0,0.0,0.0,,,,,,,,,,,,,,,,,,,,,,,,,301.0,301.0,301.0,301.0,301.0
Josh Ali,2022,,WR,ATL,2.0,0.0,,,,,,0.0,0.0,0.0,1.0,0.0,0.0,0.0,0.0,,,,,,,,,,,,,,,,,,,,,,,,,301.0,301.0,301.0,301.0,301.0
Josh Allen,2022,,QB,BUF,16.0,16.0,567.0,359.0,4283.0,35.0,14.0,124.0,762.0,7.0,0.0,0.0,0.0,0.0,13.0,,,,,,,,,,,,,,,,,,,,,,,,,22.0,22.0,15.0,24.0,20.8
Josh Gordon,2022,,WR,TEN,2.0,0.0,,,,,,0.0,0.0,0.0,1.0,0.0,0.0,0.0,0.0,,,,,,,,,,,,,,,,,,,,,,,,,301.0,301.0,301.0,301.0,301.0
Josh Jacobs,2022,,RB,LVR,17.0,17.0,,,,,,340.0,1653.0,12.0,64.0,53.0,400.0,0.0,3.0,,,,,,,,,,,,,,,,,,,,,,,,,54.0,49.0,45.0,50.0,49.5
Josh Johnson,2022,,QB,SFO,2.0,0.0,2.0,1.0,10.0,0.0,0.0,2.0,3.0,0.0,0.0,0.0,0.0,0.0,0.0,,,,,,,,,,,,,,,,,,,,,,,,,301.0,301.0,301.0,301.0,301.0
Josh Lambo,2022,,K,TEN,1.0,0.0,,,,,,,,,,,,,,,,3.0,4.0,,,,,,,,,,,,,,,,,,,,,301.0,301.0,301.0,301.0,301.0
Josh Oliver,2022,,TE,BAL,17.0,9.0,,,,,,0.0,0.0,0.0,25.0,14.0,149.0,2.0,0.0,,,,,,,,,,,,,,,,,,,,,,,,,301.0,301.0,301.0,301.0,301.0
Josh Palmer,2022,,WR,LAC,16.0,11.0,,,,,,1.0,4.0,0.0,107.0,72.0,769.0,3.0,1.0,,,,,,,,,,,,,,,,,,,,,,,,,301.0,301.0,301.0,301.0,301.0
Josh Reynolds,2022,,WR,DET,14.0,11.0,,,,,,0.0,0.0,0.0,59.0,38.0,479.0,3.0,0.0,,,,,,,,,,,,,,,,,,,,,,,,,301.0,301.0,301.0,301.0,301.0
Joshua Dobbs,2022,,QB,TEN,2.0,2.0,68.0,40.0,411.0,2.0,2.0,8.0,44.0,0.0,0.0,0.0,0.0,0.0,4.0,,,,,,,,,,,,,,,,,,,,,,,,,301.0,301.0,301.0,301.0,301.0
Joshua Kelley,2022,,RB,LAC,13.0,1.0,,,,,,69.0,287.0,2.0,25.0,14.0,101.0,0.0,0.0,,,,,,,,,,,,,,,,,,,,,,,,,301.0,301.0,301.0,244.0,244.0
Josiah Deguara,2022,,TE,GNB,17.0,3.0,,,,,,0.0,0.0,0.0,15.0,13.0,114.0,0.0,0.0,,,,,,,,,,,,,,,,,,,,,,,,,301.0,301.0,301.0,301.0,301.0
JuJu Smith-Schuster,2022,,WR,KAN,16.0,14.0,,,,,,0.0,0.0,0.0,101.0,78.0,933.0,3.0,3.0,,,,,,,,,,,,,,,,,,,,,,,,,65.0,69.0,88.0,75.0,74.3
Julio Jones,2022,,WR,TAM,10.0,5.0,,,,,,5.0,45.0,0.0,43.0,24.0,299.0,2.0,0.0,,,,,,,,,,,,,,,,,,,,,,,,,160.0,118.0,154.0,143.0,143.8
Julius Chestnut,2022,,RB,TEN,6.0,0.0,,,,,,9.0,12.0,0.0,3.0,3.0,41.0,0.0,0.0,,,,,,,,,,,,,,,,,,,,,,,,,301.0,301.0,301.0,301.0,301.0
Justice Hill,2022,,RB,BAL,15.0,0.0,,,,,,49.0,262.0,0.0,12.0,12.0,58.0,0.0,2.0,,,,,,,,,,,,,,,,,,,,,,,,,301.0,301.0,301.0,301.0,301.0
Justin Fields,2022,,QB,CHI,15.0,15.0,318.0,192.0,2242.0,17.0,11.0,160.0,1143.0,8.0,0.0,0.0,0.0,0.0,16.0,,,,,,,,,,,,,,,,,,,,,,,,,149.0,158.0,146.0,139.0,148.0
Justin Herbert,2022,,QB,LAC,17.0,17.0,699.0,477.0,4739.0,25.0,10.0,54.0,147.0,0.0,2.0,2.0,-10.0,0.0,8.0,,,,,,,,,,,,,,,,,,,,,,,,,36.0,34.0,30.0,38.0,34.5
Justin Jackson,2022,,RB,DET,16.0,0.0,,,,,,42.0,170.0,1.0,19.0,12.0,101.0,1.0,0.0,,,,,,,,,,,,,,,,,,,,,,,,,301.0,301.0,301.0,301.0,301.0
Justin Jefferson,2022,,WR,MIN,17.0,17.0,2.0,2.0,34.0,0.0,0.0,4.0,24.0,1.0,184.0,128.0,1809.0,8.0,0.0,,,,,,,,,,,,,,,,,,,,,,,,,6.0,6.0,6.0,4.0,5.5
Justin Reid,2022,,FS,KAN,17.0,17.0,,,,,,,,,,,,,,,,1.0,2.0,,,,,,,,,,,,,,,,,,,,,301.0,301.0,301.0,301.0,301.0
Justin Tucker*,2022,,K,BAL,17.0,0.0,,,,,,,,,,,,,,37.0,43.0,31.0,32.0,,,,,,,,,,,,,,,,,,,,,301.0,301.0,301.0,301.0,301.0
Justin Watson,2022,,WR,KAN,17.0,5.0,,,,,,0.0,0.0,0.0,34.0,15.0,315.0,2.0,0.0,,,,,,,,,,,,,,,,,,,,,,,,,301.0,301.0,301.0,301.0,301.0
Juwan Johnson,2022,,TE,NOR,16.0,12.0,,,,,,0.0,0.0,0.0,65.0,42.0,508.0,7.0,0.0,,,,,,,,,,,,,,,,,,,,,,,,,301.0,301.0,301.0,301.0,301.0
Juwann Winfree,2022,,WR,GNB,3.0,0.0,,,,,,0.0,0.0,0.0,4.0,1.0,17.0,0.0,0.0,,,,,,,,,,,,,,,,,,,,,,,,,301.0,301.0,301.0,301.0,301.0
K.J. Osborn,2022,,WR,MIN,17.0,9.0,,,,,,3.0,6.0,0.0,90.0,60.0,650.0,5.0,1.0,,,,,,,,,,,,,,,,,,,,,,,,,301.0,209.0,258.0,213.0,226.7
KJ Hamler,2022,,WR,DEN,7.0,0.0,,,,,,2.0,23.0,0.0,14.0,7.0,165.0,0.0,0.0,,,,,,,,,,,,,,,,,,,,,,,,,301.0,212.0,301.0,246.0,229.0
Ka'imi Fairbairn,2022,,K,HOU,17.0,0.0,,,,,,,,,,,,,,29.0,31.0,24.0,24.0,,,,,,,,,,,,,,,,,,,,,301.0,301.0,295.0,301.0,295.0
KaVontae Turpin,2022,,WR,DAL,17.0,0.0,,,,,,3.0,17.0,0.0,2.0,1.0,9.0,0.0,3.0,,,,,,,,,,,,,,,,,,,,,,,,,301.0,301.0,301.0,301.0,301.0
Kadarius Toney,2022,,WR,2TM,9.0,4.0,,,,,,7.0,82.0,1.0,20.0,16.0,171.0,2.0,1.0,,,,,,,,,,,,,,,,,,,,,,,,,112.0,117.0,128.0,119.0,119.0
Kalif Raymond,2022,,WR,DET,17.0,7.0,,,,,,7.0,36.0,0.0,64.0,47.0,616.0,0.0,3.0,,,,,,,,,,,,,,,,,,,,,,,,,301.0,301.0,301.0,301.0,301.0
Kamu Grugier-Hill,2022,,LB,ARI,9.0,0.0,,,,,,0.0,0.0,0.0,1.0,1.0,4.0,0.0,0.0,,,,,,,,,,,,,,,,,,,,,,,,,301.0,301.0,301.0,301.0,301.0
Kareem Hunt,2022,,RB,CLE,17.0,0.0,,,,,,123.0,468.0,3.0,44.0,35.0,210.0,1.0,1.0,,,,,,,,,,,,,,,,,,,,,,,,,81.0,80.0,101.0,79.0,85.3
Ke'Shawn Vaughn,2022,,RB,TAM,15.0,0.0,,,,,,17.0,53.0,0.0,4.0,3.0,19.0,0.0,0.0,,,,,,,,,,,,,,,,,,,,,,,,,301.0,301.0,301.0,230.0,230.0
Keaontay Ingram,2022,,RB,ARI,12.0,0.0,,,,,,27.0,60.0,1.0,5.0,4.0,21.0,0.0,0.0,,,,,,,,,,,,,,,,,,,,,,,,,301.0,301.0,301.0,301.0,301.0
Keelan Cole,2022,,WR,LVR,14.0,3.0,,,,,,0.0,0.0,0.0,21.0,10.0,141.0,1.0,1.0,,,,,,,,,,,,,,,,,,,,,,,,,301.0,301.0,301.0,301.0,301.0
Keenan Allen,2022,,WR,LAC,10.0,10.0,,,,,,1.0,8.0,0.0,89.0,66.0,752.0,4.0,1.0,,,,,,,,,,,,,,,,,,,,,,,,,24.0,27.0,29.0,33.0,28.3
Keith Kirkwood,2022,,WR,NOR,5.0,1.0,,,,,,0.0,0.0,0.0,4.0,2.0,18.0,0.0,0.0,,,,,,,,,,,,,,,,,,,,,,,,,301.0,301.0,301.0,301.0,301.0
Keith Smith,2022,,WR,ATL,17.0,6.0,,,,,,1.0,2.0,0.0,2.0,1.0,8.0,0.0,0.0,,,,,,,,,,,,,,,,,,,,,,,,,301.0,301.0,301.0,301.0,301.0
Keke Coutee,2022,,WR,IND,8.0,0.0,,,,,,0.0,0.0,0.0,1.0,1.0,20.0,0.0,4.0,,,,,,,,,,,,,,,,,,,,,,,,,301.0,301.0,301.0,301.0,301.0
Kendall Blanton,2022,,TE,LAR,4.0,0.0,,,,,,0.0,0.0,0.0,2.0,2.0,35.0,0.0,0.0,,,,,,,,,,,,,,,,,,,,,,,,,301.0,301.0,301.0,301.0,301.0
Kendall Hinton,2022,,WR,DEN,12.0,5.0,,,,,,2.0,13.0,0.0,33.0,24.0,311.0,0.0,0.0,,,,,,,,,,,,,,,,,,,,,,,,,301.0,301.0,301.0,301.0,301.0
Kendrick Bourne,2022,,WR,NWE,16.0,2.0,,,,,,6.0,39.0,0.0,48.0,35.0,434.0,1.0,2.0,,,,,,,,,,,,,,,,,,,,,,,,,301.0,301.0,227.0,243.0,235.0
Kene Nwangwu,2022,,RB,MIN,17.0,0.0,,,,,,9.0,14.0,0.0,2.0,2.0,21.0,0.0,0.0,,,,,,,,,,,,,,,,,,,,,,,,,301.0,301.0,301.0,301.0,301.0
Kenneth Gainwell,2022,,RB,PHI,17.0,0.0,,,,,,53.0,240.0,4.0,29.0,23.0,169.0,0.0,0.0,,,,,,,,,,,,,,,,,,,,,,,,,170.0,142.0,164.0,111.0,146.8
Kenneth Walker III,2022,,RB,SEA,15.0,11.0,,,,,,228.0,1050.0,9.0,35.0,27.0,165.0,0.0,0.0,,,,,,,,,,,,,,,,,,,,,,,,,132.0,97.0,137.0,98.0,116.0
Kenny Golladay,2022,,WR,NYG,12.0,4.0,,,,,,0.0,0.0,0.0,17.0,6.0,81.0,1.0,0.0,,,,,,,,,,,,,,,,,,,,,,,,,183.0,193.0,229.0,237.0,210.5
Kenny Pickett,2022,,QB,PIT,13.0,12.0,389.0,245.0,2404.0,7.0,9.0,55.0,237.0,3.0,0.0,0.0,0.0,0.0,4.0,,,,,,,,,,,,,,,,,,,,,,,,,211.0,210.0,209.0,271.0,225.3
Kenyan Drake,2022,,RB,BAL,12.0,5.0,,,,,,109.0,482.0,4.0,26.0,17.0,89.0,1.0,1.0,,,,,,,,,,,,,,,,,,,,,,,,,227.0,228.0,251.0,179.0,221.3
Kevin Harris,2022,,RB,NWE,5.0,1.0,,,,,,18.0,52.0,1.0,0.0,0.0,0.0,0.0,0.0,,,,,,,,,,,,,,,,,,,,,,,,,301.0,301.0,301.0,301.0,301.0
Kevin White,2022,,WR,NOR,7.0,2.0,,,,,,0.0,0.0,0.0,5.0,2.0,74.0,0.0,0.0,,,,,,,,,,,,,,,,,,,,,,,,,301.0,301.0,301.0,301.0,301.0
KhaDarel Hodge,2022,,WR,ATL,17.0,1.0,,,,,,0.0,0.0,0.0,20.0,13.0,202.0,1.0,0.0,,,,,,,,,,,,,,,,,,,,,,,,,301.0,301.0,301.0,301.0,301.0
Khalil Herbert,2022,,RB,CHI,13.0,1.0,,,,,,129.0,731.0,4.0,12.0,9.0,57.0,1.0,0.0,,,,,,,,,,,,,,,,,,,,,,,,,176.0,162.0,254.0,133.0,181.3
Khalil Shakir,2022,,WR,BUF,14.0,2.0,,,,,,0.0,0.0,0.0,20.0,10.0,161.0,1.0,0.0,,,,,,,,,,,,,,,,,,,,,,,,,301.0,301.0,301.0,301.0,301.0
Khari Blasingame,2022,,FB,CHI,16.0,6.0,,,,,,0.0,0.0,0.0,1.0,0.0,0.0,0.0,0.0,,,,,,,,,,,,,,,,,,,,,,,,,301.0,301.0,301.0,301.0,301.0
Kirk Cousins,2022,,QB,MIN,17.0,17.0,643.0,424.0,4547.0,29.0,14.0,31.0,97.0,2.0,0.0,0.0,0.0,0.0,7.0,,,,,,,,,,,,,,,,,,,,,,,,,125.0,130.0,131.0,115.0,125.3
Ko Kieft,2022,,TE,TAM,17.0,12.0,,,,,,0.0,0.0,0.0,10.0,7.0,80.0,1.0,0.0,,,,,,,,,,,,,,,,,,,,,,,,,301.0,301.0,301.0,301.0,301.0
Kyle Allen,2022,,QB,HOU,2.0,2.0,78.0,46.0,416.0,2.0,4.0,6.0,13.0,0.0,0.0,0.0,0.0,0.0,4.0,,,,,,,,,,,,,,,,,,,,,,,,,301.0,301.0,301.0,301.0,301.0
Kyle Juszczyk,2022,,FB,SFO,16.0,12.0,,,,,,7.0,26.0,1.0,23.0,19.0,200.0,1.0,0.0,,,,,,,,,,,,,,,,,,,,,,,,,301.0,301.0,253.0,301.0,253.0
Kyle Philips,2022,,WR,TEN,4.0,0.0,,,,,,0.0,0.0,0.0,13.0,8.0,78.0,0.0,2.0,,,,,,,,,,,,,,,,,,,,,,,,,301.0,301.0,301.0,301.0,301.0
Kyle Pitts,2022,,TE,ATL,10.0,10.0,,,,,,0.0,0.0,0.0,59.0,28.0,356.0,2.0,0.0,,,,,,,,,,,,,,,,,,,,,,,,,35.0,31.0,33.0,32.0,32.8
Kyle Rudolph,2022,,TE,TAM,9.0,0.0,,,,,,0.0,0.0,0.0,5.0,3.0,28.0,1.0,0.0,,,,,,,,,,,,,,,,,,,,,,,,,210.0,223.0,280.0,301.0,237.7
Kyle Trask,2022,,QB,TAM,1.0,0.0,9.0,3.0,23.0,0.0,0.0,,,,,,,,,,,,,,,,,,,,,,,,,,,,,,,,,301.0,301.0,301.0,301.0,301.0
Kylen Granson,2022,,TE,IND,13.0,4.0,,,,,,1.0,0.0,0.0,40.0,31.0,302.0,0.0,1.0,,,,,,,,,,,,,,,,,,,,,,,,,301.0,301.0,301.0,301.0,301.0
Kyler Murray,2022,,QB,ARI,11.0,11.0,390.0,259.0,2368.0,14.0,7.0,67.0,418.0,3.0,0.0,0.0,0.0,0.0,8.0,,,,,,,,,,,,,,,,,,,,,,,,,52.0,53.0,43.0,67.0,53.8
Kylin Hill,2022,,RB,GNB,2.0,0.0,,,,,,1.0,7.0,0.0,0.0,0.0,0.0,0.0,0.0,,,,,,,,,,,,,,,,,,,,,,,,,301.0,301.0,301.0,301.0,301.0
Kyren Williams,2022,,RB,LAR,10.0,0.0,,,,,,35.0,139.0,0.0,12.0,9.0,76.0,0.0,0.0,,,,,,,,,,,,,,,,,,,,,,,,,301.0,301.0,301.0,301.0,301.0
Lamar Jackson,2022,,QB,BAL,12.0,12.0,326.0,203.0,2242.0,17.0,7.0,112.0,764.0,3.0,0.0,0.0,0.0,0.0,5.0,,,,,,,,,,,,,,,,,,,,,,,,,42.0,43.0,37.0,52.0,43.5
Lance McCutcheon,2022,,WR,LAR,10.0,1.0,,,,,,0.0,0.0,0.0,5.0,0.0,0.0,0.0,0.0,,,,,,,,,,,,,,,,,,,,,,,,,301.0,301.0,301.0,301.0,301.0
Laquon Treadwell,2022,,WR,SEA,6.0,0.0,,,,,,0.0,0.0,0.0,10.0,6.0,42.0,0.0,0.0,,,,,,,,,,,,,,,,,,,,,,,,,301.0,301.0,301.0,301.0,301.0
Larry Rountree,2022,,RB,LAC,4.0,0.0,,,,,,13.0,19.0,0.0,2.0,2.0,14.0,0.0,0.0,,,,,,,,,,,,,,,,,,,,,,,,,301.0,301.0,301.0,301.0,301.0
Latavius Murray,2022,,RB,2TM,13.0,7.0,,,,,,171.0,760.0,6.0,35.0,27.0,132.0,0.0,1.0,,,,,,,,,,,,,,,,,,,,,,,,,301.0,301.0,301.0,301.0,301.0
Laviska Shenault Jr.,2022,,WR,CAR,13.0,4.0,,,,,,9.0,65.0,1.0,32.0,27.0,272.0,1.0,0.0,,,,,,,,,,,,,,,,,,,,,,,,,301.0,301.0,301.0,275.0,275.0
Lawrence Cager,2022,,WR,NYG,6.0,3.0,0.0,0.0,0.0,0.0,0.0,0.0,0.0,0.0,19.0,13.0,118.0,1.0,0.0,,,,,,,,,,,,,,,,,,,,,,,,,301.0,301.0,301.0,301.0,301.0
League Average,2022,,,,,,,,,,,,,,,,,,,,,,,,,,,,,,,,,,,,,,,,,,,301.0,301.0,301.0,301.0,301.0
Leonard Fournette,2022,,RB,TAM,16.0,9.0,1.0,0.0,0.0,0.0,1.0,189.0,668.0,3.0,83.0,73.0,523.0,3.0,0.0,,,,,,,,,,,,,,,,,,,,,,,,,18.0,25.0,25.0,20.0,22.0
Lil'Jordan Humphrey,2022,,WR,NWE,6.0,2.0,,,,,,0.0,0.0,0.0,4.0,2.0,20.0,0.0,0.0,,,,,,,,,,,,,,,,,,,,,,,,,301.0,301.0,301.0,301.0,301.0
Logan Cooke,2022,,P,JAX,17.0,0.0,,,,,,,,,,,,,,,,,,,,,,,,,,,,,,,,,,,,,,301.0,301.0,301.0,301.0,301.0
Logan Thomas,2022,,TE,WAS,14.0,13.0,,,,,,0.0,0.0,0.0,61.0,39.0,323.0,1.0,0.0,,,,,,,,,,,,,,,,,,,,,,,,,301.0,244.0,190.0,191.0,208.3
Luke Farrell,2022,,TE,JAX,17.0,0.0,,,,,,0.0,0.0,0.0,4.0,4.0,40.0,0.0,0.0,,,,,,,,,,,,,,,,,,,,,,,,,301.0,301.0,301.0,301.0,301.0
M.J. Stewart,2022,,DB,HOU,17.0,0.0,,,,,,1.0,3.0,0.0,0.0,0.0,0.0,0.0,0.0,,,,,,,,,,,,,,,,,,,,,,,,,301.0,301.0,301.0,301.0,301.0
Mac Jones,2022,,QB,NWE,14.0,14.0,442.0,288.0,2997.0,14.0,11.0,47.0,102.0,1.0,0.0,0.0,0.0,0.0,5.0,,,,,,,,,,,,,,,,,,,,,,,,,173.0,185.0,167.0,227.0,188.0
Mack Hollins,2022,,WR,LVR,17.0,16.0,1.0,1.0,4.0,0.0,0.0,4.0,40.0,0.0,94.0,57.0,690.0,4.0,0.0,,,,,,,,,,,,,,,,,,,,,,,,,301.0,301.0,301.0,301.0,301.0
Malcolm Brown,2022,,RB,LAR,11.0,0.0,,,,,,18.0,81.0,1.0,6.0,5.0,37.0,0.0,0.0,,,,,,,,,,,,,,,,,,,,,,,,,301.0,301.0,301.0,301.0,301.0
Malik Davis,2022,,RB,DAL,12.0,0.0,,,,,,38.0,161.0,1.0,7.0,6.0,63.0,0.0,0.0,,,,,,,,,,,,,,,,,,,,,,,,,301.0,301.0,301.0,301.0,301.0
Malik Willis,2022,,QB,TEN,8.0,3.0,61.0,31.0,276.0,0.0,3.0,27.0,123.0,1.0,0.0,0.0,0.0,0.0,3.0,,,,,,,,,,,,,,,,,,,,,,,,,301.0,301.0,297.0,301.0,297.0
Marcedes Lewis,2022,,TE,GNB,17.0,17.0,,,,,,0.0,0.0,0.0,7.0,6.0,66.0,2.0,0.0,,,,,,,,,,,,,,,,,,,,,,,,,301.0,301.0,301.0,301.0,301.0
Marcus Allen,2022,,DB,PIT,15.0,0.0,,,,,,1.0,4.0,0.0,0.0,0.0,0.0,0.0,0.0,,,,,,,,,,,,,,,,,,,,,,,,,301.0,301.0,301.0,301.0,301.0
Marcus Johnson,2022,,WR,NYG,14.0,7.0,,,,,,0.0,0.0,0.0,22.0,9.0,99.0,0.0,0.0,,,,,,,,,,,,,,,,,,,,,,,,,301.0,301.0,301.0,301.0,301.0
Marcus Jones,2022,,DB,NWE,15.0,4.0,,,,,,0.0,0.0,0.0,4.0,4.0,78.0,1.0,1.0,,,,,,,,,,,,,,,,,,,,,,,,,301.0,301.0,301.0,301.0,301.0
Marcus Mariota,2022,,QB,ATL,13.0,13.0,300.0,184.0,2219.0,15.0,9.0,85.0,438.0,4.0,0.0,0.0,0.0,0.0,8.0,,,,,,,,,,,,,,,,,,,,,,,,,223.0,230.0,255.0,234.0,235.5
Mark Andrews,2022,,TE,BAL,15.0,15.0,,,,,,3.0,8.0,0.0,113.0,73.0,847.0,5.0,1.0,,,,,,,,,,,,,,,,,,,,,,,,,20.0,23.0,19.0,25.0,21.8
Mark Ingram,2022,,RB,NOR,10.0,3.0,,,,,,62.0,233.0,1.0,18.0,16.0,68.0,0.0,2.0,,,,,,,,,,,,,,,,,,,,,,,,,301.0,301.0,301.0,301.0,301.0
Marlon Mack,2022,,RB,DEN,6.0,0.0,,,,,,16.0,84.0,1.0,10.0,8.0,99.0,1.0,0.0,,,,,,,,,,,,,,,,,,,,,,,,,301.0,197.0,178.0,301.0,187.5
Marquez Callaway,2022,,WR,NOR,14.0,3.0,,,,,,0.0,0.0,0.0,32.0,16.0,158.0,1.0,0.0,,,,,,,,,,,,,,,,,,,,,,,,,301.0,301.0,257.0,279.0,268.0
Marquez Valdes-Scantling,2022,,WR,KAN,17.0,11.0,,,,,,1.0,-3.0,0.0,81.0,42.0,687.0,2.0,0.0,,,,,,,,,,,,,,,,,,,,,,,,,123.0,137.0,172.0,163.0,148.8
Marquise Brown,2022,,WR,ARI,12.0,10.0,,,,,,1.0,1.0,0.0,107.0,67.0,709.0,3.0,1.0,,,,,,,,,,,,,,,,,,,,,,,,,53.0,60.0,69.0,64.0,61.5
Marquise Goodwin,2022,,WR,SEA,13.0,2.0,,,,,,2.0,5.0,0.0,42.0,27.0,387.0,4.0,0.0,,,,,,,,,,,,,,,,,,,,,,,,,301.0,301.0,301.0,301.0,301.0
Marvin Jones,2022,,WR,JAX,16.0,10.0,,,,,,0.0,0.0,0.0,81.0,46.0,529.0,3.0,0.0,,,,,,,,,,,,,,,,,,,,,,,,,301.0,301.0,301.0,301.0,301.0
Mason Crosby,2022,,K,GNB,17.0,0.0,,,,,,,,,,,,,,25.0,29.0,37.0,39.0,,,,,,,,,,,,,,,,,,,,,224.0,301.0,117.0,301.0,170.5
Mason Kinsey,2022,,WR,TEN,2.0,0.0,,,,,,0.0,0.0,0.0,1.0,1.0,3.0,0.0,1.0,,,,,,,,,,,,,,,,,,,,,,,,,301.0,301.0,301.0,301.0,301.0
Mason Schreck,2022,,TE,HOU,3.0,1.0,,,,,,0.0,0.0,0.0,2.0,2.0,6.0,0.0,0.0,,,,,,,,,,,,,,,,,,,,,,,,,301.0,301.0,301.0,301.0,301.0
Matt Ammendola,2022,,K,2TM,4.0,0.0,,,,,,,,,,,,,,5.0,7.0,5.0,7.0,,,,,,,,,,,,,,,,,,,,,301.0,301.0,301.0,301.0,301.0
Matt Breida,2022,,RB,NYG,17.0,1.0,,,,,,54.0,220.0,1.0,25.0,20.0,118.0,0.0,0.0,,,,,,,,,,,,,,,,,,,,,,,,,301.0,301.0,301.0,205.0,205.0
Matt Gay,2022,,K,LAR,17.0,0.0,,,,,,,,,,,,,,28.0,30.0,31.0,32.0,,,,,,,,,,,,,,,,,,,,,113.0,136.0,134.0,160.0,135.8
Matt Prater,2022,,K,ARI,13.0,0.0,,,,,,,,,,,,,,22.0,25.0,17.0,18.0,,,,,,,,,,,,,,,,,,,,,157.0,145.0,116.0,186.0,151.0
Matt Ryan,2022,,QB,IND,12.0,12.0,461.0,309.0,3057.0,14.0,13.0,27.0,70.0,1.0,0.0,0.0,0.0,0.0,15.0,,,,,,,,,,,,,,,,,,,,,,,,,171.0,187.0,170.0,161.0,172.3
Matthew Stafford,2022,,QB,LAR,9.0,9.0,303.0,206.0,2087.0,10.0,8.0,13.0,9.0,1.0,0.0,0.0,0.0,0.0,5.0,,,,,,,,,,,,,,,,,,,,,,,,,87.0,100.0,76.0,105.0,92.0
Matthew Wright,2022,,K,2TM,6.0,0.0,,,,,,,,,,,,,,15.0,18.0,15.0,15.0,,,,,,,,,,,,,,,,,,,,,301.0,301.0,301.0,301.0,301.0
Matthias Farley,2022,,S,LVR,17.0,0.0,,,,,,1.0,-3.0,0.0,0.0,0.0,0.0,0.0,0.0,,,,,,,,,,,,,,,,,,,,,,,,,301.0,301.0,301.0,301.0,301.0
Maurice Alexander,2022,,WR,DET,4.0,0.0,,,,,,0.0,0.0,0.0,1.0,1.0,7.0,0.0,0.0,,,,,,,,,,,,,,,,,,,,,,,,,301.0,301.0,301.0,301.0,301.0
Maxx Williams,2022,,TE,ARI,11.0,1.0,,,,,,0.0,0.0,0.0,3.0,3.0,18.0,0.0,0.0,,,,,,,,,,,,,,,,,,,,,,,,,301.0,301.0,301.0,301.0,301.0
Mecole Hardman,2022,,WR,KAN,8.0,5.0,,,,,,4.0,31.0,2.0,34.0,25.0,297.0,4.0,1.0,,,,,,,,,,,,,,,,,,,,,,,,,301.0,301.0,301.0,301.0,301.0
Melvin Gordon,2022,,RB,DEN,10.0,6.0,,,,,,90.0,318.0,2.0,32.0,25.0,223.0,0.0,5.0,,,,,,,,,,,,,,,,,,,,,,,,,301.0,301.0,301.0,301.0,301.0
Michael Badgley,2022,,K,2TM,13.0,0.0,,,,,,,,,,,,,,24.0,28.0,33.0,33.0,,,,,,,,,,,,,,,,,,,,,301.0,301.0,301.0,301.0,301.0
Michael Bandy,2022,,WR,LAC,10.0,2.0,,,,,,0.0,0.0,0.0,21.0,10.0,89.0,0.0,0.0,,,,,,,,,,,,,,,,,,,,,,,,,301.0,301.0,301.0,301.0,301.0
Michael Burton,2022,,RB,KAN,17.0,0.0,,,,,,5.0,7.0,0.0,3.0,2.0,11.0,0.0,0.0,,,,,,,,,,,,,,,,,,,,,,,,,301.0,301.0,301.0,301.0,301.0
Michael Carter,2022,,RB,NYJ,16.0,10.0,,,,,,114.0,402.0,3.0,54.0,41.0,288.0,0.0,2.0,,,,,,,,,,,,,,,,,,,,,,,,,124.0,119.0,115.0,110.0,117.0
Michael Dickson,2022,,P,SEA,17.0,0.0,,,,,,2.0,-18.0,0.0,0.0,0.0,0.0,0.0,1.0,,,,,,,,,,,,,,,,,,,,,,,,,301.0,301.0,301.0,301.0,301.0
Michael Gallup,2022,,WR,DAL,14.0,11.0,,,,,,0.0,0.0,0.0,74.0,39.0,424.0,4.0,0.0,,,,,,,,,,,,,,,,,,,,,,,,,140.0,143.0,149.0,125.0,139.3
Michael Pittman Jr.,2022,,WR,IND,16.0,16.0,,,,,,3.0,30.0,0.0,141.0,99.0,925.0,4.0,2.0,,,,,,,,,,,,,,,,,,,,,,,,,31.0,35.0,38.0,30.0,33.5
Michael Thomas,2022,,WR,NOR,3.0,3.0,,,,,,0.0,0.0,0.0,22.0,16.0,171.0,3.0,0.0,,,,,,,,,,,,,,,,,,,,,,,,,301.0,301.0,301.0,301.0,301.0
Michael Woods II,2022,,WR,CLE,10.0,0.0,,,,,,1.0,-5.0,0.0,10.0,5.0,45.0,0.0,0.0,,,,,,,,,,,,,,,,,,,,,,,,,301.0,301.0,301.0,301.0,301.0
Mike Boone,2022,,RB,DEN,9.0,0.0,,,,,,24.0,102.0,0.0,15.0,9.0,96.0,0.0,0.0,,,,,,,,,,,,,,,,,,,,,,,,,301.0,301.0,301.0,301.0,301.0
Mike Davis,2022,,RB,BAL,8.0,0.0,,,,,,8.0,18.0,0.0,2.0,2.0,4.0,0.0,1.0,,,,,,,,,,,,,,,,,,,,,,,,,301.0,301.0,301.0,177.0,177.0
Mike Evans,2022,,WR,TAM,15.0,15.0,,,,,,0.0,0.0,0.0,127.0,77.0,1124.0,6.0,0.0,,,,,,,,,,,,,,,,,,,,,,,,,27.0,26.0,26.0,28.0,26.8
Mike Gesicki,2022,,TE,MIA,17.0,1.0,,,,,,0.0,0.0,0.0,52.0,32.0,362.0,5.0,0.0,,,,,,,,,,,,,,,,,,,,,,,,,129.0,113.0,122.0,152.0,129.0
Mike Strachan,2022,,WR,IND,13.0,0.0,,,,,,0.0,0.0,0.0,9.0,3.0,59.0,0.0,0.0,,,,,,,,,,,,,,,,,,,,,,,,,301.0,301.0,301.0,301.0,301.0
Mike Thomas,2022,,WR,CIN,10.0,2.0,,,,,,0.0,0.0,0.0,10.0,2.0,38.0,0.0,0.0,,,,,,,,,,,,,,,,,,,,,,,,,301.0,301.0,301.0,301.0,301.0
Mike White,2022,,QB,NYJ,4.0,4.0,175.0,103.0,1192.0,3.0,4.0,6.0,9.0,1.0,0.0,0.0,0.0,0.0,2.0,,,,,,,,,,,,,,,,,,,,,,,,,301.0,301.0,301.0,301.0,301.0
Mike Williams,2022,,WR,LAC,13.0,13.0,,,,,,0.0,0.0,0.0,93.0,63.0,895.0,4.0,0.0,,,,,,,,,,,,,,,,,,,,,,,,,39.0,50.0,51.0,44.0,46.0
Miles Boykin,2022,,WR,PIT,16.0,1.0,,,,,,0.0,0.0,0.0,3.0,2.0,11.0,0.0,0.0,,,,,,,,,,,,,,,,,,,,,,,,,301.0,301.0,301.0,301.0,301.0
Miles Sanders,2022,,RB,PHI,17.0,15.0,,,,,,259.0,1269.0,11.0,26.0,20.0,78.0,0.0,2.0,,,,,,,,,,,,,,,,,,,,,,,,,76.0,78.0,103.0,81.0,84.5
Miller Forristall,2022,,TE,CLE,4.0,0.0,,,,,,0.0,0.0,0.0,1.0,0.0,0.0,0.0,0.0,,,,,,,,,,,,,,,,,,,,,,,,,301.0,301.0,301.0,301.0,301.0
Mitch Wishnowsky,2022,,P,SFO,17.0,0.0,,,,,,,,,,,,,,,,1.0,2.0,,,,,,,,,,,,,,,,,,,,,301.0,301.0,301.0,301.0,301.0
Mitchell Trubisky,2022,,QB,PIT,7.0,5.0,180.0,117.0,1252.0,4.0,5.0,19.0,38.0,2.0,0.0,0.0,0.0,0.0,0.0,,,,,,,,,,,,,,,,,,,,,,,,,220.0,301.0,247.0,266.0,244.3
Mitchell Wilcox,2022,,TE,CIN,16.0,4.0,,,,,,0.0,0.0,0.0,18.0,17.0,139.0,1.0,0.0,,,,,,,,,,,,,,,,,,,,,,,,,301.0,301.0,301.0,301.0,301.0
Mo Alie-Cox,2022,,TE,IND,17.0,11.0,,,,,,0.0,0.0,0.0,28.0,19.0,189.0,3.0,1.0,,,,,,,,,,,,,,,,,,,,,,,,,301.0,301.0,301.0,248.0,248.0
Montrell Washington,2022,,WR,DEN,15.0,1.0,,,,,,5.0,30.0,0.0,9.0,4.0,2.0,0.0,5.0,,,,,,,,,,,,,,,,,,,,,,,,,301.0,301.0,301.0,301.0,301.0
MyCole Pruitt,2022,,TE,ATL,13.0,4.0,,,,,,0.0,0.0,0.0,21.0,16.0,150.0,4.0,0.0,,,,,,,,,,,,,,,,,,,,,,,,,301.0,301.0,301.0,301.0,301.0
Myles Gaskin,2022,,RB,MIA,4.0,0.0,,,,,,10.0,26.0,0.0,6.0,4.0,28.0,0.0,0.0,,,,,,,,,,,,,,,,,,,,,,,,,301.0,301.0,194.0,206.0,200.0
N'Keal Harry,2022,,WR,CHI,7.0,0.0,,,,,,0.0,0.0,0.0,9.0,7.0,116.0,1.0,0.0,,,,,,,,,,,,,,,,,,,,,,,,,301.0,301.0,301.0,301.0,301.0
Najee Harris,2022,,RB,PIT,17.0,17.0,1.0,1.0,4.0,0.0,0.0,272.0,1034.0,7.0,53.0,41.0,229.0,3.0,3.0,,,,,,,,,,,,,,,,,,,,,,,,,8.0,8.0,10.0,6.0,8.0
Nate Sudfeld,2022,,QB,DET,2.0,0.0,0.0,0.0,0.0,0.0,0.0,5.0,-4.0,0.0,0.0,0.0,0.0,0.0,0.0,,,,,,,,,,,,,,,,,,,,,,,,,301.0,301.0,301.0,301.0,301.0
Nathan Peterman,2022,,QB,CHI,3.0,1.0,25.0,14.0,139.0,1.0,1.0,2.0,7.0,0.0,0.0,0.0,0.0,0.0,0.0,,,,,,,,,,,,,,,,,,,,,,,,,301.0,301.0,301.0,301.0,301.0
Nelson Agholor,2022,,WR,NWE,16.0,7.0,,,,,,0.0,0.0,0.0,53.0,31.0,362.0,2.0,2.0,,,,,,,,,,,,,,,,,,,,,,,,,301.0,301.0,283.0,301.0,283.0
Nick Bellore,2022,,LB,SEA,16.0,0.0,,,,,,1.0,3.0,0.0,0.0,0.0,0.0,0.0,0.0,,,,,,,,,,,,,,,,,,,,,,,,,301.0,301.0,301.0,301.0,301.0
Nick Chubb,2022,,RB,CLE,17.0,17.0,,,,,,302.0,1525.0,12.0,37.0,27.0,239.0,1.0,1.0,,,,,,,,,,,,,,,,,,,,,,,,,28.0,16.0,18.0,18.0,20.0
Nick Foles,2022,,QB,IND,3.0,2.0,42.0,25.0,224.0,0.0,4.0,2.0,8.0,0.0,0.0,0.0,0.0,0.0,0.0,,,,,,,,,,,,,,,,,,,,,,,,,301.0,301.0,301.0,301.0,301.0
Nick Folk,2022,,K,NWE,17.0,0.0,,,,,,,,,,,,,,32.0,37.0,32.0,35.0,,,,,,,,,,,,,,,,,,,,,141.0,166.0,132.0,249.0,172.0
Nick Mullens,2022,,QB,MIN,4.0,0.0,25.0,21.0,224.0,1.0,1.0,4.0,8.0,0.0,0.0,0.0,0.0,0.0,0.0,,,,,,,,,,,,,,,,,,,,,,,,,301.0,301.0,301.0,301.0,301.0
Nick Sciba,2022,,K,PIT,1.0,0.0,,,,,,,,,,,,,,2.0,2.0,1.0,1.0,,,,,,,,,,,,,,,,,,,,,301.0,301.0,301.0,301.0,301.0
Nick Vannett,2022,,TE,2TM,9.0,3.0,,,,,,0.0,0.0,0.0,9.0,6.0,55.0,0.0,0.0,,,,,,,,,,,,,,,,,,,,,,,,,301.0,301.0,301.0,301.0,301.0
Nick Westbrook-Ikhine,2022,,WR,TEN,17.0,13.0,,,,,,0.0,0.0,0.0,50.0,25.0,397.0,3.0,0.0,,,,,,,,,,,,,,,,,,,,,,,,,301.0,301.0,301.0,301.0,301.0
Nico Collins,2022,,WR,HOU,10.0,7.0,,,,,,0.0,0.0,0.0,66.0,37.0,481.0,2.0,0.0,,,,,,,,,,,,,,,,,,,,,,,,,209.0,205.0,268.0,173.0,213.8
Noah Brown,2022,,WR,DAL,16.0,13.0,,,,,,0.0,0.0,0.0,74.0,43.0,555.0,3.0,1.0,,,,,,,,,,,,,,,,,,,,,,,,,301.0,301.0,301.0,301.0,301.0
Noah Fant,2022,,TE,SEA,17.0,16.0,,,,,,0.0,0.0,0.0,63.0,50.0,486.0,4.0,0.0,,,,,,,,,,,,,,,,,,,,,,,,,153.0,191.0,160.0,153.0,164.3
Noah Gray,2022,,TE,KAN,17.0,8.0,,,,,,1.0,1.0,1.0,34.0,28.0,299.0,1.0,0.0,,,,,,,,,,,,,,,,,,,,,,,,,301.0,301.0,301.0,301.0,301.0
Noah Togiai,2022,,TE,PHI,2.0,0.0,,,,,,0.0,0.0,0.0,1.0,0.0,0.0,0.0,0.0,,,,,,,,,,,,,,,,,,,,,,,,,301.0,301.0,301.0,301.0,301.0
Nsimba Webster,2022,,WR,CHI,2.0,0.0,,,,,,0.0,0.0,0.0,3.0,2.0,14.0,0.0,1.0,,,,,,,,,,,,,,,,,,,,,,,,,301.0,301.0,301.0,301.0,301.0
Nyheim Hines,2022,,RB,2TM,16.0,5.0,,,,,,24.0,33.0,1.0,37.0,30.0,241.0,1.0,2.0,,,,,,,,,,,,,,,,,,,,,,,,,131.0,127.0,188.0,116.0,140.5
O.J. Howard,2022,,TE,HOU,13.0,10.0,,,,,,0.0,0.0,0.0,23.0,10.0,145.0,2.0,0.0,,,,,,,,,,,,,,,,,,,,,,,,,301.0,301.0,300.0,301.0,300.0
Olamide Zaccheaus,2022,,WR,ATL,17.0,13.0,,,,,,2.0,7.0,0.0,61.0,40.0,533.0,3.0,1.0,,,,,,,,,,,,,,,,,,,,,,,,,301.0,301.0,301.0,301.0,301.0
P.J. Walker,2022,,QB,CAR,6.0,5.0,106.0,63.0,731.0,3.0,3.0,6.0,39.0,0.0,0.0,0.0,0.0,0.0,0.0,,,,,,,,,,,,,,,,,,,,,,,,,301.0,301.0,301.0,301.0,301.0
Parker Hesse,2022,,TE,ATL,17.0,7.0,,,,,,0.0,0.0,0.0,11.0,9.0,89.0,0.0,0.0,,,,,,,,,,,,,,,,,,,,,,,,,301.0,301.0,301.0,301.0,301.0
Parris Campbell,2022,,WR,IND,17.0,16.0,,,,,,5.0,58.0,0.0,91.0,63.0,623.0,3.0,1.0,,,,,,,,,,,,,,,,,,,,,,,,,301.0,242.0,301.0,182.0,212.0
Pat Freiermuth,2022,,TE,PIT,16.0,8.0,,,,,,0.0,0.0,0.0,98.0,63.0,732.0,2.0,0.0,,,,,,,,,,,,,,,,,,,,,,,,,108.0,104.0,114.0,108.0,108.5
Patrick Mahomes,2022,,QB,KAN,17.0,17.0,648.0,435.0,5250.0,41.0,12.0,61.0,358.0,4.0,1.0,1.0,6.0,0.0,5.0,,,,,,,,,,,,,,,,,,,,,,,,,301.0,301.0,301.0,301.0,301.0
Patrick Ricard,2022,,FB,BAL,17.0,16.0,,,,,,7.0,16.0,0.0,13.0,11.0,74.0,0.0,0.0,,,,,,,,,,,,,,,,,,,,,,,,,301.0,301.0,301.0,301.0,301.0
Patrick Taylor,2022,,RB,GNB,14.0,0.0,,,,,,10.0,31.0,0.0,1.0,1.0,17.0,0.0,0.0,,,,,,,,,,,,,,,,,,,,,,,,,301.0,301.0,301.0,301.0,301.0
Penei Sewell,2022,,RT,DET,17.0,17.0,,,,,,0.0,0.0,0.0,1.0,1.0,9.0,0.0,0.0,,,,,,,,,,,,,,,,,,,,,,,,,301.0,301.0,301.0,301.0,301.0
Penny Hart,2022,,WR,SEA,9.0,0.0,,,,,,0.0,0.0,0.0,4.0,3.0,20.0,0.0,0.0,,,,,,,,,,,,,,,,,,,,,,,,,301.0,301.0,301.0,301.0,301.0
Peyton Hendershot,2022,,TE,DAL,17.0,2.0,,,,,,1.0,2.0,1.0,16.0,11.0,103.0,2.0,1.0,,,,,,,,,,,,,,,,,,,,,,,,,301.0,301.0,301.0,301.0,301.0
Pharaoh Brown,2022,,TE,2TM,16.0,8.0,,,,,,0.0,0.0,0.0,20.0,12.0,117.0,0.0,0.0,,,,,,,,,,,,,,,,,,,,,,,,,301.0,301.0,301.0,301.0,301.0
Pharoh Cooper,2022,,WR,ARI,5.0,1.0,,,,,,4.0,15.0,0.0,2.0,2.0,6.0,0.0,0.0,,,,,,,,,,,,,,,,,,,,,,,,,301.0,301.0,301.0,301.0,301.0
Phillip Dorsett,2022,,WR,HOU,15.0,4.0,1.0,0.0,0.0,0.0,0.0,0.0,0.0,0.0,40.0,20.0,257.0,1.0,0.0,,,,,,,,,,,,,,,,,,,,,,,,,301.0,301.0,301.0,301.0,301.0
Phillip Lindsay,2022,,RB,IND,3.0,0.0,,,,,,15.0,49.0,0.0,8.0,6.0,19.0,0.0,0.0,,,,,,,,,,,,,,,,,,,,,,,,,301.0,301.0,301.0,301.0,301.0
Pierre Strong,2022,,RB,NWE,15.0,0.0,,,,,,10.0,100.0,1.0,7.0,7.0,42.0,0.0,0.0,,,,,,,,,,,,,,,,,,,,,,,,,301.0,301.0,301.0,301.0,301.0
Player,2022,,Pos,Tm,,,,,,,,,,,,,,,,,,,,,,,,,,,,,,,,,,,,,,,,301.0,301.0,301.0,301.0,301.0
Quez Watkins,2022,,WR,PHI,17.0,8.0,,,,,,3.0,1.0,0.0,51.0,33.0,354.0,3.0,1.0,,,,,,,,,,,,,,,,,,,,,,,,,301.0,301.0,287.0,301.0,287.0
Quintez Cephus,2022,,WR,DET,4.0,1.0,,,,,,0.0,0.0,0.0,3.0,2.0,15.0,0.0,0.0,,,,,,,,,,,,,,,,,,,,,,,,,301.0,301.0,301.0,301.0,301.0
Quintin Morris,2022,,TE,BUF,14.0,1.0,,,,,,0.0,0.0,0.0,11.0,8.0,84.0,1.0,1.0,,,,,,,,,,,,,,,,,,,,,,,,,301.0,301.0,301.0,301.0,301.0
Racey McMath,2022,,WR,TEN,5.0,0.0,,,,,,1.0,4.0,0.0,8.0,2.0,40.0,0.0,0.0,,,,,,,,,,,,,,,,,,,,,,,,,301.0,301.0,301.0,301.0,301.0
Rachaad White,2022,,RB,TAM,17.0,8.0,,,,,,129.0,481.0,1.0,58.0,50.0,290.0,2.0,3.0,,,,,,,,,,,,,,,,,,,,,,,,,219.0,163.0,266.0,124.0,193.0
Raheem Blackshear,2022,,RB,CAR,13.0,1.0,,,,,,23.0,77.0,3.0,12.0,10.0,93.0,0.0,1.0,,,,,,,,,,,,,,,,,,,,,,,,,301.0,301.0,301.0,301.0,301.0
Raheem Mostert,2022,,RB,MIA,16.0,14.0,,,,,,181.0,891.0,3.0,42.0,31.0,202.0,2.0,1.0,,,,,,,,,,,,,,,,,,,,,,,,,134.0,182.0,145.0,118.0,144.8
Ramiz Ahmed,2022,,K,GNB,1.0,0.0,,,,,,,,,,,,,,,,,,,,,,,,,,,,,,,,,,,,,,301.0,301.0,301.0,301.0,301.0
Randall Cobb,2022,,WR,GNB,13.0,3.0,,,,,,0.0,0.0,0.0,50.0,34.0,417.0,1.0,1.0,,,,,,,,,,,,,,,,,,,,,,,,,301.0,227.0,222.0,301.0,224.5
Randy Bullock,2022,,K,TEN,15.0,0.0,,,,,,,,,,,,,,17.0,20.0,28.0,28.0,,,,,,,,,,,,,,,,,,,,,301.0,301.0,197.0,301.0,197.0
Rashaad Penny,2022,,RB,SEA,5.0,5.0,,,,,,57.0,346.0,2.0,5.0,4.0,16.0,0.0,1.0,,,,,,,,,,,,,,,,,,,,,,,,,301.0,301.0,301.0,301.0,301.0
Rashid Shaheed,2022,,WR,NOR,12.0,6.0,,,,,,4.0,57.0,1.0,34.0,28.0,488.0,2.0,1.0,,,,,,,,,,,,,,,,,,,,,,,,,301.0,301.0,301.0,301.0,301.0
Rashod Bateman,2022,,WR,BAL,6.0,5.0,,,,,,0.0,0.0,0.0,28.0,15.0,285.0,2.0,1.0,,,,,,,,,,,,,,,,,,,,,,,,,83.0,76.0,113.0,82.0,88.5
Ray-Ray McCloud,2022,,WR,SFO,17.0,2.0,,,,,,4.0,78.0,1.0,25.0,14.0,243.0,1.0,2.0,,,,,,,,,,,,,,,,,,,,,,,,,301.0,301.0,301.0,301.0,301.0
Reggie Bonnafon,2022,,LB,WAS,1.0,0.0,,,,,,3.0,8.0,0.0,0.0,0.0,0.0,0.0,0.0,,,,,,,,,,,,,,,,,,,,,,,,,301.0,301.0,301.0,301.0,301.0
Reggie Gilliam,2022,,FB,BUF,15.0,4.0,,,,,,0.0,0.0,0.0,10.0,8.0,69.0,1.0,0.0,,,,,,,,,,,,,,,,,,,,,,,,,301.0,301.0,301.0,301.0,301.0
Rex Burkhead,2022,,RB,HOU,16.0,0.0,1.0,0.0,0.0,0.0,0.0,26.0,80.0,0.0,51.0,37.0,204.0,1.0,0.0,,,,,,,,,,,,,,,,,,,,,,,,,216.0,301.0,269.0,218.0,234.3
Rhamondre Stevenson,2022,,RB,NWE,17.0,7.0,,,,,,210.0,1040.0,5.0,88.0,69.0,421.0,1.0,4.0,,,,,,,,,,,,,,,,,,,,,,,,,93.0,101.0,138.0,68.0,100.0
Richard Rodgers,2022,,TE,LAC,10.0,1.0,,,,,,0.0,0.0,0.0,4.0,1.0,4.0,0.0,0.0,,,,,,,,,,,,,,,,,,,,,,,,,301.0,301.0,301.0,301.0,301.0
Richie James,2022,,WR,NYG,17.0,4.0,,,,,,2.0,6.0,0.0,70.0,57.0,569.0,4.0,3.0,,,,,,,,,,,,,,,,,,,,,,,,,301.0,301.0,301.0,301.0,301.0
Riley Dixon,2022,,P,LAR,17.0,0.0,2.0,2.0,18.0,0.0,0.0,,,,,,,,,,,,,,,,,,,,,,,,,,,,,,,,,301.0,301.0,301.0,301.0,301.0
Riley Patterson,2022,,K,JAX,17.0,0.0,,,,,,,,,,,,,,30.0,35.0,36.0,37.0,,,,,,,,,,,,,,,,,,,,,301.0,301.0,301.0,301.0,301.0
River Cracraft,2022,,WR,MIA,11.0,0.0,,,,,,0.0,0.0,0.0,14.0,9.0,102.0,2.0,0.0,,,,,,,,,,,,,,,,,,,,,,,,,301.0,301.0,301.0,301.0,301.0
Robbie Chosen,2022,,WR,2TM,16.0,7.0,,,,,,0.0,0.0,0.0,44.0,20.0,282.0,1.0,1.0,,,,,,,,,,,,,,,,,,,,,,,,,169.0,218.0,246.0,201.0,208.5
Robbie Gould,2022,,K,SFO,17.0,0.0,,,,,,,,,,,,,,27.0,32.0,50.0,51.0,,,,,,,,,,,,,,,,,,,,,189.0,184.0,173.0,259.0,201.3
Robert Hunt,2022,,RG,MIA,17.0,17.0,,,,,,1.0,0.0,0.0,0.0,0.0,0.0,0.0,1.0,,,,,,,,,,,,,,,,,,,,,,,,,301.0,301.0,301.0,301.0,301.0
Robert Tonyan,2022,,TE,GNB,17.0,3.0,,,,,,0.0,0.0,0.0,67.0,53.0,470.0,2.0,0.0,,,,,,,,,,,,,,,,,,,,,,,,,201.0,179.0,180.0,151.0,177.8
Robert Woods,2022,,WR,TEN,17.0,15.0,,,,,,0.0,0.0,0.0,91.0,53.0,527.0,2.0,1.0,,,,,,,,,,,,,,,,,,,,,,,,,110.0,110.0,99.0,93.0,103.0
Rodrigo Blankenship,2022,,K,2TM,3.0,0.0,,,,,,,,,,,,,,4.0,5.0,4.0,5.0,,,,,,,,,,,,,,,,,,,,,213.0,180.0,214.0,251.0,214.5
Romeo Doubs,2022,,WR,GNB,13.0,7.0,,,,,,1.0,11.0,0.0,67.0,42.0,425.0,3.0,2.0,,,,,,,,,,,,,,,,,,,,,,,,,180.0,154.0,213.0,158.0,176.3
Ronald Jones II,2022,,RB,KAN,6.0,0.0,,,,,,17.0,70.0,1.0,1.0,1.0,22.0,0.0,0.0,,,,,,,,,,,,,,,,,,,,,,,,,301.0,198.0,156.0,219.0,191.0
Rondale Moore,2022,,WR,ARI,8.0,8.0,,,,,,6.0,-5.0,0.0,56.0,41.0,414.0,1.0,0.0,,,,,,,,,,,,,,,,,,,,,,,,,202.0,161.0,217.0,165.0,186.3
Ronnie Rivers,2022,,RB,LAR,8.0,1.0,,,,,,9.0,21.0,0.0,5.0,5.0,29.0,0.0,0.0,,,,,,,,,,,,,,,,,,,,,,,,,301.0,301.0,301.0,301.0,301.0
Ross Dwelley,2022,,TE,SFO,12.0,0.0,,,,,,0.0,0.0,0.0,5.0,3.0,105.0,1.0,0.0,,,,,,,,,,,,,,,,,,,,,,,,,301.0,301.0,301.0,301.0,301.0
Royce Freeman,2022,,RB,HOU,4.0,1.0,,,,,,41.0,117.0,0.0,8.0,6.0,33.0,0.0,1.0,,,,,,,,,,,,,,,,,,,,,,,,,301.0,301.0,301.0,301.0,301.0
Russell Gage,2022,,WR,TAM,13.0,4.0,,,,,,0.0,0.0,0.0,70.0,51.0,426.0,5.0,1.0,,,,,,,,,,,,,,,,,,,,,,,,,139.0,165.0,133.0,145.0,145.5
Russell Wilson,2022,,QB,DEN,15.0,15.0,483.0,292.0,3524.0,16.0,11.0,55.0,277.0,3.0,1.0,1.0,1.0,0.0,6.0,,,,,,,,,,,,,,,,,,,,,,,,,77.0,72.0,74.0,87.0,77.5
Ryan Griffin,2022,,TE,CHI,15.0,0.0,,,,,,0.0,0.0,0.0,8.0,4.0,26.0,0.0,0.0,,,,,,,,,,,,,,,,,,,,,,,,,301.0,301.0,301.0,301.0,301.0
Ryan Stonehouse,2022,,P,TEN,17.0,0.0,,,,,,,,,,,,,,,,,,,,,,,,,,,,,,,,,,,,,,301.0,301.0,301.0,301.0,301.0
Ryan Succop,2022,,K,TAM,17.0,0.0,,,,,,,,,,,,,,31.0,38.0,24.0,25.0,,,,,,,,,,,,,,,,,,,,,194.0,199.0,106.0,217.0,179.0
Ryan Tannehill,2022,,QB,TEN,12.0,12.0,325.0,212.0,2536.0,13.0,6.0,34.0,98.0,2.0,0.0,0.0,0.0,0.0,3.0,,,,,,,,,,,,,,,,,,,,,,,,,301.0,301.0,301.0,301.0,301.0
Ryan Wright,2022,,P,MIN,17.0,0.0,2.0,1.0,13.0,0.0,0.0,,,,,,,,,,,,,,,,,,,,,,,,,,,,,,,,,301.0,301.0,301.0,301.0,301.0
Salvon Ahmed,2022,,RB,MIA,12.0,0.0,,,,,,12.0,64.0,1.0,1.0,1.0,8.0,0.0,0.0,,,,,,,,,,,,,,,,,,,,,,,,,301.0,301.0,301.0,301.0,301.0
Sam Darnold,2022,,QB,CAR,6.0,6.0,140.0,82.0,1143.0,7.0,3.0,26.0,106.0,2.0,0.0,0.0,0.0,0.0,6.0,,,,,,,,,,,,,,,,,,,,,,,,,301.0,301.0,301.0,301.0,301.0
Sam Ehlinger,2022,,QB,IND,4.0,3.0,101.0,64.0,573.0,3.0,3.0,17.0,87.0,0.0,0.0,0.0,0.0,0.0,2.0,,,,,,,,,,,,,,,,,,,,,,,,,301.0,301.0,301.0,301.0,301.0
Sam Howell,2022,,QB,WAS,1.0,1.0,19.0,11.0,169.0,1.0,1.0,5.0,35.0,1.0,0.0,0.0,0.0,0.0,0.0,,,,,,,,,,,,,,,,,,,,,,,,,301.0,301.0,301.0,301.0,301.0
Sam Martin,2022,,P,BUF,16.0,0.0,,,,,,,,,,,,,,,,,,,,,,,,,,,,,,,,,,,,,,301.0,301.0,301.0,301.0,301.0
Samaje Perine,2022,,RB,CIN,16.0,2.0,,,,,,95.0,394.0,2.0,51.0,38.0,287.0,4.0,0.0,,,,,,,,,,,,,,,,,,,,,,,,,301.0,231.0,301.0,268.0,249.5
Sammy Watkins,2022,,WR,2TM,12.0,5.0,,,,,,0.0,0.0,0.0,27.0,16.0,325.0,0.0,1.0,,,,,,,,,,,,,,,,,,,,,,,,,226.0,183.0,224.0,235.0,217.0
Samori Toure,2022,,WR,GNB,11.0,2.0,,,,,,0.0,0.0,0.0,10.0,5.0,82.0,1.0,1.0,,,,,,,,,,,,,,,,,,,,,,,,,301.0,301.0,301.0,301.0,301.0
Saquon Barkley,2022,,RB,NYG,16.0,16.0,,,,,,295.0,1312.0,10.0,76.0,57.0,338.0,0.0,1.0,,,,,,,,,,,,,,,,,,,,,,,,,26.0,19.0,23.0,13.0,20.3
Scott Miller,2022,,WR,TAM,15.0,1.0,,,,,,1.0,8.0,0.0,40.0,23.0,185.0,0.0,0.0,,,,,,,,,,,,,,,,,,,,,,,,,301.0,301.0,301.0,301.0,301.0
Sean Chandler,2022,,S,CAR,17.0,0.0,,,,,,1.0,2.0,0.0,0.0,0.0,0.0,0.0,0.0,,,,,,,,,,,,,,,,,,,,,,,,,301.0,301.0,301.0,301.0,301.0
Sean McKeon,2022,,TE,DAL,13.0,0.0,,,,,,0.0,0.0,0.0,3.0,2.0,11.0,0.0,0.0,,,,,,,,,,,,,,,,,,,,,,,,,301.0,301.0,301.0,301.0,301.0
Shane Zylstra,2022,,TE,DET,13.0,2.0,,,,,,0.0,0.0,0.0,15.0,11.0,60.0,4.0,0.0,,,,,,,,,,,,,,,,,,,,,,,,,301.0,301.0,301.0,301.0,301.0
Shi Smith,2022,,WR,CAR,17.0,6.0,,,,,,0.0,0.0,0.0,41.0,22.0,296.0,2.0,4.0,,,,,,,,,,,,,,,,,,,,,,,,,301.0,301.0,301.0,301.0,301.0
Simi Fehoko,2022,,WR,DAL,5.0,0.0,,,,,,0.0,0.0,0.0,4.0,3.0,24.0,0.0,0.0,,,,,,,,,,,,,,,,,,,,,,,,,301.0,301.0,301.0,301.0,301.0
Skylar Thompson,2022,,QB,MIA,7.0,2.0,105.0,60.0,534.0,1.0,3.0,14.0,21.0,0.0,0.0,0.0,0.0,0.0,2.0,,,,,,,,,,,,,,,,,,,,,,,,,301.0,301.0,301.0,301.0,301.0
Skyy Moore,2022,,WR,KAN,16.0,3.0,,,,,,3.0,24.0,0.0,33.0,22.0,250.0,0.0,3.0,,,,,,,,,,,,,,,,,,,,,,,,,137.0,122.0,185.0,127.0,142.8
Snoop Conner,2022,,RB,JAX,8.0,0.0,,,,,,12.0,42.0,1.0,0.0,0.0,0.0,0.0,0.0,,,,,,,,,,,,,,,,,,,,,,,,,301.0,301.0,301.0,301.0,301.0
Sony Michel,2022,,RB,LAC,10.0,0.0,,,,,,36.0,106.0,0.0,13.0,9.0,53.0,0.0,0.0,,,,,,,,,,,,,,,,,,,,,,,,,301.0,240.0,301.0,240.0,240.0
Spencer Brown,2022,,RB,CAR,2.0,0.0,,,,,,9.0,43.0,0.0,4.0,2.0,10.0,0.0,0.0,,,,,,,,,,,,,,,,,,,,,,,,,301.0,301.0,301.0,301.0,301.0
Stanley Morgan Jr.,2022,,WR,CIN,14.0,0.0,,,,,,0.0,0.0,0.0,1.0,0.0,0.0,0.0,0.0,,,,,,,,,,,,,,,,,,,,,,,,,301.0,301.0,301.0,301.0,301.0
Stefon Diggs,2022,,WR,BUF,16.0,16.0,,,,,,1.0,-3.0,0.0,154.0,108.0,1429.0,11.0,1.0,,,,,,,,,,,,,,,,,,,,,,,,,13.0,11.0,12.0,14.0,12.5
Stephen Anderson,2022,,TE,ARI,16.0,0.0,,,,,,0.0,0.0,0.0,7.0,3.0,9.0,0.0,0.0,,,,,,,,,,,,,,,,,,,,,,,,,301.0,301.0,301.0,301.0,301.0
Stephen Sullivan,2022,,TE,CAR,14.0,0.0,,,,,,0.0,0.0,0.0,6.0,2.0,46.0,0.0,0.0,,,,,,,,,,,,,,,,,,,,,,,,,301.0,301.0,301.0,301.0,301.0
Sterling Shepard,2022,,WR,NYG,3.0,2.0,,,,,,0.0,0.0,0.0,24.0,13.0,154.0,1.0,0.0,,,,,,,,,,,,,,,,,,,,,,,,,301.0,301.0,298.0,265.0,281.5
Steven Sims,2022,,WR,PIT,12.0,2.0,,,,,,13.0,70.0,0.0,23.0,14.0,104.0,0.0,3.0,,,,,,,,,,,,,,,,,,,,,,,,,301.0,301.0,301.0,301.0,301.0
Stone Smartt,2022,,TE,LAC,7.0,1.0,,,,,,0.0,0.0,0.0,5.0,4.0,17.0,0.0,0.0,,,,,,,,,,,,,,,,,,,,,,,,,301.0,301.0,301.0,301.0,301.0
T.J. Hockenson,2022,,TE,2TM,17.0,14.0,,,,,,0.0,0.0,0.0,129.0,86.0,914.0,6.0,1.0,,,,,,,,,,,,,,,,,,,,,,,,,67.0,64.0,56.0,76.0,65.8
T.Y. Hilton,2022,,WR,DAL,3.0,0.0,,,,,,0.0,0.0,0.0,10.0,7.0,121.0,0.0,0.0,,,,,,,,,,,,,,,,,,,,,,,,,301.0,301.0,301.0,301.0,301.0
Tanner Conner,2022,,TE,MIA,13.0,0.0,,,,,,0.0,0.0,0.0,3.0,0.0,0.0,0.0,0.0,,,,,,,,,,,,,,,,,,,,,,,,,301.0,301.0,301.0,301.0,301.0
Tanner Gentry,2022,,WR,BUF,3.0,0.0,,,,,,0.0,0.0,0.0,1.0,0.0,0.0,0.0,0.0,,,,,,,,,,,,,,,,,,,,,,,,,301.0,301.0,301.0,301.0,301.0
Tanner Hudson,2022,,TE,NYG,11.0,0.0,,,,,,0.0,0.0,0.0,15.0,10.0,132.0,0.0,0.0,,,,,,,,,,,,,,,,,,,,,,,,,301.0,301.0,301.0,301.0,301.0
Taylor Bertolet,2022,,K,LAC,2.0,0.0,,,,,,,,,,,,,,3.0,3.0,6.0,6.0,,,,,,,,,,,,,,,,,,,,,301.0,301.0,301.0,301.0,301.0
Taylor Heinicke,2022,,QB,WAS,9.0,9.0,259.0,161.0,1859.0,12.0,6.0,28.0,96.0,1.0,0.0,0.0,0.0,0.0,7.0,,,,,,,,,,,,,,,,,,,,,,,,,301.0,301.0,301.0,301.0,301.0
Taysom Hill,2022,,TE/QB,NOR,16.0,8.0,19.0,13.0,240.0,2.0,0.0,96.0,575.0,7.0,13.0,9.0,77.0,2.0,2.0,,,,,,,,,,,,,,,,,,,,,,,,,205.0,207.0,201.0,253.0,216.5
Teagan Quitoriano,2022,,TE,HOU,9.0,6.0,,,,,,0.0,0.0,0.0,14.0,7.0,113.0,2.0,0.0,,,,,,,,,,,,,,,,,,,,,,,,,301.0,301.0,301.0,301.0,301.0
Teddy Bridgewater,2022,,QB,MIA,5.0,2.0,79.0,49.0,683.0,4.0,4.0,3.0,27.0,0.0,0.0,0.0,0.0,0.0,0.0,,,,,,,,,,,,,,,,,,,,,,,,,301.0,301.0,301.0,301.0,301.0
Tee Higgins,2022,,WR,CIN,16.0,14.0,,,,,,0.0,0.0,0.0,109.0,74.0,1029.0,7.0,0.0,,,,,,,,,,,,,,,,,,,,,,,,,30.0,33.0,35.0,37.0,33.8
Terrace Marshall Jr.,2022,,WR,CAR,14.0,9.0,,,,,,0.0,0.0,0.0,47.0,28.0,490.0,1.0,2.0,,,,,,,,,,,,,,,,,,,,,,,,,301.0,301.0,301.0,301.0,301.0
Terry McLaurin,2022,,WR,WAS,17.0,17.0,,,,,,7.0,29.0,0.0,120.0,77.0,1191.0,5.0,1.0,,,,,,,,,,,,,,,,,,,,,,,,,37.0,38.0,42.0,47.0,41.0
Tevin Coleman,2022,,RB,SFO,5.0,0.0,,,,,,12.0,26.0,1.0,3.0,3.0,44.0,1.0,0.0,,,,,,,,,,,,,,,,,,,,,,,,,301.0,301.0,301.0,301.0,301.0
Thomas Morstead,2022,,P,MIA,17.0,0.0,,,,,,,,,,,,,,,,,,,,,,,,,,,,,,,,,,,,,,301.0,301.0,301.0,301.0,301.0
Tim Boyle,2022,,QB,CHI,1.0,0.0,8.0,2.0,33.0,0.0,2.0,2.0,-2.0,0.0,0.0,0.0,0.0,0.0,0.0,,,,,,,,,,,,,,,,,,,,,,,,,301.0,301.0,301.0,301.0,301.0
Tim Jones,2022,,WR,JAX,17.0,1.0,,,,,,0.0,0.0,0.0,4.0,3.0,30.0,0.0,0.0,,,,,,,,,,,,,,,,,,,,,,,,,301.0,301.0,301.0,301.0,301.0
Tom Brady,2022,,QB,TAM,17.0,17.0,733.0,490.0,4694.0,25.0,9.0,29.0,-1.0,1.0,1.0,0.0,0.0,0.0,5.0,,,,,,,,,,,,,,,,,,,,,,,,,64.0,74.0,66.0,84.0,72.0
Tom Kennedy,2022,,WR,DET,7.0,1.0,,,,,,0.0,0.0,0.0,15.0,8.0,141.0,0.0,0.0,,,,,,,,,,,,,,,,,,,,,,,,,301.0,301.0,301.0,301.0,301.0
Tommy Sweeney,2022,,TE,BUF,5.0,0.0,,,,,,0.0,0.0,0.0,1.0,1.0,7.0,0.0,0.0,,,,,,,,,,,,,,,,,,,,,,,,,301.0,301.0,301.0,301.0,301.0
Tommy Townsend,2022,,P,KAN,17.0,0.0,1.0,0.0,0.0,0.0,0.0,,,,,,,,,,,,,,,,,,,,,,,,,,,,,,,,,301.0,301.0,301.0,301.0,301.0
Tommy Tremble,2022,,TE,CAR,17.0,4.0,,,,,,0.0,0.0,0.0,32.0,19.0,174.0,3.0,1.0,,,,,,,,,,,,,,,,,,,,,,,,,301.0,301.0,301.0,301.0,301.0
Tony Jones,2022,,RB,2TM,6.0,0.0,,,,,,10.0,24.0,0.0,8.0,5.0,30.0,0.0,0.0,,,,,,,,,,,,,,,,,,,,,,,,,301.0,301.0,301.0,301.0,301.0
Tony Pollard,2022,,RB,DAL,16.0,4.0,,,,,,193.0,1007.0,9.0,55.0,39.0,371.0,3.0,0.0,,,,,,,,,,,,,,,,,,,,,,,,,95.0,84.0,94.0,71.0,86.0
Trace McSorley,2022,,QB,ARI,6.0,1.0,83.0,45.0,412.0,0.0,5.0,15.0,61.0,0.0,0.0,0.0,0.0,0.0,2.0,,,,,,,,,,,,,,,,,,,,,,,,,301.0,301.0,301.0,301.0,301.0
Travis Etienne,2022,,RB,JAX,17.0,12.0,,,,,,220.0,1125.0,5.0,45.0,35.0,316.0,0.0,5.0,,,,,,,,,,,,,,,,,,,,,,,,,301.0,301.0,301.0,301.0,301.0
Travis Homer,2022,,RB,SEA,10.0,1.0,,,,,,19.0,74.0,0.0,18.0,16.0,157.0,1.0,1.0,,,,,,,,,,,,,,,,,,,,,,,,,301.0,301.0,301.0,301.0,301.0
Travis Kelce,2022,,TE,KAN,17.0,17.0,,,,,,2.0,5.0,0.0,152.0,110.0,1338.0,12.0,1.0,,,,,,,,,,,,,,,,,,,,,,,,,17.0,13.0,13.0,17.0,15.0
Trayveon Williams,2022,,RB,CIN,8.0,0.0,,,,,,6.0,30.0,0.0,3.0,2.0,30.0,0.0,0.0,,,,,,,,,,,,,,,,,,,,,,,,,301.0,301.0,301.0,301.0,301.0
Tre' McKitty,2022,,TE,LAC,17.0,8.0,,,,,,0.0,0.0,0.0,18.0,10.0,72.0,0.0,1.0,,,,,,,,,,,,,,,,,,,,,,,,,301.0,301.0,301.0,301.0,301.0
Tre'Quan Smith,2022,,WR,NOR,15.0,6.0,,,,,,0.0,0.0,0.0,27.0,19.0,278.0,1.0,0.0,,,,,,,,,,,,,,,,,,,,,,,,,301.0,301.0,301.0,301.0,301.0
Trent Sherfield,2022,,WR,MIA,17.0,4.0,,,,,,0.0,0.0,0.0,51.0,30.0,417.0,2.0,0.0,,,,,,,,,,,,,,,,,,,,,,,,,301.0,301.0,301.0,301.0,301.0
Trent Taylor,2022,,WR,CIN,16.0,1.0,,,,,,4.0,15.0,0.0,10.0,6.0,62.0,0.0,2.0,,,,,,,,,,,,,,,,,,,,,,,,,301.0,301.0,301.0,301.0,301.0
Trenton Gill,2022,,P,CHI,17.0,0.0,,,,,,,,,,,,,,,,,,,,,,,,,,,,,,,,,,,,,,301.0,301.0,301.0,301.0,301.0
Trenton Irwin,2022,,WR,CIN,9.0,2.0,,,,,,1.0,11.0,0.0,23.0,15.0,231.0,4.0,0.0,,,,,,,,,,,,,,,,,,,,,,,,,301.0,301.0,301.0,301.0,301.0
Tress Way*,2022,,P,WAS,17.0,0.0,,,,,,,,,,,,,,,,,,,,,,,,,,,,,,,,,,,,,,301.0,301.0,301.0,301.0,301.0
Trestan Ebner,2022,,RB,CHI,17.0,0.0,,,,,,24.0,54.0,0.0,8.0,2.0,8.0,0.0,2.0,,,,,,,,,,,,,,,,,,,,,,,,,301.0,301.0,301.0,301.0,301.0
Trevon Wesco,2022,,TE,CHI,14.0,1.0,,,,,,0.0,0.0,0.0,4.0,2.0,26.0,0.0,0.0,,,,,,,,,,,,,,,,,,,,,,,,,301.0,301.0,301.0,301.0,301.0
Trevor Lawrence,2022,,QB,JAX,17.0,17.0,584.0,387.0,4113.0,25.0,8.0,62.0,291.0,5.0,0.0,0.0,0.0,0.0,12.0,,,,,,,,,,,,,,,,,,,,,,,,,142.0,168.0,169.0,141.0,155.0
Trevor Siemian,2022,,QB,CHI,2.0,1.0,26.0,15.0,184.0,1.0,1.0,4.0,8.0,0.0,0.0,0.0,0.0,0.0,0.0,,,,,,,,,,,,,,,,,,,,,,,,,301.0,301.0,301.0,301.0,301.0
Trey Lance,2022,,QB,SFO,2.0,2.0,31.0,15.0,194.0,0.0,1.0,16.0,67.0,0.0,0.0,0.0,0.0,0.0,1.0,,,,,,,,,,,,,,,,,,,,,,,,,104.0,107.0,86.0,109.0,101.5
Trey McBride,2022,,TE,ARI,16.0,13.0,,,,,,0.0,0.0,0.0,39.0,29.0,265.0,1.0,1.0,,,,,,,,,,,,,,,,,,,,,,,,,301.0,301.0,301.0,301.0,301.0
Trey Sermon,2022,,RB,PHI,2.0,0.0,,,,,,2.0,19.0,0.0,0.0,0.0,0.0,0.0,0.0,,,,,,,,,,,,,,,,,,,,,,,,,301.0,301.0,296.0,301.0,296.0
Treylon Burks,2022,,WR,TEN,11.0,6.0,,,,,,4.0,47.0,0.0,54.0,33.0,444.0,1.0,0.0,,,,,,,,,,,,,,,,,,,,,,,,,143.0,108.0,159.0,117.0,131.8
Tristan Vizcaino,2022,,K,2TM,3.0,0.0,,,,,,,,,,,,,,2.0,2.0,3.0,3.0,,,,,,,,,,,,,,,,,,,,,301.0,301.0,301.0,301.0,301.0
Troy Hairston,2022,,TE,HOU,16.0,5.0,,,,,,0.0,0.0,0.0,8.0,5.0,19.0,0.0,0.0,,,,,,,,,,,,,,,,,,,,,,,,,301.0,301.0,301.0,301.0,301.0
Tua Tagovailoa,2022,,QB,MIA,13.0,13.0,400.0,259.0,3548.0,25.0,8.0,23.0,70.0,0.0,0.0,0.0,0.0,0.0,6.0,,,,,,,,,,,,,,,,,,,,,,,,,135.0,149.0,141.0,137.0,140.5
Tutu Atwell,2022,,WR,LAR,13.0,4.0,,,,,,9.0,34.0,1.0,35.0,18.0,298.0,1.0,0.0,,,,,,,,,,,,,,,,,,,,,,,,,301.0,301.0,301.0,301.0,301.0
Ty Chandler,2022,,RB,MIN,3.0,0.0,,,,,,6.0,20.0,0.0,0.0,0.0,0.0,0.0,0.0,,,,,,,,,,,,,,,,,,,,,,,,,301.0,301.0,301.0,301.0,301.0
Ty Johnson,2022,,RB,NYJ,17.0,1.0,,,,,,30.0,160.0,1.0,24.0,12.0,88.0,0.0,0.0,,,,,,,,,,,,,,,,,,,,,,,,,301.0,301.0,301.0,301.0,301.0
Ty Montgomery,2022,,WR,NWE,1.0,0.0,,,,,,2.0,-2.0,0.0,4.0,3.0,15.0,1.0,0.0,,,,,,,,,,,,,,,,,,,,,,,,,301.0,301.0,301.0,301.0,301.0
Ty'Son Williams,2022,,RB,ARI,1.0,0.0,,,,,,0.0,0.0,0.0,1.0,1.0,5.0,0.0,0.0,,,,,,,,,,,,,,,,,,,,,,,,,301.0,301.0,301.0,301.0,301.0
Tylan Wallace,2022,,WR,BAL,9.0,0.0,,,,,,0.0,0.0,0.0,7.0,4.0,33.0,0.0,0.0,,,,,,,,,,,,,,,,,,,,,,,,,301.0,301.0,301.0,301.0,301.0
Tyler Allgeier,2022,,RB,ATL,16.0,7.0,,,,,,210.0,1035.0,3.0,17.0,16.0,139.0,1.0,0.0,,,,,,,,,,,,,,,,,,,,,,,,,185.0,167.0,265.0,128.0,186.3
Tyler Badie,2022,,RB,DEN,1.0,0.0,,,,,,1.0,0.0,0.0,1.0,1.0,24.0,1.0,0.0,,,,,,,,,,,,,,,,,,,,,,,,,301.0,301.0,301.0,301.0,301.0
Tyler Bass,2022,,K,BUF,16.0,0.0,,,,,,,,,,,,,,27.0,31.0,48.0,50.0,,,,,,,,,,,,,,,,,,,,,144.0,138.0,90.0,159.0,132.8
Tyler Boyd,2022,,WR,CIN,16.0,14.0,1.0,1.0,23.0,0.0,0.0,0.0,0.0,0.0,82.0,58.0,762.0,5.0,0.0,,,,,,,,,,,,,,,,,,,,,,,,,126.0,128.0,166.0,131.0,137.8
Tyler Conklin,2022,,TE,NYJ,17.0,16.0,,,,,,2.0,3.0,0.0,87.0,58.0,552.0,3.0,2.0,,,,,,,,,,,,,,,,,,,,,,,,,301.0,301.0,250.0,301.0,250.0
Tyler Davis,2022,,TE,GNB,17.0,1.0,,,,,,0.0,0.0,0.0,7.0,4.0,26.0,0.0,0.0,,,,,,,,,,,,,,,,,,,,,,,,,301.0,301.0,301.0,301.0,301.0
Tyler Higbee,2022,,TE,LAR,17.0,17.0,,,,,,0.0,0.0,0.0,108.0,72.0,620.0,3.0,0.0,,,,,,,,,,,,,,,,,,,,,,,,,152.0,148.0,129.0,192.0,155.3
Tyler Huntley,2022,,QB,BAL,6.0,4.0,112.0,75.0,658.0,2.0,3.0,43.0,137.0,1.0,0.0,0.0,0.0,0.0,3.0,,,,,,,,,,,,,,,,,,,,,,,,,301.0,301.0,301.0,301.0,301.0
Tyler Kroft,2022,,TE,SFO,11.0,4.0,,,,,,0.0,0.0,0.0,5.0,4.0,57.0,0.0,0.0,,,,,,,,,,,,,,,,,,,,,,,,,301.0,301.0,301.0,301.0,301.0
Tyler Lockett,2022,,WR,SEA,16.0,16.0,,,,,,0.0,0.0,0.0,117.0,84.0,1033.0,9.0,2.0,,,,,,,,,,,,,,,,,,,,,,,,,90.0,99.0,83.0,114.0,96.5
Tyler Mabry,2022,,TE,SEA,2.0,0.0,,,,,,0.0,0.0,0.0,1.0,1.0,7.0,1.0,0.0,,,,,,,,,,,,,,,,,,,,,,,,,301.0,301.0,301.0,301.0,301.0
Tyquan Thornton,2022,,WR,NWE,13.0,9.0,,,,,,3.0,16.0,1.0,45.0,22.0,247.0,2.0,0.0,,,,,,,,,,,,,,,,,,,,,,,,,301.0,301.0,301.0,301.0,301.0
Tyreek Hill,2022,,WR,MIA,17.0,17.0,,,,,,7.0,32.0,1.0,170.0,119.0,1710.0,7.0,1.0,,,,,,,,,,,,,,,,,,,,,,,,,16.0,20.0,20.0,23.0,19.8
Tyrie Cleveland,2022,,WR,DEN,6.0,0.0,,,,,,0.0,0.0,0.0,7.0,2.0,28.0,0.0,0.0,,,,,,,,,,,,,,,,,,,,,,,,,301.0,301.0,301.0,301.0,301.0
Tyrion Davis-Price,2022,,RB,SFO,6.0,0.0,,,,,,34.0,99.0,0.0,2.0,0.0,0.0,0.0,0.0,,,,,,,,,,,,,,,,,,,,,,,,,301.0,216.0,301.0,207.0,211.5
Tyrod Taylor,2022,,QB,NYG,3.0,0.0,8.0,6.0,58.0,1.0,1.0,5.0,70.0,0.0,0.0,0.0,0.0,0.0,2.0,,,,,,,,,,,,,,,,,,,,,,,,,301.0,301.0,301.0,301.0,301.0
Tyron Johnson,2022,,WR,HOU,2.0,1.0,,,,,,0.0,0.0,0.0,1.0,1.0,8.0,0.0,0.0,,,,,,,,,,,,,,,,,,,,,,,,,301.0,301.0,301.0,301.0,301.0
Van Jefferson,2022,,WR,LAR,11.0,9.0,,,,,,0.0,0.0,0.0,44.0,24.0,369.0,3.0,0.0,,,,,,,,,,,,,,,,,,,,,,,,,301.0,233.0,152.0,267.0,217.3
Velus Jones Jr.,2022,,WR,CHI,12.0,2.0,,,,,,9.0,103.0,1.0,14.0,7.0,107.0,1.0,3.0,,,,,,,,,,,,,,,,,,,,,,,,,301.0,301.0,301.0,301.0,301.0
Wan'Dale Robinson,2022,,WR,NYG,6.0,3.0,,,,,,2.0,-1.0,0.0,31.0,23.0,227.0,1.0,0.0,,,,,,,,,,,,,,,,,,,,,,,,,301.0,208.0,279.0,187.0,224.7
Wil Lutz,2022,,K,NOR,17.0,0.0,,,,,,,,,,,,,,23.0,31.0,33.0,33.0,,,,,,,,,,,,,,,,,,,,,215.0,203.0,210.0,221.0,212.3
Will Dissly,2022,,TE,SEA,15.0,15.0,,,,,,0.0,0.0,0.0,38.0,34.0,349.0,3.0,0.0,,,,,,,,,,,,,,,,,,,,,,,,,301.0,301.0,301.0,301.0,301.0
Younghoe Koo,2022,,K,ATL,17.0,0.0,,,,,,,,,,,,,,32.0,37.0,33.0,35.0,,,,,,,,,,,,,,,,,,,,,179.0,152.0,80.0,255.0,166.5
Zach Ertz,2022,,TE,ARI,10.0,10.0,,,,,,0.0,0.0,0.0,69.0,47.0,406.0,4.0,0.0,,,,,,,,,,,,,,,,,,,,,,,,,86.0,83.0,85.0,101.0,88.8
Zach Gentry,2022,,TE,PIT,17.0,13.0,,,,,,0.0,0.0,0.0,23.0,19.0,132.0,0.0,0.0,,,,,,,,,,,,,,,,,,,,,,,,,301.0,301.0,301.0,301.0,301.0
Zach Pascal,2022,,WR,PHI,17.0,2.0,,,,,,1.0,0.0,0.0,19.0,15.0,150.0,1.0,0.0,,,,,,,,,,,,,,,,,,,,,,,,,301.0,301.0,301.0,301.0,301.0
Zach Wilson,2022,,QB,NYJ,9.0,9.0,242.0,132.0,1688.0,6.0,7.0,28.0,102.0,1.0,1.0,1.0,2.0,1.0,1.0,,,,,,,,,,,,,,,,,,,,,,,,,218.0,238.0,236.0,264.0,239.0
Zack Moss,2022,,RB,2TM,13.0,3.0,,,,,,93.0,456.0,1.0,13.0,11.0,39.0,0.0,1.0,,,,,,,,,,,,,,,,,,,,,,,,,301.0,301.0,235.0,278.0,256.5
Zamir White,2022,,RB,LVR,14.0,0.0,,,,,,17.0,70.0,0.0,0.0,0.0,0.0,0.0,0.0,,,,,,,,,,,,,,,,,,,,,,,,,225.0,178.0,252.0,150.0,201.3
Zander Horvath,2022,,FB,LAC,15.0,2.0,,,,,,4.0,8.0,0.0,8.0,5.0,8.0,2.0,0.0,,,,,,,,,,,,,,,,,,,,,,,,,301.0,301.0,301.0,301.0,301.0
Zay Jones,2022,,WR,JAX,16.0,15.0,,,,,,4.0,18.0,0.0,121.0,82.0,823.0,5.0,0.0,,,,,,,,,,,,,,,,,,,,,,,,,301.0,301.0,301.0,254.0,254.0
Zonovan Knight,2022,,RB,NYJ,7.0,4.0,,,,,,85.0,300.0,1.0,14.0,13.0,100.0,0.0,2.0,,,,,,,,,,,,,,,,,,,,,,,,,301.0,301.0,301.0,301.0,301.0
San Francisco 49ers DST,2022,,DEF,SFO,17.0,17.0,,,,,,,,,,,,,,,,,,5110.0,1026.0,30.0,291.0,3789.0,20.0,1321.0,11.0,96.0,832.0,26.0,25.7,15.3,44.0,20.0,10.0,13.0,0.0,0.0,27.0,121.0,121.0,91.0,142.0,118.8
Buffalo Bills DST,2022,,DEF,BUF,16.0,16.0,,,,,,,,,,,,,,,,,,5106.0,997.0,27.0,313.0,3433.0,21.0,1673.0,10.0,89.0,754.0,29.0,31.0,14.3,40.0,17.0,10.0,10.0,2.0,2.0,17.0,80.0,94.0,65.0,129.0,92.0
Baltimore Ravens DST,2022,,DEF,BAL,17.0,17.0,,,,,,,,,,,,,,,,,,5513.0,1047.0,25.0,323.0,3947.0,20.0,1566.0,11.0,79.0,650.0,26.0,35.8,13.9,48.0,14.0,11.0,14.0,0.0,1.0,18.0,119.0,125.0,171.0,224.0,159.8
New York Jets DST,2022,,DEF,NYJ,17.0,17.0,,,,,,,,,,,,,,,,,,5288.0,1093.0,16.0,310.0,3220.0,15.0,2068.0,14.0,90.0,707.0,27.0,32.3,8.3,45.0,12.0,4.0,9.0,2.0,1.0,16.0,301.0,301.0,272.0,301.0,272.0
Cincinnati Bengals DST,2022,,DEF,CIN,16.0,16.0,,,,,,,,,,,,,,,,,,5371.0,996.0,24.0,295.0,3665.0,17.0,1706.0,12.0,100.0,832.0,20.0,36.4,13.1,30.0,13.0,11.0,13.0,0.0,0.0,12.0,195.0,221.0,189.0,277.0,220.5
Dallas Cowboys DST,2022,,DEF,DAL,17.0,17.0,,,,,,,,,,,,,,,,,,5613.0,1101.0,33.0,327.0,3415.0,23.0,2198.0,9.0,98.0,851.0,34.0,33.5,16.2,54.0,16.0,17.0,21.0,0.0,0.0,14.0,130.0,139.0,108.0,178.0,138.8
Washington Commanders DST,2022,,DEF,WAS,17.0,17.0,,,,,,,,,,,,,,,,,,5178.0,998.0,18.0,286.0,3252.0,26.0,1926.0,10.0,85.0,707.0,29.0,31.5,7.6,43.0,9.0,9.0,7.0,1.0,0.0,8.0,193.0,301.0,239.0,263.0,231.7
Philadelphia Eagles DST,2022,,DEF,PHI,17.0,17.0,,,,,,,,,,,,,,,,,,5125.0,1072.0,27.0,325.0,3057.0,22.0,2068.0,15.0,95.0,798.0,24.0,32.4,15.1,70.0,17.0,10.0,15.0,0.0,0.0,12.0,172.0,200.0,179.0,238.0,197.3
New Orleans Saints DST,2022,,DEF,NOR,17.0,17.0,,,,,,,,,,,,,,,,,,5352.0,1076.0,14.0,319.0,3134.0,17.0,2218.0,14.0,92.0,798.0,38.0,34.8,7.1,48.0,7.0,7.0,11.0,0.0,0.0,12.0,105.0,144.0,123.0,169.0,135.3
Pittsburgh Steelers DST,2022,,DEF,PIT,17.0,17.0,,,,,,,,,,,,,,,,,,5617.0,1024.0,23.0,314.0,3779.0,29.0,1838.0,7.0,96.0,717.0,23.0,37.3,13.0,40.0,20.0,3.0,9.0,0.0,0.0,6.0,147.0,176.0,148.0,228.0,174.8
New England Patriots DST,2022,,DEF,NWE,17.0,17.0,,,,,,,,,,,,,,,,,,5474.0,1091.0,30.0,314.0,3681.0,28.0,1793.0,7.0,89.0,699.0,30.0,30.5,14.2,54.0,19.0,11.0,15.0,0.0,1.0,10.0,181.0,181.0,105.0,197.0,166.0
Jacksonville Jaguars DST,2022,,DEF,JAX,17.0,17.0,,,,,,,,,,,,,,,,,,6006.0,1106.0,27.0,350.0,4055.0,25.0,1951.0,14.0,90.0,683.0,25.0,36.1,14.4,35.0,14.0,13.0,16.0,0.0,0.0,12.0,301.0,301.0,290.0,301.0,290.0
Tampa Bay Buccaneers DST,2022,,DEF,TAM,17.0,17.0,,,,,,,,,,,,,,,,,,5513.0,1073.0,20.0,314.0,3461.0,29.0,2052.0,12.0,97.0,863.0,25.0,33.0,10.2,44.0,10.0,10.0,14.0,0.0,0.0,6.0,107.0,112.0,96.0,134.0,112.3
Denver Broncos DST,2022,,DEF,DEN,17.0,17.0,,,,,,,,,,,,,,,,,,5440.0,1079.0,23.0,324.0,3574.0,20.0,1866.0,12.0,106.0,922.0,35.0,35.9,10.6,36.0,15.0,8.0,15.0,1.0,0.0,9.0,184.0,157.0,165.0,170.0,169.0
Tennessee Titans DST,2022,,DEF,TEN,17.0,17.0,,,,,,,,,,,,,,,,,,5978.0,1100.0,20.0,339.0,4671.0,29.0,1307.0,9.0,115.0,836.0,31.0,33.9,10.6,39.0,14.0,6.0,11.0,0.0,0.0,4.0,301.0,222.0,183.0,261.0,222.0
Kansas City Chiefs DST,2022,,DEF,KAN,17.0,17.0,,,,,,,,,,,,,,,,,,5579.0,1093.0,20.0,337.0,3756.0,33.0,1823.0,10.0,98.0,734.0,28.0,35.9,10.3,55.0,11.0,9.0,11.0,1.0,0.0,5.0,206.0,301.0,151.0,193.0,183.3
Green Bay Packers DST,2022,,DEF,GNB,17.0,17.0,,,,,,,,,,,,,,,,,,5721.0,991.0,24.0,321.0,3349.0,22.0,2372.0,18.0,100.0,916.0,29.0,38.2,13.9,34.0,17.0,7.0,11.0,1.0,1.0,7.0,100.0,146.0,130.0,194.0,142.5
New York Giants DST,2022,,DEF,NYG,17.0,17.0,,,,,,,,,,,,,,,,,,6089.0,1078.0,19.0,370.0,3638.0,21.0,2451.0,16.0,111.0,819.0,36.0,39.8,8.8,41.0,6.0,13.0,18.0,0.0,0.0,2.0,301.0,301.0,262.0,301.0,262.0
Carolina Panthers DST,2022,,DEF,CAR,17.0,17.0,,,,,,,,,,,,,,,,,,5953.0,1103.0,17.0,346.0,3868.0,25.0,2085.0,17.0,105.0,866.0,27.0,34.2,8.3,35.0,10.0,7.0,7.0,0.0,0.0,5.0,301.0,301.0,228.0,274.0,251.0
Cleveland Browns DST,2022,,DEF,CLE,17.0,17.0,,,,,,,,,,,,,,,,,,5631.0,1041.0,20.0,329.0,3336.0,20.0,2295.0,22.0,88.0,714.0,34.0,38.5,10.2,34.0,11.0,9.0,10.0,0.0,1.0,4.0,188.0,201.0,199.0,204.0,198.0
Los Angeles Chargers DST,2022,,DEF,LAC,17.0,17.0,,,,,,,,,,,,,,,,,,5884.0,1002.0,24.0,318.0,3406.0,24.0,2478.0,17.0,80.0,762.0,24.0,37.2,11.2,40.0,14.0,10.0,13.0,1.0,0.0,1.0,150.0,129.0,120.0,196.0,148.8
Los Angeles Rams DST,2022,,DEF,LAR,17.0,17.0,,,,,,,,,,,,,,,,,,5798.0,1049.0,22.0,331.0,3842.0,23.0,1956.0,12.0,82.0,691.0,22.0,41.0,12.1,38.0,16.0,6.0,9.0,0.0,0.0,6.0,161.0,106.0,87.0,162.0,129.0
Atlanta Falcons DST,2022,,DEF,ATL,17.0,17.0,,,,,,,,,,,,,,,,,,6156.0,1082.0,17.0,351.0,3942.0,26.0,2214.0,15.0,100.0,804.0,15.0,43.5,10.0,21.0,10.0,7.0,8.0,1.0,2.0,-2.0,301.0,301.0,301.0,301.0,301.0
Miami Dolphins DST,2022,,DEF,MIA,17.0,17.0,,,,,,,,,,,,,,,,,,5743.0,1086.0,14.0,336.0,3992.0,27.0,1751.0,15.0,84.0,799.0,38.0,37.5,7.6,40.0,8.0,6.0,14.0,1.0,1.0,2.0,158.0,220.0,104.0,195.0,169.3
Seattle Seahawks DST,2022,,DEF,SEA,17.0,17.0,,,,,,,,,,,,,,,,,,6149.0,1117.0,25.0,347.0,3595.0,23.0,2554.0,21.0,98.0,818.0,29.0,37.2,12.2,45.0,14.0,11.0,15.0,0.0,1.0,-1.0,301.0,301.0,256.0,301.0,256.0
Las Vegas Raiders DST,2022,,DEF,LVR,17.0,17.0,,,,,,,,,,,,,,,,,,6216.0,1077.0,13.0,360.0,4129.0,25.0,2087.0,20.0,93.0,758.0,28.0,40.8,7.3,27.0,6.0,7.0,10.0,0.0,0.0,-2.0,301.0,301.0,207.0,301.0,207.0
Houston Texans DST,2022,,DEF,HOU,17.0,17.0,,,,,,,,,,,,,,,,,,6452.0,1134.0,27.0,372.0,3558.0,15.0,2894.0,25.0,95.0,773.0,26.0,35.2,11.9,39.0,16.0,11.0,9.0,1.0,0.0,-2.0,301.0,301.0,276.0,301.0,276.0
Minnesota Vikings DST,2022,,DEF,MIN,17.0,17.0,,,,,,,,,,,,,,,,,,6608.0,1118.0,25.0,359.0,4515.0,23.0,2093.0,18.0,111.0,926.0,22.0,41.1,12.0,38.0,15.0,10.0,10.0,0.0,1.0,-4.0,222.0,301.0,203.0,247.0,224.0
Detroit Lions DST,2022,,DEF,DET,17.0,17.0,,,,,,,,,,,,,,,,,,6670.0,1076.0,22.0,377.0,4179.0,26.0,2491.0,22.0,103.0,818.0,33.0,41.2,11.9,39.0,12.0,10.0,12.0,1.0,1.0,-7.0,301.0,301.0,259.0,301.0,259.0
Indianapolis Colts DST,2022,,DEF,IND,17.0,17.0,,,,,,,,,,,,,,,,,,5678.0,1092.0,21.0,344.0,3569.0,25.0,2109.0,20.0,89.0,725.0,33.0,36.0,10.2,44.0,10.0,11.0,13.0,0.0,1.0,-6.0,136.0,147.0,67.0,144.0,123.5
Arizona Cardinals DST,2022,,DEF,ARI,17.0,17.0,,,,,,,,,,,,,,,,,,5931.0,1075.0,20.0,363.0,3915.0,29.0,2016.0,21.0,94.0,757.0,21.0,41.6,10.5,36.0,11.0,9.0,11.0,0.0,0.0,-10.0,301.0,301.0,191.0,276.0,233.5
Chicago Bears DST,2022,,DEF,CHI,17.0,17.0,,,,,,,,,,,,,,,,,,6390.0,1043.0,23.0,361.0,3716.0,22.0,2674.0,31.0,84.0,647.0,26.0,41.8,11.9,20.0,14.0,9.0,10.0,0.0,0.0,-12.0,301.0,301.0,223.0,272.0,247.5
