Player Name,Position,Team,Target_Standard,Predicted_Target
Lamar Jackson,QB,BAL,,302.5584
Josh Allen,QB,BUF,,269.43832
Brock Purdy,QB,SFO,,259.32785
Joe Burrow,QB,CIN,,253.95682
Jalen Hurts,QB,PHI,,253.29237
Justin Herbert,QB,LAC,,243.0476
C.J. Stroud,QB,HOU,,226.24388
Baker Mayfield,QB,TAM,,222.44084
Patrick Mahomes,QB,KAN,,217.97333
Jared Goff,QB,DET,,217.43
Kyler Murray,QB,ARI,,208.87805
Jordan Love,QB,GNB,,199.51776
Justin Jefferson,WR,MIN,,195.51349
Jahmyr Gibbs,RB,DET,,191.83904
Dak Prescott,QB,DAL,,187.91515
Matthew Stafford,QB,LAR,,187.56895
Geno Smith,QB,SEA,,183.55449
Bijan Robinson,RB,ATL,,182.57172
CeeDee Lamb,WR,DAL,,182.00597
Ja'Marr Chase,WR,CIN,,178.75664
Tua Tagovailoa,QB,MIA,,175.23085
Josh Jacobs,RB,GNB,,173.90044
Kirk Cousins,QB,ATL,,173.66635
De'Von Achane,RB,MIA,,172.96896
Derrick Henry,RB,BAL,,167.46098
Saquon Barkley,RB,PHI,,166.88824
Amon-Ra St. Brown,WR,DET,,164.79701
Trevor Lawrence,QB,JAX,,162.50555
David Montgomery,RB,DET,,162.17911
James Conner,RB,ARI,,159.5816
James Cook,RB,BUF,,159.48328
Tyreek Hill,WR,MIA,,157.6536
A.J. Brown,WR,PHI,,154.61934
Brandon Aubrey,K,DAL,,154.51825
Anthony Richardson,QB,IND,,152.5829
Davante Adams,WR,2TM,,151.67534
Aaron Rodgers,QB,NYJ,,148.88232
Christian McCaffrey,RB,SFO,,148.66632
Derek Carr,QB,NOR,,146.57379
Mike Evans,WR,TAM,,146.52184
Joe Mixon,RB,HOU,,143.98358
Russell Wilson,QB,PIT,,142.1782
Jordan Addison,WR,MIN,,138.75824
Jaxon Smith-Njigba,WR,SEA,,137.45671
Puka Nacua,WR,LAR,,136.65411
Jonathan Taylor,RB,IND,,135.9178
Najee Harris,RB,PIT,,133.28754
Bryce Young,QB,CAR,,133.2703
Jayden Reed,WR,GNB,,130.88611
Breece Hall,RB,NYJ,,130.79329
Tony Pollard,RB,TEN,,130.32097
Alvin Kamara,RB,NOR,,129.80043
Kenneth Walker III,RB,SEA,,128.60254
Garrett Wilson,WR,NYJ,,128.30418
Drake London,WR,ATL,,126.580154
Kyren Williams,RB,LAR,,126.05263
D.J. Moore,WR,CHI,,125.57395
Aaron Jones,RB,MIN,,123.47307
Dallas Cowboys DST,DEF,DAL,,123.07759
George Kittle,TE,SFO,,122.36826
Sam LaPorta,TE,DET,,122.16138
Zay Flowers,WR,BAL,,121.84026
DeVonta Smith,WR,PHI,,121.60941
Justin Tucker,K,BAL,,121.40025
D'Andre Swift,RB,CHI,,120.672005
D.K. Metcalf,WR,SEA,,119.9392
Blake Grupe,K,NOR,,118.957565
Jason Sanders,K,MIA,,118.71357
Rachaad White,RB,TAM,,118.3387
Terry McLaurin,WR,WAS,,118.12508
Stefon Diggs,WR,HOU,,117.86806
Cameron Dicker,K,LAC,,117.799515
Sam Darnold,QB,MIN,,114.85653
Tee Higgins,WR,CIN,,114.53341
Travis Kelce,TE,KAN,,114.46444
Travis Etienne,RB,JAX,,113.30424
Jake Elliott,K,PHI,,113.11104
Nico Collins,WR,HOU,,112.71614
Jakobi Meyers,WR,LVR,,112.66446
Younghoe Koo,K,ATL,,112.150566
Austin Ekeler,RB,WAS,,111.813484
Justin Fields,QB,PIT,,110.93936
Chris Boswell,K,PIT,,110.86411
Harrison Butker,K,KAN,,110.80968
Chase Brown,RB,CIN,,110.44495
Jake Moody,K,SFO,,110.174934
Evan McPherson,K,CIN,,109.535034
Rhamondre Stevenson,RB,NWE,,109.169525
Chuba Hubbard,RB,CAR,,108.84145
Courtland Sutton,WR,DEN,,108.51822
Ka'imi Fairbairn,K,HOU,,108.35164
Buffalo Bills DST,DEF,BUF,,108.33434
Matt Gay,K,IND,,108.09661
Brandon McManus,K,GNB,,107.467545
Baltimore Ravens DST,DEF,BAL,,107.38982
Chase McLaughlin,K,TAM,,107.15939
Rico Dowdle,RB,DAL,,107.01162
Wil Lutz,K,DEN,,106.87984
Jaylen Waddle,WR,MIA,,106.8676
Cairo Santos,K,CHI,,106.26897
Jason Myers,K,SEA,,106.16425
Will Levis,QB,TEN,,105.62399
Houston Texans DST,DEF,HOU,,105.55966
Jerry Jeudy,WR,CLE,,105.53362
Denver Broncos DST,DEF,DEN,,105.52912
Pittsburgh Steelers DST,DEF,PIT,,104.98351
Seattle Seahawks DST,DEF,SEA,,103.717255
Daniel Carlson,K,LVR,,103.26358
Nick Folk,K,TEN,,102.84901
Indianapolis Colts DST,DEF,IND,,102.33889
Zach Charbonnet,RB,SEA,,102.24786
Tyler Bass,K,BUF,,101.93656
Daniel Jones,QB,NYG,,100.902084
Philadelphia Eagles DST,DEF,PHI,,100.2799
Minnesota Vikings DST,DEF,MIN,,100.04799
Aidan O'Connell,QB,LVR,,99.64492
Miami Dolphins DST,DEF,MIA,,98.80871
Kansas City Chiefs DST,DEF,KAN,,98.746956
Cincinnati Bengals DST,DEF,CIN,,98.746956
Cleveland Browns DST,DEF,CLE,,98.746956
New York Jets DST,DEF,NYJ,,97.887985
San Francisco 49ers DST,DEF,SFO,,97.61091
Tampa Bay Buccaneers DST,DEF,TAM,,97.019295
Josh Downs,WR,IND,,96.8719
Amari Cooper,WR,2TM,,96.70181
Detroit Lions DST,DEF,DET,,96.5634
J.K. Dobbins,RB,LAC,,96.30639
Brian Robinson Jr.,RB,WAS,,96.221344
Mark Andrews,TE,BAL,,95.94937
Chicago Bears DST,DEF,CHI,,95.6517
Arizona Cardinals DST,DEF,ARI,,95.65087
Chad Ryland,K,ARI,,95.1685
New York Giants DST,DEF,NYG,,95.09345
Las Vegas Raiders DST,DEF,LVR,,94.73166
Cade York,K,2TM,,94.706726
Tyler Allgeier,RB,ATL,,94.33986
Cooper Kupp,WR,LAR,,94.09737
Keenan Allen,WR,CHI,,93.64848
Green Bay Packers DST,DEF,GNB,,93.40579
Los Angeles Chargers DST,DEF,LAC,,93.093666
New Orleans Saints DST,DEF,NOR,,92.64147
Washington Commanders DST,DEF,WAS,,92.64064
Brandon Aiyuk,WR,SFO,,92.27651
George Pickens,WR,PIT,,92.05928
Anders Carlson,K,2TM,,92.05919
Los Angeles Rams DST,DEF,LAR,,91.971146
Matt Prater,K,ARI,,91.902084
New England Patriots DST,DEF,NWE,,91.53617
Jacksonville Jaguars DST,DEF,JAX,,91.123795
Atlanta Falcons DST,DEF,ATL,,90.984314
Isiah Pacheco,RB,KAN,,90.6767
Greg Joseph,K,3TM,,90.40065
Joey Slye,K,NWE,,89.58669
Dustin Hopkins,K,CLE,,89.44913
Riley Patterson,K,3TM,,89.26703
Deebo Samuel,WR,SFO,,89.21694
Eddy PiÃ±eiro,K,CAR,,89.197
Michael Pittman Jr.,WR,IND,,88.96377
Raheem Mostert,RB,MIA,,88.13688
Tennessee Titans DST,DEF,TEN,,88.124756
Greg Zuerlein,K,NYJ,,88.12173
Mac Jones,QB,JAX,,85.499596
Caleb Williams,QB,CHI,,84.02404
Jameson Williams,WR,DET,,83.879135
Quentin Johnston,WR,LAC,,83.32509
Drake Maye,QB,NWE,,82.766426
Jaleel McLaughlin,RB,DEN,,82.75932
Trey McBride,TE,ARI,,81.774445
Chris Olave,WR,NOR,,81.5329
Sam Howell,QB,SEA,,80.97474
Carolina Panthers DST,DEF,CAR,,80.343124
Kareem Hunt,RB,KAN,,80.23484
Jayden Daniels,QB,WAS,,79.17479
Calvin Ridley,WR,TEN,,78.3484
Antonio Gibson,RB,NWE,,77.248314
Taysom Hill,TE,NOR,,76.84644
Chris Godwin,WR,TAM,,76.5627
Christian Watson,WR,GNB,,76.44392
Deshaun Watson,QB,CLE,,76.27297
Tucker Kraft,TE,GNB,,76.098045
Alec Pierce,WR,IND,,75.845695
Graham Gano,K,NYG,,75.65859
Marcus Mariota,QB,WAS,,75.50273
Tank Bigsby,RB,JAX,,74.12222
Tank Dell,WR,HOU,,73.91294
Jaylen Warren,RB,PIT,,73.73304
Romeo Doubs,WR,GNB,,73.25547
Nick Chubb,RB,CLE,,73.10413
Javonte Williams,RB,DEN,,72.77751
Cam Akers,RB,2TM,,72.695076
Tyjae Spears,RB,TEN,,72.16531
Andy Dalton,QB,CAR,,71.76765
Pat Freiermuth,TE,PIT,,70.90203
Wan'Dale Robinson,WR,NYG,,70.566086
Tre Tucker,WR,LVR,,70.423225
Tyler Lockett,WR,SEA,,70.315414
Joe Flacco,QB,IND,,69.503975
Dontayvion Wicks,WR,GNB,,69.35974
Jacoby Brissett,QB,NWE,,69.135605
Cole Kmet,TE,CHI,,68.8806
Zane Gonzalez,K,WAS,,68.80045
Jimmy Garoppolo,QB,LAR,,68.73763
Rashod Bateman,WR,BAL,,67.76079
Darnell Mooney,WR,ATL,,67.32576
Michael Wilson,WR,ARI,,67.18151
Josh Palmer,WR,LAC,,67.15053
Adam Thielen,WR,CAR,,66.867226
Jonnu Smith,TE,MIA,,66.359344
Dameon Pierce,RB,HOU,,66.037
Marvin Mims,WR,DEN,,66.034874
Demario Douglas,WR,NWE,,65.88664
David Njoku,TE,CLE,,65.69284
Cade Otton,TE,TAM,,65.6927
Devin Singletary,RB,NYG,,64.71173
Juwan Johnson,TE,NOR,,63.973454
Rashee Rice,WR,KAN,,63.959385
Khalil Shakir,WR,BUF,,63.44134
Alexander Mattison,RB,LVR,,63.434467
Allen Lazard,WR,NYJ,,62.531868
Jordan Mason,RB,SFO,,62.522694
Jauan Jennings,WR,SFO,,62.327232
Jerome Ford,RB,CLE,,62.230526
DeAndre Hopkins,WR,2TM,,62.150105
Kenny Pickett,QB,PHI,,61.179993
Kyle Pitts,TE,ATL,,60.942535
Davis Mills,QB,HOU,,60.51505
Bo Nix,QB,DEN,,60.13016
T.J. Hockenson,TE,MIN,,59.998905
Hunter Henry,TE,NWE,,59.910347
Zach Ertz,TE,WAS,,59.8837
Gardner Minshew II,QB,LVR,,59.792236
Isaiah Likely,TE,BAL,,59.16035
Nick Westbrook-Ikhine,WR,TEN,,58.408257
Jake Browning,QB,CIN,,58.029003
Ezekiel Elliott,RB,DAL,,57.768784
Gabriel Davis,WR,JAX,,57.623764
Rashid Shaheed,WR,NOR,,56.524673
Dalton Schultz,TE,HOU,,56.505123
Kenneth Gainwell,RB,PHI,,56.32436
Roschon Johnson,RB,CHI,,56.29303
Demarcus Robinson,WR,LAR,,56.25361
Matthew Wright,K,3TM,,55.32753
Dallas Goedert,TE,PHI,,54.94022
Jake Ferguson,TE,DAL,,54.684364
Austin Seibert,K,WAS,,54.391247
Christian Kirk,WR,JAX,,54.379013
Darius Slayton,WR,NYG,,53.6314
Andrei Iosivas,WR,CIN,,53.58548
Calvin Austin III,WR,PIT,,53.547424
Gus Edwards,RB,LAC,,52.90231
Miles Sanders,RB,CAR,,52.78055
Tim Patrick,WR,DET,,52.705017
Khalil Herbert,RB,2TM,,52.600555
Kayshon Boutte,WR,NWE,,52.072178
Evan Engram,TE,JAX,,52.06784
Chigoziem Okonkwo,TE,TEN,,51.999012
Tutu Atwell,WR,LAR,,51.967426
Elijah Moore,WR,CLE,,51.497
Justice Hill,RB,BAL,,51.164185
Tommy DeVito,QB,NYG,,51.09832
Dalton Kincaid,TE,BUF,,50.945995
Jamaal Williams,RB,NOR,,50.79296
Jalen Tolbert,WR,DAL,,50.652027
Olamide Zaccheaus,WR,WAS,,50.633583
Dalvin Cook,RB,DAL,,50.29456
Mack Hollins,WR,BUF,,49.96972
Noah Gray,TE,KAN,,49.39813
Zack Moss,RB,CIN,,49.20346
Diontae Johnson,WR,3TM,,48.75421
D'Onta Foreman,RB,CLE,,48.45116
Noah Fant,TE,SEA,,48.23497
Tyler Conklin,TE,NYJ,,47.922626
Samaje Perine,RB,KAN,,47.615776
Mike Gesicki,TE,CIN,,47.42844
Brandin Cooks,WR,DAL,,46.730976
Curtis Samuel,WR,BUF,,46.585987
Jahan Dotson,WR,PHI,,46.346153
Ray-Ray McCloud,WR,ATL,,45.4983
Mason Rudolph,QB,TEN,,45.403397
Tyler Boyd,WR,TEN,,44.38202
Keaton Mitchell,RB,BAL,,44.34613
Noah Brown,WR,WAS,,43.799515
Parker Washington,WR,JAX,,43.621876
Drew Lock,QB,NYG,,42.956936
Marquez Valdes-Scantling,WR,2TM,,42.505974
Emanuel Wilson,RB,GNB,,42.214195
Malik Willis,QB,GNB,,42.14634
Dawson Knox,TE,BUF,,41.905178
Cedric Tillman,WR,CLE,,41.40892
Jalen Nailor,WR,MIN,,41.28794
Cooper Rush,QB,DAL,,41.160618
Ty Johnson,RB,BUF,,40.75413
Ameer Abdullah,RB,LVR,,40.71685
Will Dissly,TE,LAC,,40.327637
Kendre Miller,RB,NOR,,40.314804
Sean Tucker,RB,TAM,,40.230053
Tyler Huntley,QB,MIA,,40.116856
Foster Moreau,TE,NOR,,40.113926
KaVontae Turpin,WR,DAL,,39.941906
Chris Rodriguez,RB,WAS,,39.711193
Colby Parkinson,TE,LAR,,39.593304
Austin Hooper,TE,NWE,,39.49104
Mike Williams,WR,2TM,,39.288315
Greg Dortch,WR,ARI,,39.192913
Mitchell Trubisky,QB,BUF,,39.14543
Taylor Heinicke,QB,LAC,,39.105755
Cordarrelle Patterson,RB,PIT,,39.069263
JuJu Smith-Schuster,WR,KAN,,39.005444
Desmond Ridder,QB,LVR,,38.35075
Tommy Tremble,TE,CAR,,38.289078
Michael Penix,QB,ATL,,37.854496
Emari Demercado,RB,ARI,,37.766132
Carson Wentz,QB,KAN,,37.666412
Joshua Kelley,RB,TEN,,37.63001
Joshua Dobbs,QB,SFO,,37.202675
Bucky Irving,RB,TAM,,36.88383
Michael Carter,RB,ARI,,36.621773
Jordan Akins,TE,CLE,,36.492115
Jeff Wilson,RB,MIA,,35.439724
Trey Palmer,WR,TAM,,35.13723
Dyami Brown,WR,WAS,,34.83208
Trey Benson,RB,ARI,,34.654385
Myles Gaskin,RB,MIN,,34.578182
Josh Oliver,TE,MIN,,34.18447
Adonai Mitchell,WR,IND,,34.173527
Luke Schoonmaker,TE,DAL,,34.08936
Van Jefferson,WR,PIT,,34.07284
Kendrick Bourne,WR,NWE,,33.90002
Brian Thomas,WR,JAX,,33.40754
Xavier Worthy,WR,KAN,,33.286324
Parris Campbell,WR,PHI,,33.17094
Ty Chandler,RB,MIN,,32.984554
Clyde Edwards-Helaire,RB,NOR,,32.92927
Marquise Brown,WR,KAN,,32.924007
Joe Milton,QB,NWE,,32.764225
Marvin Harrison Jr.,WR,ARI,,32.579727
K.J. Osborn,WR,NWE,,32.45912
Brenton Strange,TE,JAX,,32.344353
Jameis Winston,QB,CLE,,31.875328
Trey Lance,QB,DAL,,31.581396
Justin Watson,WR,KAN,,31.227364
John Metchie,WR,HOU,,31.136057
Michael Mayer,TE,LVR,,30.836159
Josh Whyle,TE,TEN,,30.588242
Jalen Brooks,WR,DAL,,30.397219
Tyler Goodson,RB,IND,,30.328697
DJ Chark,WR,LAC,,30.320715
Cam Little,K,JAX,,30.28566
Tyler Johnson,WR,LAR,,30.282335
Josh Reynolds,WR,2TM,,30.231411
Spencer Rattler,QB,NOR,,30.223692
Rome Odunze,WR,CHI,,30.129131
Greg Dulcich,TE,DEN,,30.117971
Kyle Juszczyk,RB,SFO,,30.082067
Lil'Jordan Humphrey,WR,DEN,,30.04684
Elijah Higgins,TE,ARI,,29.978397
Pierre Strong,RB,CLE,,29.67836
Skylar Thompson,QB,MIA,,29.666311
Nelson Agholor,WR,BAL,,29.201092
Zay Jones,WR,ARI,,29.200018
Brock Wright,TE,DET,,29.071833
Malik Heath,WR,GNB,,29.050844
Tim Boyle,QB,2TM,,29.00392
Odell Beckham Jr.,WR,MIA,,28.804537
Darnell Washington,TE,PIT,,28.655083
Bo Melton,WR,GNB,,28.647215
Keon Coleman,WR,BUF,,28.630226
Chris Brooks,RB,GNB,,28.44722
Tyson Bagent,QB,CHI,,28.431139
Tyquan Thornton,WR,NWE,,28.194448
Isaiah Hodgins,WR,NYG,,28.126802
Jake Haener,QB,NOR,,28.007502
Harrison Bryant,TE,LVR,,27.988983
Dare Ogunbowale,RB,HOU,,27.950392
Mecole Hardman,WR,KAN,,27.938892
Daniel Bellinger,TE,NYG,,27.708567
Jake Bobo,WR,SEA,,27.586008
Terrace Marshall Jr.,WR,LVR,,27.517126
Malik Nabers,WR,NYG,,27.418125
Jonathan Mingo,WR,2TM,,27.367691
Jake Bates,K,DET,,27.29523
David Bell,WR,CLE,,27.258493
Tyler Higbee,TE,LAR,,27.217646
Jase McClellan,RB,ATL,,27.176126
Hunter Luepke,RB,DAL,,27.134865
Trent Sherfield,WR,MIN,,27.10351
Sterling Shepard,WR,TAM,,27.071352
Treylon Burks,WR,TEN,,27.061548
Ashton Dulin,WR,IND,,27.000229
Kadarius Toney,WR,CLE,,26.81087
Brock Bowers,TE,LVR,,26.682983
Derius Davis,WR,LAC,,26.667849
Laviska Shenault Jr.,WR,SEA,,26.411465
Jonathon Brooks,RB,CAR,,26.355917
Andrew Ogletree,TE,IND,,26.343628
Hassan Haskins,RB,LAC,,26.30257
Audric Estime,RB,DEN,,26.282928
Kylen Granson,TE,IND,,26.234707
John Parker Romo,K,MIN,,26.220259
Devin Duvernay,WR,JAX,,26.200933
Nate Adkins,TE,DEN,,26.055052
Zamir White,RB,LVR,,25.975021
Kameron Johnson,WR,TAM,,25.79876
Jarrett Stidham,QB,DEN,,25.707422
Jamycal Hasty,RB,NWE,,25.539066
Jaylen Wright,RB,MIA,,25.537798
Deuce Vaughn,RB,DAL,,25.511036
Grant Calcaterra,TE,PHI,,25.432066
Adam Trautman,TE,DEN,,25.358074
Malachi Corley,WR,NYJ,,25.268177
Ben Skowronek,WR,PIT,,25.261644
Gerald Everett,TE,CHI,,25.23724
David Moore,WR,CAR,,25.196766
Jeremy McNichols,RB,WAS,,24.92078
Xavier Legette,WR,CAR,,24.838266
Jalen Coker,WR,CAR,,24.80279
Kalif Raymond,WR,DET,,24.795736
Xavier Gipson,WR,NYJ,,24.793036
Patrick Taylor,RB,SFO,,24.753376
Hayden Hurst,TE,LAC,,24.708273
Connor Heyward,TE,PIT,,24.561317
Spencer Shrader,K,3TM,,24.487497
Cedrick Wilson Jr.,WR,NOR,,24.389782
Dante Pettis,WR,NOR,,24.272207
Jude McAtamney,K,NYG,,24.267332
Raheem Blackshear,RB,CAR,,24.233511
Joshua Karty,K,LAR,,24.13696
DeAndre Carter,WR,CHI,,24.127369
Troy Franklin,WR,DEN,,24.023056
Mo Alie-Cox,TE,IND,,24.01075
Jalin Hyatt,WR,NYG,,23.734783
Luke Musgrave,TE,GNB,,23.628174
Ja'Tavion Sanders,TE,CAR,,23.538015
Trey Sermon,RB,IND,,23.530226
Ladd McConkey,WR,LAC,,23.491
Scott Miller,WR,PIT,,23.405106
Skyy Moore,WR,KAN,,23.309458
Craig Reynolds,RB,DET,,23.122213
Lucas Krull,TE,DEN,,23.08446
Carson Steele,RB,KAN,,23.073378
Dorian Thompson-Robinson,QB,CLE,,22.903654
Johnny Mundt,TE,MIN,,22.815432
Tanner McKee,QB,PHI,,22.752266
Mike White,QB,BUF,,22.673906
Payne Durham,TE,TAM,,22.617495
Will Shipley,RB,PHI,,22.593878
Tyrod Taylor,QB,NYJ,,22.539242
KhaDarel Hodge,WR,ATL,,22.336542
Javon Baker,WR,NWE,,22.279856
Anthony Miller,WR,BAL,,22.279825
DJ Turner,WR,LVR,,22.188782
Braelon Allen,RB,NYJ,,22.128864
Jermar Jefferson,RB,DET,,22.102581
Jalen McMillan,WR,TAM,,22.050297
DeeJay Dallas,RB,ARI,,21.988174
MyCole Pruitt,TE,PIT,,21.84002
Terrell Jennings,RB,NWE,,21.818628
Stone Smartt,TE,LAC,,21.81649
Robert Woods,WR,HOU,,21.808525
Isaac Guerendo,RB,SFO,,21.6985
Ja'Lynn Polk,WR,NWE,,21.620716
Sincere McCormick,RB,LVR,,21.601906
Ben Sinnott,TE,WAS,,21.500248
Isaiah Davis,RB,NYJ,,21.416357
AJ Barner,TE,SEA,,21.298151
Tyrone Tracy Jr.,RB,NYG,,21.232826
Mitch Wishnowsky,K,SFO,,21.010199
Tony Jones,RB,ARI,,20.973309
Josh Johnson,QB,BAL,,20.963564
Alec Ingold,RB,MIA,,20.863966
Charlie Kolar,TE,BAL,,20.829855
Hendon Hooker,QB,DET,,20.542791
MarShawn Lloyd,RB,GNB,,20.484068
Ronnie Rivers,RB,LAR,,20.329584
Will Reichard,K,MIN,,20.209513
D'Ernest Johnson,RB,JAX,,20.187206
Kyle Trask,QB,TAM,,19.904726
Rasheen Ali,RB,BAL,,19.877058
Kyle Allen,QB,PIT,,19.858961
Ronnie Bell,WR,SFO,,19.540903
Tyler Badie,RB,DEN,,19.530071
Xavier Hutchinson,WR,HOU,,19.521034
Clayton Tune,QB,ARI,,19.412909
Nick Vannett,TE,TEN,,19.404257
Grant Dubose,WR,MIA,,19.388882
Peyton Hendershot,TE,KAN,,19.356688
Ricky Pearsall,WR,SFO,,19.290125
Rakim Jarrett,WR,TAM,,19.257992
Kimani Vidal,RB,LAC,,19.257824
Jordan Matthews,TE,CAR,,19.214178
Malik Washington,WR,MIA,,19.14052
Tylan Wallace,WR,BAL,,19.083885
Isaiah Williams,WR,DET,,19.074545
Travis Homer,RB,CHI,,19.074
Davis Allen,TE,LAR,,18.978373
Brandon Allen,QB,SFO,,18.801527
Brevyn Spann-Ford,TE,DAL,,18.695808
Braxton Berrios,WR,MIA,,18.639742
Kenny McIntosh,RB,SEA,,18.591984
Brayden Narveson,K,2TM,,18.578539
Bailey Zappe,QB,CLE,,18.550264
Drew Sample,TE,CIN,,18.502586
Chris Oladokun,QB,KAN,,18.46357
C.J. Ham,RB,MIN,,18.409632
Erik Ezukanma,WR,MIA,,18.280584
Jacob Cowing,WR,SFO,,18.212189
Tyreik McAllister,WR,LVR,,18.209835
Tyrion Davis-Price,RB,PHI,,18.163427
Theo Johnson,TE,NYG,,18.141537
Robbie Chosen,WR,MIA,,18.044016
Allen Robinson,WR,DET,,18.019724
Jack Browning,K,TAM,,17.998995
Brevin Jordan,TE,HOU,,17.925447
Julius Chestnut,RB,TEN,,17.722122
Aaron Shampklin,RB,PIT,,17.711298
Trenton Irwin,WR,CIN,,17.698484
Bub Means,WR,NOR,,17.690414
Xavier Weaver,WR,ARI,,17.663347
Baylor Cupp,TE,KAN,,17.663347
Jacob Kibodi,RB,CLE,,17.620354
Andrew Beck,RB,2TM,,17.594133
Tyler Scott,WR,CHI,,17.583822
Ryan Flournoy,WR,DAL,,17.544577
Kevin Austin,WR,NOR,,17.48471
Chris Collier,RB,LVR,,17.350773
Ainias Smith,WR,PHI,,17.330156
Jalen Reagor,WR,LAC,,17.316507
Jermaine Jackson,WR,NOR,,17.305338
River Cracraft,WR,MIA,,17.126186
Brenden Bates,TE,CLE,,17.049463
Kristian Wilkerson,WR,LVR,,16.992731
Velus Jones Jr.,WR,2TM,,16.990143
Eric Saubert,TE,SFO,,16.95103
Devontez Walker,WR,BAL,,16.880884
Jordan Mims,RB,NOR,,16.87342
Brandon Powell,WR,MIN,,16.824772
Durham Smythe,TE,MIA,,16.730825
Casey Washington,WR,ATL,,16.693861
Ethan Evans,K,LAR,,16.580872
Jermaine Burton,WR,CIN,,16.524458
Tanner Hudson,TE,CIN,,16.47857
Johnny Wilson,WR,PHI,,16.47705
Jake Camarda,K,TAM,,16.458967
Ray Davis,RB,BUF,,16.44351
Quintin Morris,TE,BUF,,16.425114
Sione Vaki,RB,DET,,16.30051
Michael Woods II,WR,CLE,,16.271986
Brycen Tremayne,WR,WAS,,16.222933
Ke'Shawn Vaughn,RB,SFO,,16.21744
Anthony Gould,WR,IND,,16.192276
Pharaoh Brown,TE,SEA,,16.188261
Darrynton Evans,RB,CHI,,16.14409
Luke McCaffrey,WR,WAS,,16.097515
Jonathan Ward,RB,PIT,,16.060606
Jordan Whittington,WR,LAR,,15.995736
Blake Watson,RB,DEN,,15.969295
Cody Schrader,RB,LAR,,15.950527
John Bates,TE,WAS,,15.946366
Mike Boone,RB,CAR,,15.944866
Zach Davidson,TE,BUF,,15.930404
Justyn Ross,WR,KAN,,15.91557
Jaheim Bell,TE,NWE,,15.909175
Julian Hill,TE,MIA,,15.905871
Jha'Quan Jackson,WR,TEN,,15.825029
Kendric Pryor,WR,CIN,,15.735661
Tip Reiman,TE,ARI,,15.714432
Brandon Johnson,WR,PIT,,15.699566
Jamie Gillan,K,NYG,,15.624967
Cade Stover,TE,HOU,,15.505753
Jody Fortson,TE,KAN,,15.442078
J.J. Taylor,RB,HOU,,15.387169
Shane Zylstra,TE,DET,,15.363766
Jack Fox,K,DET,,15.352938
Tyrell Shavers,WR,BUF,,15.326603
Ramel Keyton,WR,LVR,,15.197125
Trenton Gill,K,TAM,,15.19175
Blake Corum,RB,LAR,,15.109543
Jamari Thrash,WR,CLE,,15.004609
Deven Thompkins,WR,CAR,,14.955319
Cody White,WR,SEA,,14.928602
Dylan Laube,RB,LVR,,14.902194
Brayden Willis,TE,SFO,,14.882499
Jared Wiley,TE,KAN,,14.767401
Jeremy Ruckert,TE,NYJ,,14.738138
George Holani,RB,SEA,,14.725878
Tanner Conner,TE,MIA,,14.721693
Will Mallory,TE,IND,,14.70077
British Brooks,RB,HOU,,14.687498
Eric Gray,RB,NYG,,14.662747
Cam Grandy,TE,CIN,,14.622847
Erick All,TE,CIN,,14.618666
Ryan Miller,WR,TAM,,14.5378
Mason Tipton,WR,NOR,,14.510432
Ryan Wright,K,MIN,,14.38751
Tom Kennedy,WR,DET,,14.38743
Jamison Crowder,WR,WAS,,14.3846655
Dallin Holker,TE,NOR,,14.295539
Blake Whiteheart,TE,CLE,,14.295539
Kenny Yeboah,TE,NYJ,,14.274297
Nikko Remigio,WR,KAN,,14.266154
John FitzPatrick,TE,GNB,,14.256347
David Martin-Robinson,TE,TEN,,14.2037
Jack Stoll,TE,PHI,,14.1616955
Tucker Fisk,TE,LAC,,14.112934
Mason Kinsey,WR,TEN,,14.090583
Devin Culp,TE,TAM,,13.998922
E.J. Jenkins,TE,PHI,,13.988833
Stephen Sullivan,TE,CAR,,13.96575
Tay Martin,WR,TEN,,13.923419
Reggie Gilliam,RB,BUF,,13.884792
Dareke Young,WR,SEA,,13.823928
John Samuel Shenker,TE,LVR,,13.794091
Simi Fehoko,WR,LAC,,13.703498
Bryce Oliver,WR,TEN,,13.671615
Charlie Jones,WR,CIN,,13.626968
Jaelon Darden,WR,CLE,,13.591793
Nick Mullens,QB,MIN,,13.588523
Steven Sims,WR,HOU,,13.5778675
Jordan Stout,K,BAL,,13.558759
Austin Trammell,WR,JAX,,13.558309
Ben Sims,TE,GNB,,13.383744
Chris Blair,WR,ATL,,13.249053
Hunter Long,TE,LAR,,13.1835575
Daniel Whelan,K,GNB,,13.163846
Ian Thomas,TE,CAR,,13.126432
Adam Prentice,RB,NOR,,13.124685
Matthew Hayball,K,NOR,,13.096833
Michael Burton,RB,DEN,,12.971216
AJ Cole III,K,LVR,,12.96522
Irvin Charles,WR,NYJ,,12.957087
Xavier Smith,WR,LAR,,12.601027
Jake Bailey,K,MIA,,12.581243
Alex Bachman,WR,LVR,,12.454604
Dan Chisena,WR,CAR,,12.352855
Trent Taylor,WR,SFO,,12.315697
Britain Covey,WR,PHI,,12.264955
D'Wayne Eskridge,WR,MIA,,12.213125
James Proche,WR,CLE,,12.208167
Tory Taylor,K,CHI,,12.144875
Braden Mann,K,PHI,,12.144875
Devaughn Vele,WR,DEN,,11.908285
Feleipe Franks,TE,CAR,,11.906639
Patrick Ricard,RB,BAL,,11.8840065
Collin Johnson,WR,CHI,,11.689253
Charlie Woerner,TE,ATL,,11.681996
Marcedes Lewis,TE,CHI,,11.67263
Bryan Anger,K,DAL,,11.032315
Tim Jones,WR,JAX,,10.982964
Luke Farrell,TE,JAX,,10.696325
JK Scott,K,LAC,,10.686072
Geoff Swaim,TE,CLE,,10.594559
Josiah Deguara,TE,JAX,,10.121242
Chris Conley,WR,SFO,,10.0338955
Riley Dixon,K,DEN,,10.014607
Rigoberto Sanchez,K,IND,,9.938663
Bradley Pinion,K,ATL,,9.938663
Thomas Morstead,K,NYJ,,9.469681
Johnny Hekker,K,CAR,,9.469681
Eric Tomlinson,TE,LAC,,9.356706
Chris Manhertz,TE,NYG,,8.885626
Ross Dwelley,TE,ATL,,8.573789
Logan Cooke,K,JAX,,8.397801
John Ross,WR,PHI,,6.7508864
